[2025-11-25 11:45:15] local.ERROR: Target class [ProductController] does not exist. {"userId":1,"exception":"[object] (Illuminate\\Contracts\\Container\\BindingResolutionException(code: 0): Target class [ProductController] does not exist. at E:\\SEMESTER 5\\Pemrograman Framework\\BELAJAR\\Inventory_system\\vendor\\laravel\\framework\\src\\Illuminate\\Container\\Container.php:1163)
[stacktrace]
#0 E:\\SEMESTER 5\\Pemrograman Framework\\BELAJAR\\Inventory_system\\vendor\\laravel\\framework\\src\\Illuminate\\Container\\Container.php(972): Illuminate\\Container\\Container->build('ProductControll...')
#1 E:\\SEMESTER 5\\Pemrograman Framework\\BELAJAR\\Inventory_system\\vendor\\laravel\\framework\\src\\Illuminate\\Foundation\\Application.php(1078): Illuminate\\Container\\Container->resolve('ProductControll...', Array, true)
#2 E:\\SEMESTER 5\\Pemrograman Framework\\BELAJAR\\Inventory_system\\vendor\\laravel\\framework\\src\\Illuminate\\Container\\Container.php(903): Illuminate\\Foundation\\Application->resolve('ProductControll...', Array)
#3 E:\\SEMESTER 5\\Pemrograman Framework\\BELAJAR\\Inventory_system\\vendor\\laravel\\framework\\src\\Illuminate\\Foundation\\Application.php(1058): Illuminate\\Container\\Container->make('ProductControll...', Array)
#4 E:\\SEMESTER 5\\Pemrograman Framework\\BELAJAR\\Inventory_system\\vendor\\laravel\\framework\\src\\Illuminate\\Routing\\Route.php(286): Illuminate\\Foundation\\Application->make('ProductControll...')
#5 E:\\SEMESTER 5\\Pemrograman Framework\\BELAJAR\\Inventory_system\\vendor\\laravel\\framework\\src\\Illuminate\\Routing\\Route.php(266): Illuminate\\Routing\\Route->getController()
#6 E:\\SEMESTER 5\\Pemrograman Framework\\BELAJAR\\Inventory_system\\vendor\\laravel\\framework\\src\\Illuminate\\Routing\\Route.php(211): Illuminate\\Routing\\Route->runController()
#7 E:\\SEMESTER 5\\Pemrograman Framework\\BELAJAR\\Inventory_system\\vendor\\laravel\\framework\\src\\Illuminate\\Routing\\Router.php(822): Illuminate\\Routing\\Route->run()
#8 E:\\SEMESTER 5\\Pemrograman Framework\\BELAJAR\\Inventory_system\\vendor\\laravel\\framework\\src\\Illuminate\\Pipeline\\Pipeline.php(180): Illuminate\\Routing\\Router->Illuminate\\Routing\\{closure}(Object(Illuminate\\Http\\Request))
#9 E:\\SEMESTER 5\\Pemrograman Framework\\BELAJAR\\Inventory_system\\vendor\\laravel\\framework\\src\\Illuminate\\Routing\\Middleware\\SubstituteBindings.php(50): Illuminate\\Pipeline\\Pipeline->Illuminate\\Pipeline\\{closure}(Object(Illuminate\\Http\\Request))
#10 E:\\SEMESTER 5\\Pemrograman Framework\\BELAJAR\\Inventory_system\\vendor\\laravel\\framework\\src\\Illuminate\\Pipeline\\Pipeline.php(219): Illuminate\\Routing\\Middleware\\SubstituteBindings->handle(Object(Illuminate\\Http\\Request), Object(Closure))
#11 E:\\SEMESTER 5\\Pemrograman Framework\\BELAJAR\\Inventory_system\\vendor\\laravel\\framework\\src\\Illuminate\\Auth\\Middleware\\Authenticate.php(63): Illuminate\\Pipeline\\Pipeline->Illuminate\\Pipeline\\{closure}(Object(Illuminate\\Http\\Request))
#12 E:\\SEMESTER 5\\Pemrograman Framework\\BELAJAR\\Inventory_system\\vendor\\laravel\\framework\\src\\Illuminate\\Pipeline\\Pipeline.php(219): Illuminate\\Auth\\Middleware\\Authenticate->handle(Object(Illuminate\\Http\\Request), Object(Closure))
#13 E:\\SEMESTER 5\\Pemrograman Framework\\BELAJAR\\Inventory_system\\vendor\\laravel\\framework\\src\\Illuminate\\Foundation\\Http\\Middleware\\VerifyCsrfToken.php(87): Illuminate\\Pipeline\\Pipeline->Illuminate\\Pipeline\\{closure}(Object(Illuminate\\Http\\Request))
#14 E:\\SEMESTER 5\\Pemrograman Framework\\BELAJAR\\Inventory_system\\vendor\\laravel\\framework\\src\\Illuminate\\Pipeline\\Pipeline.php(219): Illuminate\\Foundation\\Http\\Middleware\\VerifyCsrfToken->handle(Object(Illuminate\\Http\\Request), Object(Closure))
#15 E:\\SEMESTER 5\\Pemrograman Framework\\BELAJAR\\Inventory_system\\vendor\\laravel\\framework\\src\\Illuminate\\View\\Middleware\\ShareErrorsFromSession.php(48): Illuminate\\Pipeline\\Pipeline->Illuminate\\Pipeline\\{closure}(Object(Illuminate\\Http\\Request))
#16 E:\\SEMESTER 5\\Pemrograman Framework\\BELAJAR\\Inventory_system\\vendor\\laravel\\framework\\src\\Illuminate\\Pipeline\\Pipeline.php(219): Illuminate\\View\\Middleware\\ShareErrorsFromSession->handle(Object(Illuminate\\Http\\Request), Object(Closure))
#17 E:\\SEMESTER 5\\Pemrograman Framework\\BELAJAR\\Inventory_system\\vendor\\laravel\\framework\\src\\Illuminate\\Session\\Middleware\\StartSession.php(120): Illuminate\\Pipeline\\Pipeline->Illuminate\\Pipeline\\{closure}(Object(Illuminate\\Http\\Request))
#18 E:\\SEMESTER 5\\Pemrograman Framework\\BELAJAR\\Inventory_system\\vendor\\laravel\\framework\\src\\Illuminate\\Session\\Middleware\\StartSession.php(63): Illuminate\\Session\\Middleware\\StartSession->handleStatefulRequest(Object(Illuminate\\Http\\Request), Object(Illuminate\\Session\\Store), Object(Closure))
#19 E:\\SEMESTER 5\\Pemrograman Framework\\BELAJAR\\Inventory_system\\vendor\\laravel\\framework\\src\\Illuminate\\Pipeline\\Pipeline.php(219): Illuminate\\Session\\Middleware\\StartSession->handle(Object(Illuminate\\Http\\Request), Object(Closure))
#20 E:\\SEMESTER 5\\Pemrograman Framework\\BELAJAR\\Inventory_system\\vendor\\laravel\\framework\\src\\Illuminate\\Cookie\\Middleware\\AddQueuedCookiesToResponse.php(36): Illuminate\\Pipeline\\Pipeline->Illuminate\\Pipeline\\{closure}(Object(Illuminate\\Http\\Request))
#21 E:\\SEMESTER 5\\Pemrograman Framework\\BELAJAR\\Inventory_system\\vendor\\laravel\\framework\\src\\Illuminate\\Pipeline\\Pipeline.php(219): Illuminate\\Cookie\\Middleware\\AddQueuedCookiesToResponse->handle(Object(Illuminate\\Http\\Request), Object(Closure))
#22 E:\\SEMESTER 5\\Pemrograman Framework\\BELAJAR\\Inventory_system\\vendor\\laravel\\framework\\src\\Illuminate\\Cookie\\Middleware\\EncryptCookies.php(74): Illuminate\\Pipeline\\Pipeline->Illuminate\\Pipeline\\{closure}(Object(Illuminate\\Http\\Request))
#23 E:\\SEMESTER 5\\Pemrograman Framework\\BELAJAR\\Inventory_system\\vendor\\laravel\\framework\\src\\Illuminate\\Pipeline\\Pipeline.php(219): Illuminate\\Cookie\\Middleware\\EncryptCookies->handle(Object(Illuminate\\Http\\Request), Object(Closure))
#24 E:\\SEMESTER 5\\Pemrograman Framework\\BELAJAR\\Inventory_system\\vendor\\laravel\\framework\\src\\Illuminate\\Pipeline\\Pipeline.php(137): Illuminate\\Pipeline\\Pipeline->Illuminate\\Pipeline\\{closure}(Object(Illuminate\\Http\\Request))
#25 E:\\SEMESTER 5\\Pemrograman Framework\\BELAJAR\\Inventory_system\\vendor\\laravel\\framework\\src\\Illuminate\\Routing\\Router.php(821): Illuminate\\Pipeline\\Pipeline->then(Object(Closure))
#26 E:\\SEMESTER 5\\Pemrograman Framework\\BELAJAR\\Inventory_system\\vendor\\laravel\\framework\\src\\Illuminate\\Routing\\Router.php(800): Illuminate\\Routing\\Router->runRouteWithinStack(Object(Illuminate\\Routing\\Route), Object(Illuminate\\Http\\Request))
#27 E:\\SEMESTER 5\\Pemrograman Framework\\BELAJAR\\Inventory_system\\vendor\\laravel\\framework\\src\\Illuminate\\Routing\\Router.php(764): Illuminate\\Routing\\Router->runRoute(Object(Illuminate\\Http\\Request), Object(Illuminate\\Routing\\Route))
#28 E:\\SEMESTER 5\\Pemrograman Framework\\BELAJAR\\Inventory_system\\vendor\\laravel\\framework\\src\\Illuminate\\Routing\\Router.php(753): Illuminate\\Routing\\Router->dispatchToRoute(Object(Illuminate\\Http\\Request))
#29 E:\\SEMESTER 5\\Pemrograman Framework\\BELAJAR\\Inventory_system\\vendor\\laravel\\framework\\src\\Illuminate\\Foundation\\Http\\Kernel.php(200): Illuminate\\Routing\\Router->dispatch(Object(Illuminate\\Http\\Request))
#30 E:\\SEMESTER 5\\Pemrograman Framework\\BELAJAR\\Inventory_system\\vendor\\laravel\\framework\\src\\Illuminate\\Pipeline\\Pipeline.php(180): Illuminate\\Foundation\\Http\\Kernel->Illuminate\\Foundation\\Http\\{closure}(Object(Illuminate\\Http\\Request))
#31 E:\\SEMESTER 5\\Pemrograman Framework\\BELAJAR\\Inventory_system\\vendor\\laravel\\framework\\src\\Illuminate\\Foundation\\Http\\Middleware\\TransformsRequest.php(21): Illuminate\\Pipeline\\Pipeline->Illuminate\\Pipeline\\{closure}(Object(Illuminate\\Http\\Request))
#32 E:\\SEMESTER 5\\Pemrograman Framework\\BELAJAR\\Inventory_system\\vendor\\laravel\\framework\\src\\Illuminate\\Foundation\\Http\\Middleware\\ConvertEmptyStringsToNull.php(31): Illuminate\\Foundation\\Http\\Middleware\\TransformsRequest->handle(Object(Illuminate\\Http\\Request), Object(Closure))
#33 E:\\SEMESTER 5\\Pemrograman Framework\\BELAJAR\\Inventory_system\\vendor\\laravel\\framework\\src\\Illuminate\\Pipeline\\Pipeline.php(219): Illuminate\\Foundation\\Http\\Middleware\\ConvertEmptyStringsToNull->handle(Object(Illuminate\\Http\\Request), Object(Closure))
#34 E:\\SEMESTER 5\\Pemrograman Framework\\BELAJAR\\Inventory_system\\vendor\\laravel\\framework\\src\\Illuminate\\Foundation\\Http\\Middleware\\TransformsRequest.php(21): Illuminate\\Pipeline\\Pipeline->Illuminate\\Pipeline\\{closure}(Object(Illuminate\\Http\\Request))
#35 E:\\SEMESTER 5\\Pemrograman Framework\\BELAJAR\\Inventory_system\\vendor\\laravel\\framework\\src\\Illuminate\\Foundation\\Http\\Middleware\\TrimStrings.php(51): Illuminate\\Foundation\\Http\\Middleware\\TransformsRequest->handle(Object(Illuminate\\Http\\Request), Object(Closure))
#36 E:\\SEMESTER 5\\Pemrograman Framework\\BELAJAR\\Inventory_system\\vendor\\laravel\\framework\\src\\Illuminate\\Pipeline\\Pipeline.php(219): Illuminate\\Foundation\\Http\\Middleware\\TrimStrings->handle(Object(Illuminate\\Http\\Request), Object(Closure))
#37 E:\\SEMESTER 5\\Pemrograman Framework\\BELAJAR\\Inventory_system\\vendor\\laravel\\framework\\src\\Illuminate\\Http\\Middleware\\ValidatePostSize.php(27): Illuminate\\Pipeline\\Pipeline->Illuminate\\Pipeline\\{closure}(Object(Illuminate\\Http\\Request))
#38 E:\\SEMESTER 5\\Pemrograman Framework\\BELAJAR\\Inventory_system\\vendor\\laravel\\framework\\src\\Illuminate\\Pipeline\\Pipeline.php(219): Illuminate\\Http\\Middleware\\ValidatePostSize->handle(Object(Illuminate\\Http\\Request), Object(Closure))
#39 E:\\SEMESTER 5\\Pemrograman Framework\\BELAJAR\\Inventory_system\\vendor\\laravel\\framework\\src\\Illuminate\\Foundation\\Http\\Middleware\\PreventRequestsDuringMaintenance.php(109): Illuminate\\Pipeline\\Pipeline->Illuminate\\Pipeline\\{closure}(Object(Illuminate\\Http\\Request))
#40 E:\\SEMESTER 5\\Pemrograman Framework\\BELAJAR\\Inventory_system\\vendor\\laravel\\framework\\src\\Illuminate\\Pipeline\\Pipeline.php(219): Illuminate\\Foundation\\Http\\Middleware\\PreventRequestsDuringMaintenance->handle(Object(Illuminate\\Http\\Request), Object(Closure))
#41 E:\\SEMESTER 5\\Pemrograman Framework\\BELAJAR\\Inventory_system\\vendor\\laravel\\framework\\src\\Illuminate\\Http\\Middleware\\HandleCors.php(48): Illuminate\\Pipeline\\Pipeline->Illuminate\\Pipeline\\{closure}(Object(Illuminate\\Http\\Request))
#42 E:\\SEMESTER 5\\Pemrograman Framework\\BELAJAR\\Inventory_system\\vendor\\laravel\\framework\\src\\Illuminate\\Pipeline\\Pipeline.php(219): Illuminate\\Http\\Middleware\\HandleCors->handle(Object(Illuminate\\Http\\Request), Object(Closure))
#43 E:\\SEMESTER 5\\Pemrograman Framework\\BELAJAR\\Inventory_system\\vendor\\laravel\\framework\\src\\Illuminate\\Http\\Middleware\\TrustProxies.php(58): Illuminate\\Pipeline\\Pipeline->Illuminate\\Pipeline\\{closure}(Object(Illuminate\\Http\\Request))
#44 E:\\SEMESTER 5\\Pemrograman Framework\\BELAJAR\\Inventory_system\\vendor\\laravel\\framework\\src\\Illuminate\\Pipeline\\Pipeline.php(219): Illuminate\\Http\\Middleware\\TrustProxies->handle(Object(Illuminate\\Http\\Request), Object(Closure))
#45 E:\\SEMESTER 5\\Pemrograman Framework\\BELAJAR\\Inventory_system\\vendor\\laravel\\framework\\src\\Illuminate\\Foundation\\Http\\Middleware\\InvokeDeferredCallbacks.php(22): Illuminate\\Pipeline\\Pipeline->Illuminate\\Pipeline\\{closure}(Object(Illuminate\\Http\\Request))
#46 E:\\SEMESTER 5\\Pemrograman Framework\\BELAJAR\\Inventory_system\\vendor\\laravel\\framework\\src\\Illuminate\\Pipeline\\Pipeline.php(219): Illuminate\\Foundation\\Http\\Middleware\\InvokeDeferredCallbacks->handle(Object(Illuminate\\Http\\Request), Object(Closure))
#47 E:\\SEMESTER 5\\Pemrograman Framework\\BELAJAR\\Inventory_system\\vendor\\laravel\\framework\\src\\Illuminate\\Http\\Middleware\\ValidatePathEncoding.php(26): Illuminate\\Pipeline\\Pipeline->Illuminate\\Pipeline\\{closure}(Object(Illuminate\\Http\\Request))
#48 E:\\SEMESTER 5\\Pemrograman Framework\\BELAJAR\\Inventory_system\\vendor\\laravel\\framework\\src\\Illuminate\\Pipeline\\Pipeline.php(219): Illuminate\\Http\\Middleware\\ValidatePathEncoding->handle(Object(Illuminate\\Http\\Request), Object(Closure))
#49 E:\\SEMESTER 5\\Pemrograman Framework\\BELAJAR\\Inventory_system\\vendor\\laravel\\framework\\src\\Illuminate\\Pipeline\\Pipeline.php(137): Illuminate\\Pipeline\\Pipeline->Illuminate\\Pipeline\\{closure}(Object(Illuminate\\Http\\Request))
#50 E:\\SEMESTER 5\\Pemrograman Framework\\BELAJAR\\Inventory_system\\vendor\\laravel\\framework\\src\\Illuminate\\Foundation\\Http\\Kernel.php(175): Illuminate\\Pipeline\\Pipeline->then(Object(Closure))
#51 E:\\SEMESTER 5\\Pemrograman Framework\\BELAJAR\\Inventory_system\\vendor\\laravel\\framework\\src\\Illuminate\\Foundation\\Http\\Kernel.php(144): Illuminate\\Foundation\\Http\\Kernel->sendRequestThroughRouter(Object(Illuminate\\Http\\Request))
#52 E:\\SEMESTER 5\\Pemrograman Framework\\BELAJAR\\Inventory_system\\vendor\\laravel\\framework\\src\\Illuminate\\Foundation\\Application.php(1220): Illuminate\\Foundation\\Http\\Kernel->handle(Object(Illuminate\\Http\\Request))
#53 E:\\SEMESTER 5\\Pemrograman Framework\\BELAJAR\\Inventory_system\\public\\index.php(20): Illuminate\\Foundation\\Application->handleRequest(Object(Illuminate\\Http\\Request))
#54 E:\\SEMESTER 5\\Pemrograman Framework\\BELAJAR\\Inventory_system\\vendor\\laravel\\framework\\src\\Illuminate\\Foundation\\resources\\server.php(23): require_once('E:\\\\SEMESTER 5\\\\P...')
#55 {main}

[previous exception] [object] (ReflectionException(code: -1): Class \"ProductController\" does not exist at E:\\SEMESTER 5\\Pemrograman Framework\\BELAJAR\\Inventory_system\\vendor\\laravel\\framework\\src\\Illuminate\\Container\\Container.php:1161)
[stacktrace]
#0 E:\\SEMESTER 5\\Pemrograman Framework\\BELAJAR\\Inventory_system\\vendor\\laravel\\framework\\src\\Illuminate\\Container\\Container.php(1161): ReflectionClass->__construct('ProductControll...')
#1 E:\\SEMESTER 5\\Pemrograman Framework\\BELAJAR\\Inventory_system\\vendor\\laravel\\framework\\src\\Illuminate\\Container\\Container.php(972): Illuminate\\Container\\Container->build('ProductControll...')
#2 E:\\SEMESTER 5\\Pemrograman Framework\\BELAJAR\\Inventory_system\\vendor\\laravel\\framework\\src\\Illuminate\\Foundation\\Application.php(1078): Illuminate\\Container\\Container->resolve('ProductControll...', Array, true)
#3 E:\\SEMESTER 5\\Pemrograman Framework\\BELAJAR\\Inventory_system\\vendor\\laravel\\framework\\src\\Illuminate\\Container\\Container.php(903): Illuminate\\Foundation\\Application->resolve('ProductControll...', Array)
#4 E:\\SEMESTER 5\\Pemrograman Framework\\BELAJAR\\Inventory_system\\vendor\\laravel\\framework\\src\\Illuminate\\Foundation\\Application.php(1058): Illuminate\\Container\\Container->make('ProductControll...', Array)
#5 E:\\SEMESTER 5\\Pemrograman Framework\\BELAJAR\\Inventory_system\\vendor\\laravel\\framework\\src\\Illuminate\\Routing\\Route.php(286): Illuminate\\Foundation\\Application->make('ProductControll...')
#6 E:\\SEMESTER 5\\Pemrograman Framework\\BELAJAR\\Inventory_system\\vendor\\laravel\\framework\\src\\Illuminate\\Routing\\Route.php(266): Illuminate\\Routing\\Route->getController()
#7 E:\\SEMESTER 5\\Pemrograman Framework\\BELAJAR\\Inventory_system\\vendor\\laravel\\framework\\src\\Illuminate\\Routing\\Route.php(211): Illuminate\\Routing\\Route->runController()
#8 E:\\SEMESTER 5\\Pemrograman Framework\\BELAJAR\\Inventory_system\\vendor\\laravel\\framework\\src\\Illuminate\\Routing\\Router.php(822): Illuminate\\Routing\\Route->run()
#9 E:\\SEMESTER 5\\Pemrograman Framework\\BELAJAR\\Inventory_system\\vendor\\laravel\\framework\\src\\Illuminate\\Pipeline\\Pipeline.php(180): Illuminate\\Routing\\Router->Illuminate\\Routing\\{closure}(Object(Illuminate\\Http\\Request))
#10 E:\\SEMESTER 5\\Pemrograman Framework\\BELAJAR\\Inventory_system\\vendor\\laravel\\framework\\src\\Illuminate\\Routing\\Middleware\\SubstituteBindings.php(50): Illuminate\\Pipeline\\Pipeline->Illuminate\\Pipeline\\{closure}(Object(Illuminate\\Http\\Request))
#11 E:\\SEMESTER 5\\Pemrograman Framework\\BELAJAR\\Inventory_system\\vendor\\laravel\\framework\\src\\Illuminate\\Pipeline\\Pipeline.php(219): Illuminate\\Routing\\Middleware\\SubstituteBindings->handle(Object(Illuminate\\Http\\Request), Object(Closure))
#12 E:\\SEMESTER 5\\Pemrograman Framework\\BELAJAR\\Inventory_system\\vendor\\laravel\\framework\\src\\Illuminate\\Auth\\Middleware\\Authenticate.php(63): Illuminate\\Pipeline\\Pipeline->Illuminate\\Pipeline\\{closure}(Object(Illuminate\\Http\\Request))
#13 E:\\SEMESTER 5\\Pemrograman Framework\\BELAJAR\\Inventory_system\\vendor\\laravel\\framework\\src\\Illuminate\\Pipeline\\Pipeline.php(219): Illuminate\\Auth\\Middleware\\Authenticate->handle(Object(Illuminate\\Http\\Request), Object(Closure))
#14 E:\\SEMESTER 5\\Pemrograman Framework\\BELAJAR\\Inventory_system\\vendor\\laravel\\framework\\src\\Illuminate\\Foundation\\Http\\Middleware\\VerifyCsrfToken.php(87): Illuminate\\Pipeline\\Pipeline->Illuminate\\Pipeline\\{closure}(Object(Illuminate\\Http\\Request))
#15 E:\\SEMESTER 5\\Pemrograman Framework\\BELAJAR\\Inventory_system\\vendor\\laravel\\framework\\src\\Illuminate\\Pipeline\\Pipeline.php(219): Illuminate\\Foundation\\Http\\Middleware\\VerifyCsrfToken->handle(Object(Illuminate\\Http\\Request), Object(Closure))
#16 E:\\SEMESTER 5\\Pemrograman Framework\\BELAJAR\\Inventory_system\\vendor\\laravel\\framework\\src\\Illuminate\\View\\Middleware\\ShareErrorsFromSession.php(48): Illuminate\\Pipeline\\Pipeline->Illuminate\\Pipeline\\{closure}(Object(Illuminate\\Http\\Request))
#17 E:\\SEMESTER 5\\Pemrograman Framework\\BELAJAR\\Inventory_system\\vendor\\laravel\\framework\\src\\Illuminate\\Pipeline\\Pipeline.php(219): Illuminate\\View\\Middleware\\ShareErrorsFromSession->handle(Object(Illuminate\\Http\\Request), Object(Closure))
#18 E:\\SEMESTER 5\\Pemrograman Framework\\BELAJAR\\Inventory_system\\vendor\\laravel\\framework\\src\\Illuminate\\Session\\Middleware\\StartSession.php(120): Illuminate\\Pipeline\\Pipeline->Illuminate\\Pipeline\\{closure}(Object(Illuminate\\Http\\Request))
#19 E:\\SEMESTER 5\\Pemrograman Framework\\BELAJAR\\Inventory_system\\vendor\\laravel\\framework\\src\\Illuminate\\Session\\Middleware\\StartSession.php(63): Illuminate\\Session\\Middleware\\StartSession->handleStatefulRequest(Object(Illuminate\\Http\\Request), Object(Illuminate\\Session\\Store), Object(Closure))
#20 E:\\SEMESTER 5\\Pemrograman Framework\\BELAJAR\\Inventory_system\\vendor\\laravel\\framework\\src\\Illuminate\\Pipeline\\Pipeline.php(219): Illuminate\\Session\\Middleware\\StartSession->handle(Object(Illuminate\\Http\\Request), Object(Closure))
#21 E:\\SEMESTER 5\\Pemrograman Framework\\BELAJAR\\Inventory_system\\vendor\\laravel\\framework\\src\\Illuminate\\Cookie\\Middleware\\AddQueuedCookiesToResponse.php(36): Illuminate\\Pipeline\\Pipeline->Illuminate\\Pipeline\\{closure}(Object(Illuminate\\Http\\Request))
#22 E:\\SEMESTER 5\\Pemrograman Framework\\BELAJAR\\Inventory_system\\vendor\\laravel\\framework\\src\\Illuminate\\Pipeline\\Pipeline.php(219): Illuminate\\Cookie\\Middleware\\AddQueuedCookiesToResponse->handle(Object(Illuminate\\Http\\Request), Object(Closure))
#23 E:\\SEMESTER 5\\Pemrograman Framework\\BELAJAR\\Inventory_system\\vendor\\laravel\\framework\\src\\Illuminate\\Cookie\\Middleware\\EncryptCookies.php(74): Illuminate\\Pipeline\\Pipeline->Illuminate\\Pipeline\\{closure}(Object(Illuminate\\Http\\Request))
#24 E:\\SEMESTER 5\\Pemrograman Framework\\BELAJAR\\Inventory_system\\vendor\\laravel\\framework\\src\\Illuminate\\Pipeline\\Pipeline.php(219): Illuminate\\Cookie\\Middleware\\EncryptCookies->handle(Object(Illuminate\\Http\\Request), Object(Closure))
#25 E:\\SEMESTER 5\\Pemrograman Framework\\BELAJAR\\Inventory_system\\vendor\\laravel\\framework\\src\\Illuminate\\Pipeline\\Pipeline.php(137): Illuminate\\Pipeline\\Pipeline->Illuminate\\Pipeline\\{closure}(Object(Illuminate\\Http\\Request))
#26 E:\\SEMESTER 5\\Pemrograman Framework\\BELAJAR\\Inventory_system\\vendor\\laravel\\framework\\src\\Illuminate\\Routing\\Router.php(821): Illuminate\\Pipeline\\Pipeline->then(Object(Closure))
#27 E:\\SEMESTER 5\\Pemrograman Framework\\BELAJAR\\Inventory_system\\vendor\\laravel\\framework\\src\\Illuminate\\Routing\\Router.php(800): Illuminate\\Routing\\Router->runRouteWithinStack(Object(Illuminate\\Routing\\Route), Object(Illuminate\\Http\\Request))
#28 E:\\SEMESTER 5\\Pemrograman Framework\\BELAJAR\\Inventory_system\\vendor\\laravel\\framework\\src\\Illuminate\\Routing\\Router.php(764): Illuminate\\Routing\\Router->runRoute(Object(Illuminate\\Http\\Request), Object(Illuminate\\Routing\\Route))
#29 E:\\SEMESTER 5\\Pemrograman Framework\\BELAJAR\\Inventory_system\\vendor\\laravel\\framework\\src\\Illuminate\\Routing\\Router.php(753): Illuminate\\Routing\\Router->dispatchToRoute(Object(Illuminate\\Http\\Request))
#30 E:\\SEMESTER 5\\Pemrograman Framework\\BELAJAR\\Inventory_system\\vendor\\laravel\\framework\\src\\Illuminate\\Foundation\\Http\\Kernel.php(200): Illuminate\\Routing\\Router->dispatch(Object(Illuminate\\Http\\Request))
#31 E:\\SEMESTER 5\\Pemrograman Framework\\BELAJAR\\Inventory_system\\vendor\\laravel\\framework\\src\\Illuminate\\Pipeline\\Pipeline.php(180): Illuminate\\Foundation\\Http\\Kernel->Illuminate\\Foundation\\Http\\{closure}(Object(Illuminate\\Http\\Request))
#32 E:\\SEMESTER 5\\Pemrograman Framework\\BELAJAR\\Inventory_system\\vendor\\laravel\\framework\\src\\Illuminate\\Foundation\\Http\\Middleware\\TransformsRequest.php(21): Illuminate\\Pipeline\\Pipeline->Illuminate\\Pipeline\\{closure}(Object(Illuminate\\Http\\Request))
#33 E:\\SEMESTER 5\\Pemrograman Framework\\BELAJAR\\Inventory_system\\vendor\\laravel\\framework\\src\\Illuminate\\Foundation\\Http\\Middleware\\ConvertEmptyStringsToNull.php(31): Illuminate\\Foundation\\Http\\Middleware\\TransformsRequest->handle(Object(Illuminate\\Http\\Request), Object(Closure))
#34 E:\\SEMESTER 5\\Pemrograman Framework\\BELAJAR\\Inventory_system\\vendor\\laravel\\framework\\src\\Illuminate\\Pipeline\\Pipeline.php(219): Illuminate\\Foundation\\Http\\Middleware\\ConvertEmptyStringsToNull->handle(Object(Illuminate\\Http\\Request), Object(Closure))
#35 E:\\SEMESTER 5\\Pemrograman Framework\\BELAJAR\\Inventory_system\\vendor\\laravel\\framework\\src\\Illuminate\\Foundation\\Http\\Middleware\\TransformsRequest.php(21): Illuminate\\Pipeline\\Pipeline->Illuminate\\Pipeline\\{closure}(Object(Illuminate\\Http\\Request))
#36 E:\\SEMESTER 5\\Pemrograman Framework\\BELAJAR\\Inventory_system\\vendor\\laravel\\framework\\src\\Illuminate\\Foundation\\Http\\Middleware\\TrimStrings.php(51): Illuminate\\Foundation\\Http\\Middleware\\TransformsRequest->handle(Object(Illuminate\\Http\\Request), Object(Closure))
#37 E:\\SEMESTER 5\\Pemrograman Framework\\BELAJAR\\Inventory_system\\vendor\\laravel\\framework\\src\\Illuminate\\Pipeline\\Pipeline.php(219): Illuminate\\Foundation\\Http\\Middleware\\TrimStrings->handle(Object(Illuminate\\Http\\Request), Object(Closure))
#38 E:\\SEMESTER 5\\Pemrograman Framework\\BELAJAR\\Inventory_system\\vendor\\laravel\\framework\\src\\Illuminate\\Http\\Middleware\\ValidatePostSize.php(27): Illuminate\\Pipeline\\Pipeline->Illuminate\\Pipeline\\{closure}(Object(Illuminate\\Http\\Request))
#39 E:\\SEMESTER 5\\Pemrograman Framework\\BELAJAR\\Inventory_system\\vendor\\laravel\\framework\\src\\Illuminate\\Pipeline\\Pipeline.php(219): Illuminate\\Http\\Middleware\\ValidatePostSize->handle(Object(Illuminate\\Http\\Request), Object(Closure))
#40 E:\\SEMESTER 5\\Pemrograman Framework\\BELAJAR\\Inventory_system\\vendor\\laravel\\framework\\src\\Illuminate\\Foundation\\Http\\Middleware\\PreventRequestsDuringMaintenance.php(109): Illuminate\\Pipeline\\Pipeline->Illuminate\\Pipeline\\{closure}(Object(Illuminate\\Http\\Request))
#41 E:\\SEMESTER 5\\Pemrograman Framework\\BELAJAR\\Inventory_system\\vendor\\laravel\\framework\\src\\Illuminate\\Pipeline\\Pipeline.php(219): Illuminate\\Foundation\\Http\\Middleware\\PreventRequestsDuringMaintenance->handle(Object(Illuminate\\Http\\Request), Object(Closure))
#42 E:\\SEMESTER 5\\Pemrograman Framework\\BELAJAR\\Inventory_system\\vendor\\laravel\\framework\\src\\Illuminate\\Http\\Middleware\\HandleCors.php(48): Illuminate\\Pipeline\\Pipeline->Illuminate\\Pipeline\\{closure}(Object(Illuminate\\Http\\Request))
#43 E:\\SEMESTER 5\\Pemrograman Framework\\BELAJAR\\Inventory_system\\vendor\\laravel\\framework\\src\\Illuminate\\Pipeline\\Pipeline.php(219): Illuminate\\Http\\Middleware\\HandleCors->handle(Object(Illuminate\\Http\\Request), Object(Closure))
#44 E:\\SEMESTER 5\\Pemrograman Framework\\BELAJAR\\Inventory_system\\vendor\\laravel\\framework\\src\\Illuminate\\Http\\Middleware\\TrustProxies.php(58): Illuminate\\Pipeline\\Pipeline->Illuminate\\Pipeline\\{closure}(Object(Illuminate\\Http\\Request))
#45 E:\\SEMESTER 5\\Pemrograman Framework\\BELAJAR\\Inventory_system\\vendor\\laravel\\framework\\src\\Illuminate\\Pipeline\\Pipeline.php(219): Illuminate\\Http\\Middleware\\TrustProxies->handle(Object(Illuminate\\Http\\Request), Object(Closure))
#46 E:\\SEMESTER 5\\Pemrograman Framework\\BELAJAR\\Inventory_system\\vendor\\laravel\\framework\\src\\Illuminate\\Foundation\\Http\\Middleware\\InvokeDeferredCallbacks.php(22): Illuminate\\Pipeline\\Pipeline->Illuminate\\Pipeline\\{closure}(Object(Illuminate\\Http\\Request))
#47 E:\\SEMESTER 5\\Pemrograman Framework\\BELAJAR\\Inventory_system\\vendor\\laravel\\framework\\src\\Illuminate\\Pipeline\\Pipeline.php(219): Illuminate\\Foundation\\Http\\Middleware\\InvokeDeferredCallbacks->handle(Object(Illuminate\\Http\\Request), Object(Closure))
#48 E:\\SEMESTER 5\\Pemrograman Framework\\BELAJAR\\Inventory_system\\vendor\\laravel\\framework\\src\\Illuminate\\Http\\Middleware\\ValidatePathEncoding.php(26): Illuminate\\Pipeline\\Pipeline->Illuminate\\Pipeline\\{closure}(Object(Illuminate\\Http\\Request))
#49 E:\\SEMESTER 5\\Pemrograman Framework\\BELAJAR\\Inventory_system\\vendor\\laravel\\framework\\src\\Illuminate\\Pipeline\\Pipeline.php(219): Illuminate\\Http\\Middleware\\ValidatePathEncoding->handle(Object(Illuminate\\Http\\Request), Object(Closure))
#50 E:\\SEMESTER 5\\Pemrograman Framework\\BELAJAR\\Inventory_system\\vendor\\laravel\\framework\\src\\Illuminate\\Pipeline\\Pipeline.php(137): Illuminate\\Pipeline\\Pipeline->Illuminate\\Pipeline\\{closure}(Object(Illuminate\\Http\\Request))
#51 E:\\SEMESTER 5\\Pemrograman Framework\\BELAJAR\\Inventory_system\\vendor\\laravel\\framework\\src\\Illuminate\\Foundation\\Http\\Kernel.php(175): Illuminate\\Pipeline\\Pipeline->then(Object(Closure))
#52 E:\\SEMESTER 5\\Pemrograman Framework\\BELAJAR\\Inventory_system\\vendor\\laravel\\framework\\src\\Illuminate\\Foundation\\Http\\Kernel.php(144): Illuminate\\Foundation\\Http\\Kernel->sendRequestThroughRouter(Object(Illuminate\\Http\\Request))
#53 E:\\SEMESTER 5\\Pemrograman Framework\\BELAJAR\\Inventory_system\\vendor\\laravel\\framework\\src\\Illuminate\\Foundation\\Application.php(1220): Illuminate\\Foundation\\Http\\Kernel->handle(Object(Illuminate\\Http\\Request))
#54 E:\\SEMESTER 5\\Pemrograman Framework\\BELAJAR\\Inventory_system\\public\\index.php(20): Illuminate\\Foundation\\Application->handleRequest(Object(Illuminate\\Http\\Request))
#55 E:\\SEMESTER 5\\Pemrograman Framework\\BELAJAR\\Inventory_system\\vendor\\laravel\\framework\\src\\Illuminate\\Foundation\\resources\\server.php(23): require_once('E:\\\\SEMESTER 5\\\\P...')
#56 {main}
"} 
[2025-11-25 11:46:31] local.ERROR: Target class [ProductController] does not exist. {"userId":1,"exception":"[object] (Illuminate\\Contracts\\Container\\BindingResolutionException(code: 0): Target class [ProductController] does not exist. at E:\\SEMESTER 5\\Pemrograman Framework\\BELAJAR\\Inventory_system\\vendor\\laravel\\framework\\src\\Illuminate\\Container\\Container.php:1163)
[stacktrace]
#0 E:\\SEMESTER 5\\Pemrograman Framework\\BELAJAR\\Inventory_system\\vendor\\laravel\\framework\\src\\Illuminate\\Container\\Container.php(972): Illuminate\\Container\\Container->build('ProductControll...')
#1 E:\\SEMESTER 5\\Pemrograman Framework\\BELAJAR\\Inventory_system\\vendor\\laravel\\framework\\src\\Illuminate\\Foundation\\Application.php(1078): Illuminate\\Container\\Container->resolve('ProductControll...', Array, true)
#2 E:\\SEMESTER 5\\Pemrograman Framework\\BELAJAR\\Inventory_system\\vendor\\laravel\\framework\\src\\Illuminate\\Container\\Container.php(903): Illuminate\\Foundation\\Application->resolve('ProductControll...', Array)
#3 E:\\SEMESTER 5\\Pemrograman Framework\\BELAJAR\\Inventory_system\\vendor\\laravel\\framework\\src\\Illuminate\\Foundation\\Application.php(1058): Illuminate\\Container\\Container->make('ProductControll...', Array)
#4 E:\\SEMESTER 5\\Pemrograman Framework\\BELAJAR\\Inventory_system\\vendor\\laravel\\framework\\src\\Illuminate\\Routing\\Route.php(286): Illuminate\\Foundation\\Application->make('ProductControll...')
#5 E:\\SEMESTER 5\\Pemrograman Framework\\BELAJAR\\Inventory_system\\vendor\\laravel\\framework\\src\\Illuminate\\Routing\\Route.php(266): Illuminate\\Routing\\Route->getController()
#6 E:\\SEMESTER 5\\Pemrograman Framework\\BELAJAR\\Inventory_system\\vendor\\laravel\\framework\\src\\Illuminate\\Routing\\Route.php(211): Illuminate\\Routing\\Route->runController()
#7 E:\\SEMESTER 5\\Pemrograman Framework\\BELAJAR\\Inventory_system\\vendor\\laravel\\framework\\src\\Illuminate\\Routing\\Router.php(822): Illuminate\\Routing\\Route->run()
#8 E:\\SEMESTER 5\\Pemrograman Framework\\BELAJAR\\Inventory_system\\vendor\\laravel\\framework\\src\\Illuminate\\Pipeline\\Pipeline.php(180): Illuminate\\Routing\\Router->Illuminate\\Routing\\{closure}(Object(Illuminate\\Http\\Request))
#9 E:\\SEMESTER 5\\Pemrograman Framework\\BELAJAR\\Inventory_system\\vendor\\laravel\\framework\\src\\Illuminate\\Routing\\Middleware\\SubstituteBindings.php(50): Illuminate\\Pipeline\\Pipeline->Illuminate\\Pipeline\\{closure}(Object(Illuminate\\Http\\Request))
#10 E:\\SEMESTER 5\\Pemrograman Framework\\BELAJAR\\Inventory_system\\vendor\\laravel\\framework\\src\\Illuminate\\Pipeline\\Pipeline.php(219): Illuminate\\Routing\\Middleware\\SubstituteBindings->handle(Object(Illuminate\\Http\\Request), Object(Closure))
#11 E:\\SEMESTER 5\\Pemrograman Framework\\BELAJAR\\Inventory_system\\vendor\\laravel\\framework\\src\\Illuminate\\Auth\\Middleware\\Authenticate.php(63): Illuminate\\Pipeline\\Pipeline->Illuminate\\Pipeline\\{closure}(Object(Illuminate\\Http\\Request))
#12 E:\\SEMESTER 5\\Pemrograman Framework\\BELAJAR\\Inventory_system\\vendor\\laravel\\framework\\src\\Illuminate\\Pipeline\\Pipeline.php(219): Illuminate\\Auth\\Middleware\\Authenticate->handle(Object(Illuminate\\Http\\Request), Object(Closure))
#13 E:\\SEMESTER 5\\Pemrograman Framework\\BELAJAR\\Inventory_system\\vendor\\laravel\\framework\\src\\Illuminate\\Foundation\\Http\\Middleware\\VerifyCsrfToken.php(87): Illuminate\\Pipeline\\Pipeline->Illuminate\\Pipeline\\{closure}(Object(Illuminate\\Http\\Request))
#14 E:\\SEMESTER 5\\Pemrograman Framework\\BELAJAR\\Inventory_system\\vendor\\laravel\\framework\\src\\Illuminate\\Pipeline\\Pipeline.php(219): Illuminate\\Foundation\\Http\\Middleware\\VerifyCsrfToken->handle(Object(Illuminate\\Http\\Request), Object(Closure))
#15 E:\\SEMESTER 5\\Pemrograman Framework\\BELAJAR\\Inventory_system\\vendor\\laravel\\framework\\src\\Illuminate\\View\\Middleware\\ShareErrorsFromSession.php(48): Illuminate\\Pipeline\\Pipeline->Illuminate\\Pipeline\\{closure}(Object(Illuminate\\Http\\Request))
#16 E:\\SEMESTER 5\\Pemrograman Framework\\BELAJAR\\Inventory_system\\vendor\\laravel\\framework\\src\\Illuminate\\Pipeline\\Pipeline.php(219): Illuminate\\View\\Middleware\\ShareErrorsFromSession->handle(Object(Illuminate\\Http\\Request), Object(Closure))
#17 E:\\SEMESTER 5\\Pemrograman Framework\\BELAJAR\\Inventory_system\\vendor\\laravel\\framework\\src\\Illuminate\\Session\\Middleware\\StartSession.php(120): Illuminate\\Pipeline\\Pipeline->Illuminate\\Pipeline\\{closure}(Object(Illuminate\\Http\\Request))
#18 E:\\SEMESTER 5\\Pemrograman Framework\\BELAJAR\\Inventory_system\\vendor\\laravel\\framework\\src\\Illuminate\\Session\\Middleware\\StartSession.php(63): Illuminate\\Session\\Middleware\\StartSession->handleStatefulRequest(Object(Illuminate\\Http\\Request), Object(Illuminate\\Session\\Store), Object(Closure))
#19 E:\\SEMESTER 5\\Pemrograman Framework\\BELAJAR\\Inventory_system\\vendor\\laravel\\framework\\src\\Illuminate\\Pipeline\\Pipeline.php(219): Illuminate\\Session\\Middleware\\StartSession->handle(Object(Illuminate\\Http\\Request), Object(Closure))
#20 E:\\SEMESTER 5\\Pemrograman Framework\\BELAJAR\\Inventory_system\\vendor\\laravel\\framework\\src\\Illuminate\\Cookie\\Middleware\\AddQueuedCookiesToResponse.php(36): Illuminate\\Pipeline\\Pipeline->Illuminate\\Pipeline\\{closure}(Object(Illuminate\\Http\\Request))
#21 E:\\SEMESTER 5\\Pemrograman Framework\\BELAJAR\\Inventory_system\\vendor\\laravel\\framework\\src\\Illuminate\\Pipeline\\Pipeline.php(219): Illuminate\\Cookie\\Middleware\\AddQueuedCookiesToResponse->handle(Object(Illuminate\\Http\\Request), Object(Closure))
#22 E:\\SEMESTER 5\\Pemrograman Framework\\BELAJAR\\Inventory_system\\vendor\\laravel\\framework\\src\\Illuminate\\Cookie\\Middleware\\EncryptCookies.php(74): Illuminate\\Pipeline\\Pipeline->Illuminate\\Pipeline\\{closure}(Object(Illuminate\\Http\\Request))
#23 E:\\SEMESTER 5\\Pemrograman Framework\\BELAJAR\\Inventory_system\\vendor\\laravel\\framework\\src\\Illuminate\\Pipeline\\Pipeline.php(219): Illuminate\\Cookie\\Middleware\\EncryptCookies->handle(Object(Illuminate\\Http\\Request), Object(Closure))
#24 E:\\SEMESTER 5\\Pemrograman Framework\\BELAJAR\\Inventory_system\\vendor\\laravel\\framework\\src\\Illuminate\\Pipeline\\Pipeline.php(137): Illuminate\\Pipeline\\Pipeline->Illuminate\\Pipeline\\{closure}(Object(Illuminate\\Http\\Request))
#25 E:\\SEMESTER 5\\Pemrograman Framework\\BELAJAR\\Inventory_system\\vendor\\laravel\\framework\\src\\Illuminate\\Routing\\Router.php(821): Illuminate\\Pipeline\\Pipeline->then(Object(Closure))
#26 E:\\SEMESTER 5\\Pemrograman Framework\\BELAJAR\\Inventory_system\\vendor\\laravel\\framework\\src\\Illuminate\\Routing\\Router.php(800): Illuminate\\Routing\\Router->runRouteWithinStack(Object(Illuminate\\Routing\\Route), Object(Illuminate\\Http\\Request))
#27 E:\\SEMESTER 5\\Pemrograman Framework\\BELAJAR\\Inventory_system\\vendor\\laravel\\framework\\src\\Illuminate\\Routing\\Router.php(764): Illuminate\\Routing\\Router->runRoute(Object(Illuminate\\Http\\Request), Object(Illuminate\\Routing\\Route))
#28 E:\\SEMESTER 5\\Pemrograman Framework\\BELAJAR\\Inventory_system\\vendor\\laravel\\framework\\src\\Illuminate\\Routing\\Router.php(753): Illuminate\\Routing\\Router->dispatchToRoute(Object(Illuminate\\Http\\Request))
#29 E:\\SEMESTER 5\\Pemrograman Framework\\BELAJAR\\Inventory_system\\vendor\\laravel\\framework\\src\\Illuminate\\Foundation\\Http\\Kernel.php(200): Illuminate\\Routing\\Router->dispatch(Object(Illuminate\\Http\\Request))
#30 E:\\SEMESTER 5\\Pemrograman Framework\\BELAJAR\\Inventory_system\\vendor\\laravel\\framework\\src\\Illuminate\\Pipeline\\Pipeline.php(180): Illuminate\\Foundation\\Http\\Kernel->Illuminate\\Foundation\\Http\\{closure}(Object(Illuminate\\Http\\Request))
#31 E:\\SEMESTER 5\\Pemrograman Framework\\BELAJAR\\Inventory_system\\vendor\\laravel\\framework\\src\\Illuminate\\Foundation\\Http\\Middleware\\TransformsRequest.php(21): Illuminate\\Pipeline\\Pipeline->Illuminate\\Pipeline\\{closure}(Object(Illuminate\\Http\\Request))
#32 E:\\SEMESTER 5\\Pemrograman Framework\\BELAJAR\\Inventory_system\\vendor\\laravel\\framework\\src\\Illuminate\\Foundation\\Http\\Middleware\\ConvertEmptyStringsToNull.php(31): Illuminate\\Foundation\\Http\\Middleware\\TransformsRequest->handle(Object(Illuminate\\Http\\Request), Object(Closure))
#33 E:\\SEMESTER 5\\Pemrograman Framework\\BELAJAR\\Inventory_system\\vendor\\laravel\\framework\\src\\Illuminate\\Pipeline\\Pipeline.php(219): Illuminate\\Foundation\\Http\\Middleware\\ConvertEmptyStringsToNull->handle(Object(Illuminate\\Http\\Request), Object(Closure))
#34 E:\\SEMESTER 5\\Pemrograman Framework\\BELAJAR\\Inventory_system\\vendor\\laravel\\framework\\src\\Illuminate\\Foundation\\Http\\Middleware\\TransformsRequest.php(21): Illuminate\\Pipeline\\Pipeline->Illuminate\\Pipeline\\{closure}(Object(Illuminate\\Http\\Request))
#35 E:\\SEMESTER 5\\Pemrograman Framework\\BELAJAR\\Inventory_system\\vendor\\laravel\\framework\\src\\Illuminate\\Foundation\\Http\\Middleware\\TrimStrings.php(51): Illuminate\\Foundation\\Http\\Middleware\\TransformsRequest->handle(Object(Illuminate\\Http\\Request), Object(Closure))
#36 E:\\SEMESTER 5\\Pemrograman Framework\\BELAJAR\\Inventory_system\\vendor\\laravel\\framework\\src\\Illuminate\\Pipeline\\Pipeline.php(219): Illuminate\\Foundation\\Http\\Middleware\\TrimStrings->handle(Object(Illuminate\\Http\\Request), Object(Closure))
#37 E:\\SEMESTER 5\\Pemrograman Framework\\BELAJAR\\Inventory_system\\vendor\\laravel\\framework\\src\\Illuminate\\Http\\Middleware\\ValidatePostSize.php(27): Illuminate\\Pipeline\\Pipeline->Illuminate\\Pipeline\\{closure}(Object(Illuminate\\Http\\Request))
#38 E:\\SEMESTER 5\\Pemrograman Framework\\BELAJAR\\Inventory_system\\vendor\\laravel\\framework\\src\\Illuminate\\Pipeline\\Pipeline.php(219): Illuminate\\Http\\Middleware\\ValidatePostSize->handle(Object(Illuminate\\Http\\Request), Object(Closure))
#39 E:\\SEMESTER 5\\Pemrograman Framework\\BELAJAR\\Inventory_system\\vendor\\laravel\\framework\\src\\Illuminate\\Foundation\\Http\\Middleware\\PreventRequestsDuringMaintenance.php(109): Illuminate\\Pipeline\\Pipeline->Illuminate\\Pipeline\\{closure}(Object(Illuminate\\Http\\Request))
#40 E:\\SEMESTER 5\\Pemrograman Framework\\BELAJAR\\Inventory_system\\vendor\\laravel\\framework\\src\\Illuminate\\Pipeline\\Pipeline.php(219): Illuminate\\Foundation\\Http\\Middleware\\PreventRequestsDuringMaintenance->handle(Object(Illuminate\\Http\\Request), Object(Closure))
#41 E:\\SEMESTER 5\\Pemrograman Framework\\BELAJAR\\Inventory_system\\vendor\\laravel\\framework\\src\\Illuminate\\Http\\Middleware\\HandleCors.php(48): Illuminate\\Pipeline\\Pipeline->Illuminate\\Pipeline\\{closure}(Object(Illuminate\\Http\\Request))
#42 E:\\SEMESTER 5\\Pemrograman Framework\\BELAJAR\\Inventory_system\\vendor\\laravel\\framework\\src\\Illuminate\\Pipeline\\Pipeline.php(219): Illuminate\\Http\\Middleware\\HandleCors->handle(Object(Illuminate\\Http\\Request), Object(Closure))
#43 E:\\SEMESTER 5\\Pemrograman Framework\\BELAJAR\\Inventory_system\\vendor\\laravel\\framework\\src\\Illuminate\\Http\\Middleware\\TrustProxies.php(58): Illuminate\\Pipeline\\Pipeline->Illuminate\\Pipeline\\{closure}(Object(Illuminate\\Http\\Request))
#44 E:\\SEMESTER 5\\Pemrograman Framework\\BELAJAR\\Inventory_system\\vendor\\laravel\\framework\\src\\Illuminate\\Pipeline\\Pipeline.php(219): Illuminate\\Http\\Middleware\\TrustProxies->handle(Object(Illuminate\\Http\\Request), Object(Closure))
#45 E:\\SEMESTER 5\\Pemrograman Framework\\BELAJAR\\Inventory_system\\vendor\\laravel\\framework\\src\\Illuminate\\Foundation\\Http\\Middleware\\InvokeDeferredCallbacks.php(22): Illuminate\\Pipeline\\Pipeline->Illuminate\\Pipeline\\{closure}(Object(Illuminate\\Http\\Request))
#46 E:\\SEMESTER 5\\Pemrograman Framework\\BELAJAR\\Inventory_system\\vendor\\laravel\\framework\\src\\Illuminate\\Pipeline\\Pipeline.php(219): Illuminate\\Foundation\\Http\\Middleware\\InvokeDeferredCallbacks->handle(Object(Illuminate\\Http\\Request), Object(Closure))
#47 E:\\SEMESTER 5\\Pemrograman Framework\\BELAJAR\\Inventory_system\\vendor\\laravel\\framework\\src\\Illuminate\\Http\\Middleware\\ValidatePathEncoding.php(26): Illuminate\\Pipeline\\Pipeline->Illuminate\\Pipeline\\{closure}(Object(Illuminate\\Http\\Request))
#48 E:\\SEMESTER 5\\Pemrograman Framework\\BELAJAR\\Inventory_system\\vendor\\laravel\\framework\\src\\Illuminate\\Pipeline\\Pipeline.php(219): Illuminate\\Http\\Middleware\\ValidatePathEncoding->handle(Object(Illuminate\\Http\\Request), Object(Closure))
#49 E:\\SEMESTER 5\\Pemrograman Framework\\BELAJAR\\Inventory_system\\vendor\\laravel\\framework\\src\\Illuminate\\Pipeline\\Pipeline.php(137): Illuminate\\Pipeline\\Pipeline->Illuminate\\Pipeline\\{closure}(Object(Illuminate\\Http\\Request))
#50 E:\\SEMESTER 5\\Pemrograman Framework\\BELAJAR\\Inventory_system\\vendor\\laravel\\framework\\src\\Illuminate\\Foundation\\Http\\Kernel.php(175): Illuminate\\Pipeline\\Pipeline->then(Object(Closure))
#51 E:\\SEMESTER 5\\Pemrograman Framework\\BELAJAR\\Inventory_system\\vendor\\laravel\\framework\\src\\Illuminate\\Foundation\\Http\\Kernel.php(144): Illuminate\\Foundation\\Http\\Kernel->sendRequestThroughRouter(Object(Illuminate\\Http\\Request))
#52 E:\\SEMESTER 5\\Pemrograman Framework\\BELAJAR\\Inventory_system\\vendor\\laravel\\framework\\src\\Illuminate\\Foundation\\Application.php(1220): Illuminate\\Foundation\\Http\\Kernel->handle(Object(Illuminate\\Http\\Request))
#53 E:\\SEMESTER 5\\Pemrograman Framework\\BELAJAR\\Inventory_system\\public\\index.php(20): Illuminate\\Foundation\\Application->handleRequest(Object(Illuminate\\Http\\Request))
#54 E:\\SEMESTER 5\\Pemrograman Framework\\BELAJAR\\Inventory_system\\vendor\\laravel\\framework\\src\\Illuminate\\Foundation\\resources\\server.php(23): require_once('E:\\\\SEMESTER 5\\\\P...')
#55 {main}

[previous exception] [object] (ReflectionException(code: -1): Class \"ProductController\" does not exist at E:\\SEMESTER 5\\Pemrograman Framework\\BELAJAR\\Inventory_system\\vendor\\laravel\\framework\\src\\Illuminate\\Container\\Container.php:1161)
[stacktrace]
#0 E:\\SEMESTER 5\\Pemrograman Framework\\BELAJAR\\Inventory_system\\vendor\\laravel\\framework\\src\\Illuminate\\Container\\Container.php(1161): ReflectionClass->__construct('ProductControll...')
#1 E:\\SEMESTER 5\\Pemrograman Framework\\BELAJAR\\Inventory_system\\vendor\\laravel\\framework\\src\\Illuminate\\Container\\Container.php(972): Illuminate\\Container\\Container->build('ProductControll...')
#2 E:\\SEMESTER 5\\Pemrograman Framework\\BELAJAR\\Inventory_system\\vendor\\laravel\\framework\\src\\Illuminate\\Foundation\\Application.php(1078): Illuminate\\Container\\Container->resolve('ProductControll...', Array, true)
#3 E:\\SEMESTER 5\\Pemrograman Framework\\BELAJAR\\Inventory_system\\vendor\\laravel\\framework\\src\\Illuminate\\Container\\Container.php(903): Illuminate\\Foundation\\Application->resolve('ProductControll...', Array)
#4 E:\\SEMESTER 5\\Pemrograman Framework\\BELAJAR\\Inventory_system\\vendor\\laravel\\framework\\src\\Illuminate\\Foundation\\Application.php(1058): Illuminate\\Container\\Container->make('ProductControll...', Array)
#5 E:\\SEMESTER 5\\Pemrograman Framework\\BELAJAR\\Inventory_system\\vendor\\laravel\\framework\\src\\Illuminate\\Routing\\Route.php(286): Illuminate\\Foundation\\Application->make('ProductControll...')
#6 E:\\SEMESTER 5\\Pemrograman Framework\\BELAJAR\\Inventory_system\\vendor\\laravel\\framework\\src\\Illuminate\\Routing\\Route.php(266): Illuminate\\Routing\\Route->getController()
#7 E:\\SEMESTER 5\\Pemrograman Framework\\BELAJAR\\Inventory_system\\vendor\\laravel\\framework\\src\\Illuminate\\Routing\\Route.php(211): Illuminate\\Routing\\Route->runController()
#8 E:\\SEMESTER 5\\Pemrograman Framework\\BELAJAR\\Inventory_system\\vendor\\laravel\\framework\\src\\Illuminate\\Routing\\Router.php(822): Illuminate\\Routing\\Route->run()
#9 E:\\SEMESTER 5\\Pemrograman Framework\\BELAJAR\\Inventory_system\\vendor\\laravel\\framework\\src\\Illuminate\\Pipeline\\Pipeline.php(180): Illuminate\\Routing\\Router->Illuminate\\Routing\\{closure}(Object(Illuminate\\Http\\Request))
#10 E:\\SEMESTER 5\\Pemrograman Framework\\BELAJAR\\Inventory_system\\vendor\\laravel\\framework\\src\\Illuminate\\Routing\\Middleware\\SubstituteBindings.php(50): Illuminate\\Pipeline\\Pipeline->Illuminate\\Pipeline\\{closure}(Object(Illuminate\\Http\\Request))
#11 E:\\SEMESTER 5\\Pemrograman Framework\\BELAJAR\\Inventory_system\\vendor\\laravel\\framework\\src\\Illuminate\\Pipeline\\Pipeline.php(219): Illuminate\\Routing\\Middleware\\SubstituteBindings->handle(Object(Illuminate\\Http\\Request), Object(Closure))
#12 E:\\SEMESTER 5\\Pemrograman Framework\\BELAJAR\\Inventory_system\\vendor\\laravel\\framework\\src\\Illuminate\\Auth\\Middleware\\Authenticate.php(63): Illuminate\\Pipeline\\Pipeline->Illuminate\\Pipeline\\{closure}(Object(Illuminate\\Http\\Request))
#13 E:\\SEMESTER 5\\Pemrograman Framework\\BELAJAR\\Inventory_system\\vendor\\laravel\\framework\\src\\Illuminate\\Pipeline\\Pipeline.php(219): Illuminate\\Auth\\Middleware\\Authenticate->handle(Object(Illuminate\\Http\\Request), Object(Closure))
#14 E:\\SEMESTER 5\\Pemrograman Framework\\BELAJAR\\Inventory_system\\vendor\\laravel\\framework\\src\\Illuminate\\Foundation\\Http\\Middleware\\VerifyCsrfToken.php(87): Illuminate\\Pipeline\\Pipeline->Illuminate\\Pipeline\\{closure}(Object(Illuminate\\Http\\Request))
#15 E:\\SEMESTER 5\\Pemrograman Framework\\BELAJAR\\Inventory_system\\vendor\\laravel\\framework\\src\\Illuminate\\Pipeline\\Pipeline.php(219): Illuminate\\Foundation\\Http\\Middleware\\VerifyCsrfToken->handle(Object(Illuminate\\Http\\Request), Object(Closure))
#16 E:\\SEMESTER 5\\Pemrograman Framework\\BELAJAR\\Inventory_system\\vendor\\laravel\\framework\\src\\Illuminate\\View\\Middleware\\ShareErrorsFromSession.php(48): Illuminate\\Pipeline\\Pipeline->Illuminate\\Pipeline\\{closure}(Object(Illuminate\\Http\\Request))
#17 E:\\SEMESTER 5\\Pemrograman Framework\\BELAJAR\\Inventory_system\\vendor\\laravel\\framework\\src\\Illuminate\\Pipeline\\Pipeline.php(219): Illuminate\\View\\Middleware\\ShareErrorsFromSession->handle(Object(Illuminate\\Http\\Request), Object(Closure))
#18 E:\\SEMESTER 5\\Pemrograman Framework\\BELAJAR\\Inventory_system\\vendor\\laravel\\framework\\src\\Illuminate\\Session\\Middleware\\StartSession.php(120): Illuminate\\Pipeline\\Pipeline->Illuminate\\Pipeline\\{closure}(Object(Illuminate\\Http\\Request))
#19 E:\\SEMESTER 5\\Pemrograman Framework\\BELAJAR\\Inventory_system\\vendor\\laravel\\framework\\src\\Illuminate\\Session\\Middleware\\StartSession.php(63): Illuminate\\Session\\Middleware\\StartSession->handleStatefulRequest(Object(Illuminate\\Http\\Request), Object(Illuminate\\Session\\Store), Object(Closure))
#20 E:\\SEMESTER 5\\Pemrograman Framework\\BELAJAR\\Inventory_system\\vendor\\laravel\\framework\\src\\Illuminate\\Pipeline\\Pipeline.php(219): Illuminate\\Session\\Middleware\\StartSession->handle(Object(Illuminate\\Http\\Request), Object(Closure))
#21 E:\\SEMESTER 5\\Pemrograman Framework\\BELAJAR\\Inventory_system\\vendor\\laravel\\framework\\src\\Illuminate\\Cookie\\Middleware\\AddQueuedCookiesToResponse.php(36): Illuminate\\Pipeline\\Pipeline->Illuminate\\Pipeline\\{closure}(Object(Illuminate\\Http\\Request))
#22 E:\\SEMESTER 5\\Pemrograman Framework\\BELAJAR\\Inventory_system\\vendor\\laravel\\framework\\src\\Illuminate\\Pipeline\\Pipeline.php(219): Illuminate\\Cookie\\Middleware\\AddQueuedCookiesToResponse->handle(Object(Illuminate\\Http\\Request), Object(Closure))
#23 E:\\SEMESTER 5\\Pemrograman Framework\\BELAJAR\\Inventory_system\\vendor\\laravel\\framework\\src\\Illuminate\\Cookie\\Middleware\\EncryptCookies.php(74): Illuminate\\Pipeline\\Pipeline->Illuminate\\Pipeline\\{closure}(Object(Illuminate\\Http\\Request))
#24 E:\\SEMESTER 5\\Pemrograman Framework\\BELAJAR\\Inventory_system\\vendor\\laravel\\framework\\src\\Illuminate\\Pipeline\\Pipeline.php(219): Illuminate\\Cookie\\Middleware\\EncryptCookies->handle(Object(Illuminate\\Http\\Request), Object(Closure))
#25 E:\\SEMESTER 5\\Pemrograman Framework\\BELAJAR\\Inventory_system\\vendor\\laravel\\framework\\src\\Illuminate\\Pipeline\\Pipeline.php(137): Illuminate\\Pipeline\\Pipeline->Illuminate\\Pipeline\\{closure}(Object(Illuminate\\Http\\Request))
#26 E:\\SEMESTER 5\\Pemrograman Framework\\BELAJAR\\Inventory_system\\vendor\\laravel\\framework\\src\\Illuminate\\Routing\\Router.php(821): Illuminate\\Pipeline\\Pipeline->then(Object(Closure))
#27 E:\\SEMESTER 5\\Pemrograman Framework\\BELAJAR\\Inventory_system\\vendor\\laravel\\framework\\src\\Illuminate\\Routing\\Router.php(800): Illuminate\\Routing\\Router->runRouteWithinStack(Object(Illuminate\\Routing\\Route), Object(Illuminate\\Http\\Request))
#28 E:\\SEMESTER 5\\Pemrograman Framework\\BELAJAR\\Inventory_system\\vendor\\laravel\\framework\\src\\Illuminate\\Routing\\Router.php(764): Illuminate\\Routing\\Router->runRoute(Object(Illuminate\\Http\\Request), Object(Illuminate\\Routing\\Route))
#29 E:\\SEMESTER 5\\Pemrograman Framework\\BELAJAR\\Inventory_system\\vendor\\laravel\\framework\\src\\Illuminate\\Routing\\Router.php(753): Illuminate\\Routing\\Router->dispatchToRoute(Object(Illuminate\\Http\\Request))
#30 E:\\SEMESTER 5\\Pemrograman Framework\\BELAJAR\\Inventory_system\\vendor\\laravel\\framework\\src\\Illuminate\\Foundation\\Http\\Kernel.php(200): Illuminate\\Routing\\Router->dispatch(Object(Illuminate\\Http\\Request))
#31 E:\\SEMESTER 5\\Pemrograman Framework\\BELAJAR\\Inventory_system\\vendor\\laravel\\framework\\src\\Illuminate\\Pipeline\\Pipeline.php(180): Illuminate\\Foundation\\Http\\Kernel->Illuminate\\Foundation\\Http\\{closure}(Object(Illuminate\\Http\\Request))
#32 E:\\SEMESTER 5\\Pemrograman Framework\\BELAJAR\\Inventory_system\\vendor\\laravel\\framework\\src\\Illuminate\\Foundation\\Http\\Middleware\\TransformsRequest.php(21): Illuminate\\Pipeline\\Pipeline->Illuminate\\Pipeline\\{closure}(Object(Illuminate\\Http\\Request))
#33 E:\\SEMESTER 5\\Pemrograman Framework\\BELAJAR\\Inventory_system\\vendor\\laravel\\framework\\src\\Illuminate\\Foundation\\Http\\Middleware\\ConvertEmptyStringsToNull.php(31): Illuminate\\Foundation\\Http\\Middleware\\TransformsRequest->handle(Object(Illuminate\\Http\\Request), Object(Closure))
#34 E:\\SEMESTER 5\\Pemrograman Framework\\BELAJAR\\Inventory_system\\vendor\\laravel\\framework\\src\\Illuminate\\Pipeline\\Pipeline.php(219): Illuminate\\Foundation\\Http\\Middleware\\ConvertEmptyStringsToNull->handle(Object(Illuminate\\Http\\Request), Object(Closure))
#35 E:\\SEMESTER 5\\Pemrograman Framework\\BELAJAR\\Inventory_system\\vendor\\laravel\\framework\\src\\Illuminate\\Foundation\\Http\\Middleware\\TransformsRequest.php(21): Illuminate\\Pipeline\\Pipeline->Illuminate\\Pipeline\\{closure}(Object(Illuminate\\Http\\Request))
#36 E:\\SEMESTER 5\\Pemrograman Framework\\BELAJAR\\Inventory_system\\vendor\\laravel\\framework\\src\\Illuminate\\Foundation\\Http\\Middleware\\TrimStrings.php(51): Illuminate\\Foundation\\Http\\Middleware\\TransformsRequest->handle(Object(Illuminate\\Http\\Request), Object(Closure))
#37 E:\\SEMESTER 5\\Pemrograman Framework\\BELAJAR\\Inventory_system\\vendor\\laravel\\framework\\src\\Illuminate\\Pipeline\\Pipeline.php(219): Illuminate\\Foundation\\Http\\Middleware\\TrimStrings->handle(Object(Illuminate\\Http\\Request), Object(Closure))
#38 E:\\SEMESTER 5\\Pemrograman Framework\\BELAJAR\\Inventory_system\\vendor\\laravel\\framework\\src\\Illuminate\\Http\\Middleware\\ValidatePostSize.php(27): Illuminate\\Pipeline\\Pipeline->Illuminate\\Pipeline\\{closure}(Object(Illuminate\\Http\\Request))
#39 E:\\SEMESTER 5\\Pemrograman Framework\\BELAJAR\\Inventory_system\\vendor\\laravel\\framework\\src\\Illuminate\\Pipeline\\Pipeline.php(219): Illuminate\\Http\\Middleware\\ValidatePostSize->handle(Object(Illuminate\\Http\\Request), Object(Closure))
#40 E:\\SEMESTER 5\\Pemrograman Framework\\BELAJAR\\Inventory_system\\vendor\\laravel\\framework\\src\\Illuminate\\Foundation\\Http\\Middleware\\PreventRequestsDuringMaintenance.php(109): Illuminate\\Pipeline\\Pipeline->Illuminate\\Pipeline\\{closure}(Object(Illuminate\\Http\\Request))
#41 E:\\SEMESTER 5\\Pemrograman Framework\\BELAJAR\\Inventory_system\\vendor\\laravel\\framework\\src\\Illuminate\\Pipeline\\Pipeline.php(219): Illuminate\\Foundation\\Http\\Middleware\\PreventRequestsDuringMaintenance->handle(Object(Illuminate\\Http\\Request), Object(Closure))
#42 E:\\SEMESTER 5\\Pemrograman Framework\\BELAJAR\\Inventory_system\\vendor\\laravel\\framework\\src\\Illuminate\\Http\\Middleware\\HandleCors.php(48): Illuminate\\Pipeline\\Pipeline->Illuminate\\Pipeline\\{closure}(Object(Illuminate\\Http\\Request))
#43 E:\\SEMESTER 5\\Pemrograman Framework\\BELAJAR\\Inventory_system\\vendor\\laravel\\framework\\src\\Illuminate\\Pipeline\\Pipeline.php(219): Illuminate\\Http\\Middleware\\HandleCors->handle(Object(Illuminate\\Http\\Request), Object(Closure))
#44 E:\\SEMESTER 5\\Pemrograman Framework\\BELAJAR\\Inventory_system\\vendor\\laravel\\framework\\src\\Illuminate\\Http\\Middleware\\TrustProxies.php(58): Illuminate\\Pipeline\\Pipeline->Illuminate\\Pipeline\\{closure}(Object(Illuminate\\Http\\Request))
#45 E:\\SEMESTER 5\\Pemrograman Framework\\BELAJAR\\Inventory_system\\vendor\\laravel\\framework\\src\\Illuminate\\Pipeline\\Pipeline.php(219): Illuminate\\Http\\Middleware\\TrustProxies->handle(Object(Illuminate\\Http\\Request), Object(Closure))
#46 E:\\SEMESTER 5\\Pemrograman Framework\\BELAJAR\\Inventory_system\\vendor\\laravel\\framework\\src\\Illuminate\\Foundation\\Http\\Middleware\\InvokeDeferredCallbacks.php(22): Illuminate\\Pipeline\\Pipeline->Illuminate\\Pipeline\\{closure}(Object(Illuminate\\Http\\Request))
#47 E:\\SEMESTER 5\\Pemrograman Framework\\BELAJAR\\Inventory_system\\vendor\\laravel\\framework\\src\\Illuminate\\Pipeline\\Pipeline.php(219): Illuminate\\Foundation\\Http\\Middleware\\InvokeDeferredCallbacks->handle(Object(Illuminate\\Http\\Request), Object(Closure))
#48 E:\\SEMESTER 5\\Pemrograman Framework\\BELAJAR\\Inventory_system\\vendor\\laravel\\framework\\src\\Illuminate\\Http\\Middleware\\ValidatePathEncoding.php(26): Illuminate\\Pipeline\\Pipeline->Illuminate\\Pipeline\\{closure}(Object(Illuminate\\Http\\Request))
#49 E:\\SEMESTER 5\\Pemrograman Framework\\BELAJAR\\Inventory_system\\vendor\\laravel\\framework\\src\\Illuminate\\Pipeline\\Pipeline.php(219): Illuminate\\Http\\Middleware\\ValidatePathEncoding->handle(Object(Illuminate\\Http\\Request), Object(Closure))
#50 E:\\SEMESTER 5\\Pemrograman Framework\\BELAJAR\\Inventory_system\\vendor\\laravel\\framework\\src\\Illuminate\\Pipeline\\Pipeline.php(137): Illuminate\\Pipeline\\Pipeline->Illuminate\\Pipeline\\{closure}(Object(Illuminate\\Http\\Request))
#51 E:\\SEMESTER 5\\Pemrograman Framework\\BELAJAR\\Inventory_system\\vendor\\laravel\\framework\\src\\Illuminate\\Foundation\\Http\\Kernel.php(175): Illuminate\\Pipeline\\Pipeline->then(Object(Closure))
#52 E:\\SEMESTER 5\\Pemrograman Framework\\BELAJAR\\Inventory_system\\vendor\\laravel\\framework\\src\\Illuminate\\Foundation\\Http\\Kernel.php(144): Illuminate\\Foundation\\Http\\Kernel->sendRequestThroughRouter(Object(Illuminate\\Http\\Request))
#53 E:\\SEMESTER 5\\Pemrograman Framework\\BELAJAR\\Inventory_system\\vendor\\laravel\\framework\\src\\Illuminate\\Foundation\\Application.php(1220): Illuminate\\Foundation\\Http\\Kernel->handle(Object(Illuminate\\Http\\Request))
#54 E:\\SEMESTER 5\\Pemrograman Framework\\BELAJAR\\Inventory_system\\public\\index.php(20): Illuminate\\Foundation\\Application->handleRequest(Object(Illuminate\\Http\\Request))
#55 E:\\SEMESTER 5\\Pemrograman Framework\\BELAJAR\\Inventory_system\\vendor\\laravel\\framework\\src\\Illuminate\\Foundation\\resources\\server.php(23): require_once('E:\\\\SEMESTER 5\\\\P...')
#56 {main}
"} 
[2025-11-25 16:39:05] local.ERROR: syntax error, unexpected token "endif", expecting end of file (View: E:\SEMESTER 5\Pemrograman Framework\BELAJAR\Inventory_system\resources\views\dashboard.blade.php) {"userId":1,"exception":"[object] (Illuminate\\View\\ViewException(code: 0): syntax error, unexpected token \"endif\", expecting end of file (View: E:\\SEMESTER 5\\Pemrograman Framework\\BELAJAR\\Inventory_system\\resources\\views\\dashboard.blade.php) at E:\\SEMESTER 5\\Pemrograman Framework\\BELAJAR\\Inventory_system\\storage\\framework\\views\\b4f7edf2b85adc7216e196e15b455261.php:184)
[stacktrace]
#0 E:\\SEMESTER 5\\Pemrograman Framework\\BELAJAR\\Inventory_system\\vendor\\laravel\\framework\\src\\Illuminate\\View\\Engines\\PhpEngine.php(59): Illuminate\\View\\Engines\\CompilerEngine->handleViewException(Object(ParseError), 1)
#1 E:\\SEMESTER 5\\Pemrograman Framework\\BELAJAR\\Inventory_system\\vendor\\laravel\\framework\\src\\Illuminate\\View\\Engines\\CompilerEngine.php(76): Illuminate\\View\\Engines\\PhpEngine->evaluatePath('E:\\\\SEMESTER 5\\\\P...', Array)
#2 E:\\SEMESTER 5\\Pemrograman Framework\\BELAJAR\\Inventory_system\\vendor\\laravel\\framework\\src\\Illuminate\\View\\View.php(208): Illuminate\\View\\Engines\\CompilerEngine->get('E:\\\\SEMESTER 5\\\\P...', Array)
#3 E:\\SEMESTER 5\\Pemrograman Framework\\BELAJAR\\Inventory_system\\vendor\\laravel\\framework\\src\\Illuminate\\View\\View.php(191): Illuminate\\View\\View->getContents()
#4 E:\\SEMESTER 5\\Pemrograman Framework\\BELAJAR\\Inventory_system\\vendor\\laravel\\framework\\src\\Illuminate\\View\\View.php(160): Illuminate\\View\\View->renderContents()
#5 E:\\SEMESTER 5\\Pemrograman Framework\\BELAJAR\\Inventory_system\\vendor\\laravel\\framework\\src\\Illuminate\\Http\\Response.php(78): Illuminate\\View\\View->render()
#6 E:\\SEMESTER 5\\Pemrograman Framework\\BELAJAR\\Inventory_system\\vendor\\laravel\\framework\\src\\Illuminate\\Http\\Response.php(34): Illuminate\\Http\\Response->setContent(Object(Illuminate\\View\\View))
#7 E:\\SEMESTER 5\\Pemrograman Framework\\BELAJAR\\Inventory_system\\vendor\\laravel\\framework\\src\\Illuminate\\Routing\\Router.php(939): Illuminate\\Http\\Response->__construct(Object(Illuminate\\View\\View), 200, Array)
#8 E:\\SEMESTER 5\\Pemrograman Framework\\BELAJAR\\Inventory_system\\vendor\\laravel\\framework\\src\\Illuminate\\Routing\\Router.php(906): Illuminate\\Routing\\Router::toResponse(Object(Illuminate\\Http\\Request), Object(Illuminate\\View\\View))
#9 E:\\SEMESTER 5\\Pemrograman Framework\\BELAJAR\\Inventory_system\\vendor\\laravel\\framework\\src\\Illuminate\\Routing\\Router.php(821): Illuminate\\Routing\\Router->prepareResponse(Object(Illuminate\\Http\\Request), Object(Illuminate\\View\\View))
#10 E:\\SEMESTER 5\\Pemrograman Framework\\BELAJAR\\Inventory_system\\vendor\\laravel\\framework\\src\\Illuminate\\Pipeline\\Pipeline.php(180): Illuminate\\Routing\\Router->Illuminate\\Routing\\{closure}(Object(Illuminate\\Http\\Request))
#11 E:\\SEMESTER 5\\Pemrograman Framework\\BELAJAR\\Inventory_system\\vendor\\laravel\\framework\\src\\Illuminate\\Auth\\Middleware\\EnsureEmailIsVerified.php(41): Illuminate\\Pipeline\\Pipeline->Illuminate\\Pipeline\\{closure}(Object(Illuminate\\Http\\Request))
#12 E:\\SEMESTER 5\\Pemrograman Framework\\BELAJAR\\Inventory_system\\vendor\\laravel\\framework\\src\\Illuminate\\Pipeline\\Pipeline.php(219): Illuminate\\Auth\\Middleware\\EnsureEmailIsVerified->handle(Object(Illuminate\\Http\\Request), Object(Closure))
#13 E:\\SEMESTER 5\\Pemrograman Framework\\BELAJAR\\Inventory_system\\vendor\\laravel\\framework\\src\\Illuminate\\Routing\\Middleware\\SubstituteBindings.php(50): Illuminate\\Pipeline\\Pipeline->Illuminate\\Pipeline\\{closure}(Object(Illuminate\\Http\\Request))
#14 E:\\SEMESTER 5\\Pemrograman Framework\\BELAJAR\\Inventory_system\\vendor\\laravel\\framework\\src\\Illuminate\\Pipeline\\Pipeline.php(219): Illuminate\\Routing\\Middleware\\SubstituteBindings->handle(Object(Illuminate\\Http\\Request), Object(Closure))
#15 E:\\SEMESTER 5\\Pemrograman Framework\\BELAJAR\\Inventory_system\\vendor\\laravel\\framework\\src\\Illuminate\\Auth\\Middleware\\Authenticate.php(63): Illuminate\\Pipeline\\Pipeline->Illuminate\\Pipeline\\{closure}(Object(Illuminate\\Http\\Request))
#16 E:\\SEMESTER 5\\Pemrograman Framework\\BELAJAR\\Inventory_system\\vendor\\laravel\\framework\\src\\Illuminate\\Pipeline\\Pipeline.php(219): Illuminate\\Auth\\Middleware\\Authenticate->handle(Object(Illuminate\\Http\\Request), Object(Closure))
#17 E:\\SEMESTER 5\\Pemrograman Framework\\BELAJAR\\Inventory_system\\vendor\\laravel\\framework\\src\\Illuminate\\Foundation\\Http\\Middleware\\VerifyCsrfToken.php(87): Illuminate\\Pipeline\\Pipeline->Illuminate\\Pipeline\\{closure}(Object(Illuminate\\Http\\Request))
#18 E:\\SEMESTER 5\\Pemrograman Framework\\BELAJAR\\Inventory_system\\vendor\\laravel\\framework\\src\\Illuminate\\Pipeline\\Pipeline.php(219): Illuminate\\Foundation\\Http\\Middleware\\VerifyCsrfToken->handle(Object(Illuminate\\Http\\Request), Object(Closure))
#19 E:\\SEMESTER 5\\Pemrograman Framework\\BELAJAR\\Inventory_system\\vendor\\laravel\\framework\\src\\Illuminate\\View\\Middleware\\ShareErrorsFromSession.php(48): Illuminate\\Pipeline\\Pipeline->Illuminate\\Pipeline\\{closure}(Object(Illuminate\\Http\\Request))
#20 E:\\SEMESTER 5\\Pemrograman Framework\\BELAJAR\\Inventory_system\\vendor\\laravel\\framework\\src\\Illuminate\\Pipeline\\Pipeline.php(219): Illuminate\\View\\Middleware\\ShareErrorsFromSession->handle(Object(Illuminate\\Http\\Request), Object(Closure))
#21 E:\\SEMESTER 5\\Pemrograman Framework\\BELAJAR\\Inventory_system\\vendor\\laravel\\framework\\src\\Illuminate\\Session\\Middleware\\StartSession.php(120): Illuminate\\Pipeline\\Pipeline->Illuminate\\Pipeline\\{closure}(Object(Illuminate\\Http\\Request))
#22 E:\\SEMESTER 5\\Pemrograman Framework\\BELAJAR\\Inventory_system\\vendor\\laravel\\framework\\src\\Illuminate\\Session\\Middleware\\StartSession.php(63): Illuminate\\Session\\Middleware\\StartSession->handleStatefulRequest(Object(Illuminate\\Http\\Request), Object(Illuminate\\Session\\Store), Object(Closure))
#23 E:\\SEMESTER 5\\Pemrograman Framework\\BELAJAR\\Inventory_system\\vendor\\laravel\\framework\\src\\Illuminate\\Pipeline\\Pipeline.php(219): Illuminate\\Session\\Middleware\\StartSession->handle(Object(Illuminate\\Http\\Request), Object(Closure))
#24 E:\\SEMESTER 5\\Pemrograman Framework\\BELAJAR\\Inventory_system\\vendor\\laravel\\framework\\src\\Illuminate\\Cookie\\Middleware\\AddQueuedCookiesToResponse.php(36): Illuminate\\Pipeline\\Pipeline->Illuminate\\Pipeline\\{closure}(Object(Illuminate\\Http\\Request))
#25 E:\\SEMESTER 5\\Pemrograman Framework\\BELAJAR\\Inventory_system\\vendor\\laravel\\framework\\src\\Illuminate\\Pipeline\\Pipeline.php(219): Illuminate\\Cookie\\Middleware\\AddQueuedCookiesToResponse->handle(Object(Illuminate\\Http\\Request), Object(Closure))
#26 E:\\SEMESTER 5\\Pemrograman Framework\\BELAJAR\\Inventory_system\\vendor\\laravel\\framework\\src\\Illuminate\\Cookie\\Middleware\\EncryptCookies.php(74): Illuminate\\Pipeline\\Pipeline->Illuminate\\Pipeline\\{closure}(Object(Illuminate\\Http\\Request))
#27 E:\\SEMESTER 5\\Pemrograman Framework\\BELAJAR\\Inventory_system\\vendor\\laravel\\framework\\src\\Illuminate\\Pipeline\\Pipeline.php(219): Illuminate\\Cookie\\Middleware\\EncryptCookies->handle(Object(Illuminate\\Http\\Request), Object(Closure))
#28 E:\\SEMESTER 5\\Pemrograman Framework\\BELAJAR\\Inventory_system\\vendor\\laravel\\framework\\src\\Illuminate\\Pipeline\\Pipeline.php(137): Illuminate\\Pipeline\\Pipeline->Illuminate\\Pipeline\\{closure}(Object(Illuminate\\Http\\Request))
#29 E:\\SEMESTER 5\\Pemrograman Framework\\BELAJAR\\Inventory_system\\vendor\\laravel\\framework\\src\\Illuminate\\Routing\\Router.php(821): Illuminate\\Pipeline\\Pipeline->then(Object(Closure))
#30 E:\\SEMESTER 5\\Pemrograman Framework\\BELAJAR\\Inventory_system\\vendor\\laravel\\framework\\src\\Illuminate\\Routing\\Router.php(800): Illuminate\\Routing\\Router->runRouteWithinStack(Object(Illuminate\\Routing\\Route), Object(Illuminate\\Http\\Request))
#31 E:\\SEMESTER 5\\Pemrograman Framework\\BELAJAR\\Inventory_system\\vendor\\laravel\\framework\\src\\Illuminate\\Routing\\Router.php(764): Illuminate\\Routing\\Router->runRoute(Object(Illuminate\\Http\\Request), Object(Illuminate\\Routing\\Route))
#32 E:\\SEMESTER 5\\Pemrograman Framework\\BELAJAR\\Inventory_system\\vendor\\laravel\\framework\\src\\Illuminate\\Routing\\Router.php(753): Illuminate\\Routing\\Router->dispatchToRoute(Object(Illuminate\\Http\\Request))
#33 E:\\SEMESTER 5\\Pemrograman Framework\\BELAJAR\\Inventory_system\\vendor\\laravel\\framework\\src\\Illuminate\\Foundation\\Http\\Kernel.php(200): Illuminate\\Routing\\Router->dispatch(Object(Illuminate\\Http\\Request))
#34 E:\\SEMESTER 5\\Pemrograman Framework\\BELAJAR\\Inventory_system\\vendor\\laravel\\framework\\src\\Illuminate\\Pipeline\\Pipeline.php(180): Illuminate\\Foundation\\Http\\Kernel->Illuminate\\Foundation\\Http\\{closure}(Object(Illuminate\\Http\\Request))
#35 E:\\SEMESTER 5\\Pemrograman Framework\\BELAJAR\\Inventory_system\\vendor\\laravel\\framework\\src\\Illuminate\\Foundation\\Http\\Middleware\\TransformsRequest.php(21): Illuminate\\Pipeline\\Pipeline->Illuminate\\Pipeline\\{closure}(Object(Illuminate\\Http\\Request))
#36 E:\\SEMESTER 5\\Pemrograman Framework\\BELAJAR\\Inventory_system\\vendor\\laravel\\framework\\src\\Illuminate\\Foundation\\Http\\Middleware\\ConvertEmptyStringsToNull.php(31): Illuminate\\Foundation\\Http\\Middleware\\TransformsRequest->handle(Object(Illuminate\\Http\\Request), Object(Closure))
#37 E:\\SEMESTER 5\\Pemrograman Framework\\BELAJAR\\Inventory_system\\vendor\\laravel\\framework\\src\\Illuminate\\Pipeline\\Pipeline.php(219): Illuminate\\Foundation\\Http\\Middleware\\ConvertEmptyStringsToNull->handle(Object(Illuminate\\Http\\Request), Object(Closure))
#38 E:\\SEMESTER 5\\Pemrograman Framework\\BELAJAR\\Inventory_system\\vendor\\laravel\\framework\\src\\Illuminate\\Foundation\\Http\\Middleware\\TransformsRequest.php(21): Illuminate\\Pipeline\\Pipeline->Illuminate\\Pipeline\\{closure}(Object(Illuminate\\Http\\Request))
#39 E:\\SEMESTER 5\\Pemrograman Framework\\BELAJAR\\Inventory_system\\vendor\\laravel\\framework\\src\\Illuminate\\Foundation\\Http\\Middleware\\TrimStrings.php(51): Illuminate\\Foundation\\Http\\Middleware\\TransformsRequest->handle(Object(Illuminate\\Http\\Request), Object(Closure))
#40 E:\\SEMESTER 5\\Pemrograman Framework\\BELAJAR\\Inventory_system\\vendor\\laravel\\framework\\src\\Illuminate\\Pipeline\\Pipeline.php(219): Illuminate\\Foundation\\Http\\Middleware\\TrimStrings->handle(Object(Illuminate\\Http\\Request), Object(Closure))
#41 E:\\SEMESTER 5\\Pemrograman Framework\\BELAJAR\\Inventory_system\\vendor\\laravel\\framework\\src\\Illuminate\\Http\\Middleware\\ValidatePostSize.php(27): Illuminate\\Pipeline\\Pipeline->Illuminate\\Pipeline\\{closure}(Object(Illuminate\\Http\\Request))
#42 E:\\SEMESTER 5\\Pemrograman Framework\\BELAJAR\\Inventory_system\\vendor\\laravel\\framework\\src\\Illuminate\\Pipeline\\Pipeline.php(219): Illuminate\\Http\\Middleware\\ValidatePostSize->handle(Object(Illuminate\\Http\\Request), Object(Closure))
#43 E:\\SEMESTER 5\\Pemrograman Framework\\BELAJAR\\Inventory_system\\vendor\\laravel\\framework\\src\\Illuminate\\Foundation\\Http\\Middleware\\PreventRequestsDuringMaintenance.php(109): Illuminate\\Pipeline\\Pipeline->Illuminate\\Pipeline\\{closure}(Object(Illuminate\\Http\\Request))
#44 E:\\SEMESTER 5\\Pemrograman Framework\\BELAJAR\\Inventory_system\\vendor\\laravel\\framework\\src\\Illuminate\\Pipeline\\Pipeline.php(219): Illuminate\\Foundation\\Http\\Middleware\\PreventRequestsDuringMaintenance->handle(Object(Illuminate\\Http\\Request), Object(Closure))
#45 E:\\SEMESTER 5\\Pemrograman Framework\\BELAJAR\\Inventory_system\\vendor\\laravel\\framework\\src\\Illuminate\\Http\\Middleware\\HandleCors.php(48): Illuminate\\Pipeline\\Pipeline->Illuminate\\Pipeline\\{closure}(Object(Illuminate\\Http\\Request))
#46 E:\\SEMESTER 5\\Pemrograman Framework\\BELAJAR\\Inventory_system\\vendor\\laravel\\framework\\src\\Illuminate\\Pipeline\\Pipeline.php(219): Illuminate\\Http\\Middleware\\HandleCors->handle(Object(Illuminate\\Http\\Request), Object(Closure))
#47 E:\\SEMESTER 5\\Pemrograman Framework\\BELAJAR\\Inventory_system\\vendor\\laravel\\framework\\src\\Illuminate\\Http\\Middleware\\TrustProxies.php(58): Illuminate\\Pipeline\\Pipeline->Illuminate\\Pipeline\\{closure}(Object(Illuminate\\Http\\Request))
#48 E:\\SEMESTER 5\\Pemrograman Framework\\BELAJAR\\Inventory_system\\vendor\\laravel\\framework\\src\\Illuminate\\Pipeline\\Pipeline.php(219): Illuminate\\Http\\Middleware\\TrustProxies->handle(Object(Illuminate\\Http\\Request), Object(Closure))
#49 E:\\SEMESTER 5\\Pemrograman Framework\\BELAJAR\\Inventory_system\\vendor\\laravel\\framework\\src\\Illuminate\\Foundation\\Http\\Middleware\\InvokeDeferredCallbacks.php(22): Illuminate\\Pipeline\\Pipeline->Illuminate\\Pipeline\\{closure}(Object(Illuminate\\Http\\Request))
#50 E:\\SEMESTER 5\\Pemrograman Framework\\BELAJAR\\Inventory_system\\vendor\\laravel\\framework\\src\\Illuminate\\Pipeline\\Pipeline.php(219): Illuminate\\Foundation\\Http\\Middleware\\InvokeDeferredCallbacks->handle(Object(Illuminate\\Http\\Request), Object(Closure))
#51 E:\\SEMESTER 5\\Pemrograman Framework\\BELAJAR\\Inventory_system\\vendor\\laravel\\framework\\src\\Illuminate\\Http\\Middleware\\ValidatePathEncoding.php(26): Illuminate\\Pipeline\\Pipeline->Illuminate\\Pipeline\\{closure}(Object(Illuminate\\Http\\Request))
#52 E:\\SEMESTER 5\\Pemrograman Framework\\BELAJAR\\Inventory_system\\vendor\\laravel\\framework\\src\\Illuminate\\Pipeline\\Pipeline.php(219): Illuminate\\Http\\Middleware\\ValidatePathEncoding->handle(Object(Illuminate\\Http\\Request), Object(Closure))
#53 E:\\SEMESTER 5\\Pemrograman Framework\\BELAJAR\\Inventory_system\\vendor\\laravel\\framework\\src\\Illuminate\\Pipeline\\Pipeline.php(137): Illuminate\\Pipeline\\Pipeline->Illuminate\\Pipeline\\{closure}(Object(Illuminate\\Http\\Request))
#54 E:\\SEMESTER 5\\Pemrograman Framework\\BELAJAR\\Inventory_system\\vendor\\laravel\\framework\\src\\Illuminate\\Foundation\\Http\\Kernel.php(175): Illuminate\\Pipeline\\Pipeline->then(Object(Closure))
#55 E:\\SEMESTER 5\\Pemrograman Framework\\BELAJAR\\Inventory_system\\vendor\\laravel\\framework\\src\\Illuminate\\Foundation\\Http\\Kernel.php(144): Illuminate\\Foundation\\Http\\Kernel->sendRequestThroughRouter(Object(Illuminate\\Http\\Request))
#56 E:\\SEMESTER 5\\Pemrograman Framework\\BELAJAR\\Inventory_system\\vendor\\laravel\\framework\\src\\Illuminate\\Foundation\\Application.php(1220): Illuminate\\Foundation\\Http\\Kernel->handle(Object(Illuminate\\Http\\Request))
#57 E:\\SEMESTER 5\\Pemrograman Framework\\BELAJAR\\Inventory_system\\public\\index.php(20): Illuminate\\Foundation\\Application->handleRequest(Object(Illuminate\\Http\\Request))
#58 E:\\SEMESTER 5\\Pemrograman Framework\\BELAJAR\\Inventory_system\\vendor\\laravel\\framework\\src\\Illuminate\\Foundation\\resources\\server.php(23): require_once('E:\\\\SEMESTER 5\\\\P...')
#59 {main}

[previous exception] [object] (ParseError(code: 0): syntax error, unexpected token \"endif\", expecting end of file at E:\\SEMESTER 5\\Pemrograman Framework\\BELAJAR\\Inventory_system\\storage\\framework\\views\\b4f7edf2b85adc7216e196e15b455261.php:184)
[stacktrace]
#0 E:\\SEMESTER 5\\Pemrograman Framework\\BELAJAR\\Inventory_system\\vendor\\laravel\\framework\\src\\Illuminate\\Filesystem\\Filesystem.php(124): Illuminate\\Filesystem\\Filesystem::Illuminate\\Filesystem\\{closure}()
#1 E:\\SEMESTER 5\\Pemrograman Framework\\BELAJAR\\Inventory_system\\vendor\\laravel\\framework\\src\\Illuminate\\View\\Engines\\PhpEngine.php(57): Illuminate\\Filesystem\\Filesystem->getRequire('E:\\\\SEMESTER 5\\\\P...', Array)
#2 E:\\SEMESTER 5\\Pemrograman Framework\\BELAJAR\\Inventory_system\\vendor\\laravel\\framework\\src\\Illuminate\\View\\Engines\\CompilerEngine.php(76): Illuminate\\View\\Engines\\PhpEngine->evaluatePath('E:\\\\SEMESTER 5\\\\P...', Array)
#3 E:\\SEMESTER 5\\Pemrograman Framework\\BELAJAR\\Inventory_system\\vendor\\laravel\\framework\\src\\Illuminate\\View\\View.php(208): Illuminate\\View\\Engines\\CompilerEngine->get('E:\\\\SEMESTER 5\\\\P...', Array)
#4 E:\\SEMESTER 5\\Pemrograman Framework\\BELAJAR\\Inventory_system\\vendor\\laravel\\framework\\src\\Illuminate\\View\\View.php(191): Illuminate\\View\\View->getContents()
#5 E:\\SEMESTER 5\\Pemrograman Framework\\BELAJAR\\Inventory_system\\vendor\\laravel\\framework\\src\\Illuminate\\View\\View.php(160): Illuminate\\View\\View->renderContents()
#6 E:\\SEMESTER 5\\Pemrograman Framework\\BELAJAR\\Inventory_system\\vendor\\laravel\\framework\\src\\Illuminate\\Http\\Response.php(78): Illuminate\\View\\View->render()
#7 E:\\SEMESTER 5\\Pemrograman Framework\\BELAJAR\\Inventory_system\\vendor\\laravel\\framework\\src\\Illuminate\\Http\\Response.php(34): Illuminate\\Http\\Response->setContent(Object(Illuminate\\View\\View))
#8 E:\\SEMESTER 5\\Pemrograman Framework\\BELAJAR\\Inventory_system\\vendor\\laravel\\framework\\src\\Illuminate\\Routing\\Router.php(939): Illuminate\\Http\\Response->__construct(Object(Illuminate\\View\\View), 200, Array)
#9 E:\\SEMESTER 5\\Pemrograman Framework\\BELAJAR\\Inventory_system\\vendor\\laravel\\framework\\src\\Illuminate\\Routing\\Router.php(906): Illuminate\\Routing\\Router::toResponse(Object(Illuminate\\Http\\Request), Object(Illuminate\\View\\View))
#10 E:\\SEMESTER 5\\Pemrograman Framework\\BELAJAR\\Inventory_system\\vendor\\laravel\\framework\\src\\Illuminate\\Routing\\Router.php(821): Illuminate\\Routing\\Router->prepareResponse(Object(Illuminate\\Http\\Request), Object(Illuminate\\View\\View))
#11 E:\\SEMESTER 5\\Pemrograman Framework\\BELAJAR\\Inventory_system\\vendor\\laravel\\framework\\src\\Illuminate\\Pipeline\\Pipeline.php(180): Illuminate\\Routing\\Router->Illuminate\\Routing\\{closure}(Object(Illuminate\\Http\\Request))
#12 E:\\SEMESTER 5\\Pemrograman Framework\\BELAJAR\\Inventory_system\\vendor\\laravel\\framework\\src\\Illuminate\\Auth\\Middleware\\EnsureEmailIsVerified.php(41): Illuminate\\Pipeline\\Pipeline->Illuminate\\Pipeline\\{closure}(Object(Illuminate\\Http\\Request))
#13 E:\\SEMESTER 5\\Pemrograman Framework\\BELAJAR\\Inventory_system\\vendor\\laravel\\framework\\src\\Illuminate\\Pipeline\\Pipeline.php(219): Illuminate\\Auth\\Middleware\\EnsureEmailIsVerified->handle(Object(Illuminate\\Http\\Request), Object(Closure))
#14 E:\\SEMESTER 5\\Pemrograman Framework\\BELAJAR\\Inventory_system\\vendor\\laravel\\framework\\src\\Illuminate\\Routing\\Middleware\\SubstituteBindings.php(50): Illuminate\\Pipeline\\Pipeline->Illuminate\\Pipeline\\{closure}(Object(Illuminate\\Http\\Request))
#15 E:\\SEMESTER 5\\Pemrograman Framework\\BELAJAR\\Inventory_system\\vendor\\laravel\\framework\\src\\Illuminate\\Pipeline\\Pipeline.php(219): Illuminate\\Routing\\Middleware\\SubstituteBindings->handle(Object(Illuminate\\Http\\Request), Object(Closure))
#16 E:\\SEMESTER 5\\Pemrograman Framework\\BELAJAR\\Inventory_system\\vendor\\laravel\\framework\\src\\Illuminate\\Auth\\Middleware\\Authenticate.php(63): Illuminate\\Pipeline\\Pipeline->Illuminate\\Pipeline\\{closure}(Object(Illuminate\\Http\\Request))
#17 E:\\SEMESTER 5\\Pemrograman Framework\\BELAJAR\\Inventory_system\\vendor\\laravel\\framework\\src\\Illuminate\\Pipeline\\Pipeline.php(219): Illuminate\\Auth\\Middleware\\Authenticate->handle(Object(Illuminate\\Http\\Request), Object(Closure))
#18 E:\\SEMESTER 5\\Pemrograman Framework\\BELAJAR\\Inventory_system\\vendor\\laravel\\framework\\src\\Illuminate\\Foundation\\Http\\Middleware\\VerifyCsrfToken.php(87): Illuminate\\Pipeline\\Pipeline->Illuminate\\Pipeline\\{closure}(Object(Illuminate\\Http\\Request))
#19 E:\\SEMESTER 5\\Pemrograman Framework\\BELAJAR\\Inventory_system\\vendor\\laravel\\framework\\src\\Illuminate\\Pipeline\\Pipeline.php(219): Illuminate\\Foundation\\Http\\Middleware\\VerifyCsrfToken->handle(Object(Illuminate\\Http\\Request), Object(Closure))
#20 E:\\SEMESTER 5\\Pemrograman Framework\\BELAJAR\\Inventory_system\\vendor\\laravel\\framework\\src\\Illuminate\\View\\Middleware\\ShareErrorsFromSession.php(48): Illuminate\\Pipeline\\Pipeline->Illuminate\\Pipeline\\{closure}(Object(Illuminate\\Http\\Request))
#21 E:\\SEMESTER 5\\Pemrograman Framework\\BELAJAR\\Inventory_system\\vendor\\laravel\\framework\\src\\Illuminate\\Pipeline\\Pipeline.php(219): Illuminate\\View\\Middleware\\ShareErrorsFromSession->handle(Object(Illuminate\\Http\\Request), Object(Closure))
#22 E:\\SEMESTER 5\\Pemrograman Framework\\BELAJAR\\Inventory_system\\vendor\\laravel\\framework\\src\\Illuminate\\Session\\Middleware\\StartSession.php(120): Illuminate\\Pipeline\\Pipeline->Illuminate\\Pipeline\\{closure}(Object(Illuminate\\Http\\Request))
#23 E:\\SEMESTER 5\\Pemrograman Framework\\BELAJAR\\Inventory_system\\vendor\\laravel\\framework\\src\\Illuminate\\Session\\Middleware\\StartSession.php(63): Illuminate\\Session\\Middleware\\StartSession->handleStatefulRequest(Object(Illuminate\\Http\\Request), Object(Illuminate\\Session\\Store), Object(Closure))
#24 E:\\SEMESTER 5\\Pemrograman Framework\\BELAJAR\\Inventory_system\\vendor\\laravel\\framework\\src\\Illuminate\\Pipeline\\Pipeline.php(219): Illuminate\\Session\\Middleware\\StartSession->handle(Object(Illuminate\\Http\\Request), Object(Closure))
#25 E:\\SEMESTER 5\\Pemrograman Framework\\BELAJAR\\Inventory_system\\vendor\\laravel\\framework\\src\\Illuminate\\Cookie\\Middleware\\AddQueuedCookiesToResponse.php(36): Illuminate\\Pipeline\\Pipeline->Illuminate\\Pipeline\\{closure}(Object(Illuminate\\Http\\Request))
#26 E:\\SEMESTER 5\\Pemrograman Framework\\BELAJAR\\Inventory_system\\vendor\\laravel\\framework\\src\\Illuminate\\Pipeline\\Pipeline.php(219): Illuminate\\Cookie\\Middleware\\AddQueuedCookiesToResponse->handle(Object(Illuminate\\Http\\Request), Object(Closure))
#27 E:\\SEMESTER 5\\Pemrograman Framework\\BELAJAR\\Inventory_system\\vendor\\laravel\\framework\\src\\Illuminate\\Cookie\\Middleware\\EncryptCookies.php(74): Illuminate\\Pipeline\\Pipeline->Illuminate\\Pipeline\\{closure}(Object(Illuminate\\Http\\Request))
#28 E:\\SEMESTER 5\\Pemrograman Framework\\BELAJAR\\Inventory_system\\vendor\\laravel\\framework\\src\\Illuminate\\Pipeline\\Pipeline.php(219): Illuminate\\Cookie\\Middleware\\EncryptCookies->handle(Object(Illuminate\\Http\\Request), Object(Closure))
#29 E:\\SEMESTER 5\\Pemrograman Framework\\BELAJAR\\Inventory_system\\vendor\\laravel\\framework\\src\\Illuminate\\Pipeline\\Pipeline.php(137): Illuminate\\Pipeline\\Pipeline->Illuminate\\Pipeline\\{closure}(Object(Illuminate\\Http\\Request))
#30 E:\\SEMESTER 5\\Pemrograman Framework\\BELAJAR\\Inventory_system\\vendor\\laravel\\framework\\src\\Illuminate\\Routing\\Router.php(821): Illuminate\\Pipeline\\Pipeline->then(Object(Closure))
#31 E:\\SEMESTER 5\\Pemrograman Framework\\BELAJAR\\Inventory_system\\vendor\\laravel\\framework\\src\\Illuminate\\Routing\\Router.php(800): Illuminate\\Routing\\Router->runRouteWithinStack(Object(Illuminate\\Routing\\Route), Object(Illuminate\\Http\\Request))
#32 E:\\SEMESTER 5\\Pemrograman Framework\\BELAJAR\\Inventory_system\\vendor\\laravel\\framework\\src\\Illuminate\\Routing\\Router.php(764): Illuminate\\Routing\\Router->runRoute(Object(Illuminate\\Http\\Request), Object(Illuminate\\Routing\\Route))
#33 E:\\SEMESTER 5\\Pemrograman Framework\\BELAJAR\\Inventory_system\\vendor\\laravel\\framework\\src\\Illuminate\\Routing\\Router.php(753): Illuminate\\Routing\\Router->dispatchToRoute(Object(Illuminate\\Http\\Request))
#34 E:\\SEMESTER 5\\Pemrograman Framework\\BELAJAR\\Inventory_system\\vendor\\laravel\\framework\\src\\Illuminate\\Foundation\\Http\\Kernel.php(200): Illuminate\\Routing\\Router->dispatch(Object(Illuminate\\Http\\Request))
#35 E:\\SEMESTER 5\\Pemrograman Framework\\BELAJAR\\Inventory_system\\vendor\\laravel\\framework\\src\\Illuminate\\Pipeline\\Pipeline.php(180): Illuminate\\Foundation\\Http\\Kernel->Illuminate\\Foundation\\Http\\{closure}(Object(Illuminate\\Http\\Request))
#36 E:\\SEMESTER 5\\Pemrograman Framework\\BELAJAR\\Inventory_system\\vendor\\laravel\\framework\\src\\Illuminate\\Foundation\\Http\\Middleware\\TransformsRequest.php(21): Illuminate\\Pipeline\\Pipeline->Illuminate\\Pipeline\\{closure}(Object(Illuminate\\Http\\Request))
#37 E:\\SEMESTER 5\\Pemrograman Framework\\BELAJAR\\Inventory_system\\vendor\\laravel\\framework\\src\\Illuminate\\Foundation\\Http\\Middleware\\ConvertEmptyStringsToNull.php(31): Illuminate\\Foundation\\Http\\Middleware\\TransformsRequest->handle(Object(Illuminate\\Http\\Request), Object(Closure))
#38 E:\\SEMESTER 5\\Pemrograman Framework\\BELAJAR\\Inventory_system\\vendor\\laravel\\framework\\src\\Illuminate\\Pipeline\\Pipeline.php(219): Illuminate\\Foundation\\Http\\Middleware\\ConvertEmptyStringsToNull->handle(Object(Illuminate\\Http\\Request), Object(Closure))
#39 E:\\SEMESTER 5\\Pemrograman Framework\\BELAJAR\\Inventory_system\\vendor\\laravel\\framework\\src\\Illuminate\\Foundation\\Http\\Middleware\\TransformsRequest.php(21): Illuminate\\Pipeline\\Pipeline->Illuminate\\Pipeline\\{closure}(Object(Illuminate\\Http\\Request))
#40 E:\\SEMESTER 5\\Pemrograman Framework\\BELAJAR\\Inventory_system\\vendor\\laravel\\framework\\src\\Illuminate\\Foundation\\Http\\Middleware\\TrimStrings.php(51): Illuminate\\Foundation\\Http\\Middleware\\TransformsRequest->handle(Object(Illuminate\\Http\\Request), Object(Closure))
#41 E:\\SEMESTER 5\\Pemrograman Framework\\BELAJAR\\Inventory_system\\vendor\\laravel\\framework\\src\\Illuminate\\Pipeline\\Pipeline.php(219): Illuminate\\Foundation\\Http\\Middleware\\TrimStrings->handle(Object(Illuminate\\Http\\Request), Object(Closure))
#42 E:\\SEMESTER 5\\Pemrograman Framework\\BELAJAR\\Inventory_system\\vendor\\laravel\\framework\\src\\Illuminate\\Http\\Middleware\\ValidatePostSize.php(27): Illuminate\\Pipeline\\Pipeline->Illuminate\\Pipeline\\{closure}(Object(Illuminate\\Http\\Request))
#43 E:\\SEMESTER 5\\Pemrograman Framework\\BELAJAR\\Inventory_system\\vendor\\laravel\\framework\\src\\Illuminate\\Pipeline\\Pipeline.php(219): Illuminate\\Http\\Middleware\\ValidatePostSize->handle(Object(Illuminate\\Http\\Request), Object(Closure))
#44 E:\\SEMESTER 5\\Pemrograman Framework\\BELAJAR\\Inventory_system\\vendor\\laravel\\framework\\src\\Illuminate\\Foundation\\Http\\Middleware\\PreventRequestsDuringMaintenance.php(109): Illuminate\\Pipeline\\Pipeline->Illuminate\\Pipeline\\{closure}(Object(Illuminate\\Http\\Request))
#45 E:\\SEMESTER 5\\Pemrograman Framework\\BELAJAR\\Inventory_system\\vendor\\laravel\\framework\\src\\Illuminate\\Pipeline\\Pipeline.php(219): Illuminate\\Foundation\\Http\\Middleware\\PreventRequestsDuringMaintenance->handle(Object(Illuminate\\Http\\Request), Object(Closure))
#46 E:\\SEMESTER 5\\Pemrograman Framework\\BELAJAR\\Inventory_system\\vendor\\laravel\\framework\\src\\Illuminate\\Http\\Middleware\\HandleCors.php(48): Illuminate\\Pipeline\\Pipeline->Illuminate\\Pipeline\\{closure}(Object(Illuminate\\Http\\Request))
#47 E:\\SEMESTER 5\\Pemrograman Framework\\BELAJAR\\Inventory_system\\vendor\\laravel\\framework\\src\\Illuminate\\Pipeline\\Pipeline.php(219): Illuminate\\Http\\Middleware\\HandleCors->handle(Object(Illuminate\\Http\\Request), Object(Closure))
#48 E:\\SEMESTER 5\\Pemrograman Framework\\BELAJAR\\Inventory_system\\vendor\\laravel\\framework\\src\\Illuminate\\Http\\Middleware\\TrustProxies.php(58): Illuminate\\Pipeline\\Pipeline->Illuminate\\Pipeline\\{closure}(Object(Illuminate\\Http\\Request))
#49 E:\\SEMESTER 5\\Pemrograman Framework\\BELAJAR\\Inventory_system\\vendor\\laravel\\framework\\src\\Illuminate\\Pipeline\\Pipeline.php(219): Illuminate\\Http\\Middleware\\TrustProxies->handle(Object(Illuminate\\Http\\Request), Object(Closure))
#50 E:\\SEMESTER 5\\Pemrograman Framework\\BELAJAR\\Inventory_system\\vendor\\laravel\\framework\\src\\Illuminate\\Foundation\\Http\\Middleware\\InvokeDeferredCallbacks.php(22): Illuminate\\Pipeline\\Pipeline->Illuminate\\Pipeline\\{closure}(Object(Illuminate\\Http\\Request))
#51 E:\\SEMESTER 5\\Pemrograman Framework\\BELAJAR\\Inventory_system\\vendor\\laravel\\framework\\src\\Illuminate\\Pipeline\\Pipeline.php(219): Illuminate\\Foundation\\Http\\Middleware\\InvokeDeferredCallbacks->handle(Object(Illuminate\\Http\\Request), Object(Closure))
#52 E:\\SEMESTER 5\\Pemrograman Framework\\BELAJAR\\Inventory_system\\vendor\\laravel\\framework\\src\\Illuminate\\Http\\Middleware\\ValidatePathEncoding.php(26): Illuminate\\Pipeline\\Pipeline->Illuminate\\Pipeline\\{closure}(Object(Illuminate\\Http\\Request))
#53 E:\\SEMESTER 5\\Pemrograman Framework\\BELAJAR\\Inventory_system\\vendor\\laravel\\framework\\src\\Illuminate\\Pipeline\\Pipeline.php(219): Illuminate\\Http\\Middleware\\ValidatePathEncoding->handle(Object(Illuminate\\Http\\Request), Object(Closure))
#54 E:\\SEMESTER 5\\Pemrograman Framework\\BELAJAR\\Inventory_system\\vendor\\laravel\\framework\\src\\Illuminate\\Pipeline\\Pipeline.php(137): Illuminate\\Pipeline\\Pipeline->Illuminate\\Pipeline\\{closure}(Object(Illuminate\\Http\\Request))
#55 E:\\SEMESTER 5\\Pemrograman Framework\\BELAJAR\\Inventory_system\\vendor\\laravel\\framework\\src\\Illuminate\\Foundation\\Http\\Kernel.php(175): Illuminate\\Pipeline\\Pipeline->then(Object(Closure))
#56 E:\\SEMESTER 5\\Pemrograman Framework\\BELAJAR\\Inventory_system\\vendor\\laravel\\framework\\src\\Illuminate\\Foundation\\Http\\Kernel.php(144): Illuminate\\Foundation\\Http\\Kernel->sendRequestThroughRouter(Object(Illuminate\\Http\\Request))
#57 E:\\SEMESTER 5\\Pemrograman Framework\\BELAJAR\\Inventory_system\\vendor\\laravel\\framework\\src\\Illuminate\\Foundation\\Application.php(1220): Illuminate\\Foundation\\Http\\Kernel->handle(Object(Illuminate\\Http\\Request))
#58 E:\\SEMESTER 5\\Pemrograman Framework\\BELAJAR\\Inventory_system\\public\\index.php(20): Illuminate\\Foundation\\Application->handleRequest(Object(Illuminate\\Http\\Request))
#59 E:\\SEMESTER 5\\Pemrograman Framework\\BELAJAR\\Inventory_system\\vendor\\laravel\\framework\\src\\Illuminate\\Foundation\\resources\\server.php(23): require_once('E:\\\\SEMESTER 5\\\\P...')
#60 {main}
"} 
[2025-11-25 17:00:54] local.ERROR: syntax error, unexpected token "endif", expecting end of file (View: E:\SEMESTER 5\Pemrograman Framework\BELAJAR\Inventory_system\resources\views\transactions\create.blade.php) {"userId":2,"exception":"[object] (Illuminate\\View\\ViewException(code: 0): syntax error, unexpected token \"endif\", expecting end of file (View: E:\\SEMESTER 5\\Pemrograman Framework\\BELAJAR\\Inventory_system\\resources\\views\\transactions\\create.blade.php) at E:\\SEMESTER 5\\Pemrograman Framework\\BELAJAR\\Inventory_system\\storage\\framework\\views\\0226a6adee4fb1b45d7edd65ffb74958.php:4)
[stacktrace]
#0 E:\\SEMESTER 5\\Pemrograman Framework\\BELAJAR\\Inventory_system\\vendor\\laravel\\framework\\src\\Illuminate\\View\\Engines\\PhpEngine.php(59): Illuminate\\View\\Engines\\CompilerEngine->handleViewException(Object(ParseError), 1)
#1 E:\\SEMESTER 5\\Pemrograman Framework\\BELAJAR\\Inventory_system\\vendor\\laravel\\framework\\src\\Illuminate\\View\\Engines\\CompilerEngine.php(76): Illuminate\\View\\Engines\\PhpEngine->evaluatePath('E:\\\\SEMESTER 5\\\\P...', Array)
#2 E:\\SEMESTER 5\\Pemrograman Framework\\BELAJAR\\Inventory_system\\vendor\\laravel\\framework\\src\\Illuminate\\View\\View.php(208): Illuminate\\View\\Engines\\CompilerEngine->get('E:\\\\SEMESTER 5\\\\P...', Array)
#3 E:\\SEMESTER 5\\Pemrograman Framework\\BELAJAR\\Inventory_system\\vendor\\laravel\\framework\\src\\Illuminate\\View\\View.php(191): Illuminate\\View\\View->getContents()
#4 E:\\SEMESTER 5\\Pemrograman Framework\\BELAJAR\\Inventory_system\\vendor\\laravel\\framework\\src\\Illuminate\\View\\View.php(160): Illuminate\\View\\View->renderContents()
#5 E:\\SEMESTER 5\\Pemrograman Framework\\BELAJAR\\Inventory_system\\vendor\\laravel\\framework\\src\\Illuminate\\Http\\Response.php(78): Illuminate\\View\\View->render()
#6 E:\\SEMESTER 5\\Pemrograman Framework\\BELAJAR\\Inventory_system\\vendor\\laravel\\framework\\src\\Illuminate\\Http\\Response.php(34): Illuminate\\Http\\Response->setContent(Object(Illuminate\\View\\View))
#7 E:\\SEMESTER 5\\Pemrograman Framework\\BELAJAR\\Inventory_system\\vendor\\laravel\\framework\\src\\Illuminate\\Routing\\Router.php(939): Illuminate\\Http\\Response->__construct(Object(Illuminate\\View\\View), 200, Array)
#8 E:\\SEMESTER 5\\Pemrograman Framework\\BELAJAR\\Inventory_system\\vendor\\laravel\\framework\\src\\Illuminate\\Routing\\Router.php(906): Illuminate\\Routing\\Router::toResponse(Object(Illuminate\\Http\\Request), Object(Illuminate\\View\\View))
#9 E:\\SEMESTER 5\\Pemrograman Framework\\BELAJAR\\Inventory_system\\vendor\\laravel\\framework\\src\\Illuminate\\Routing\\Router.php(821): Illuminate\\Routing\\Router->prepareResponse(Object(Illuminate\\Http\\Request), Object(Illuminate\\View\\View))
#10 E:\\SEMESTER 5\\Pemrograman Framework\\BELAJAR\\Inventory_system\\vendor\\laravel\\framework\\src\\Illuminate\\Pipeline\\Pipeline.php(180): Illuminate\\Routing\\Router->Illuminate\\Routing\\{closure}(Object(Illuminate\\Http\\Request))
#11 E:\\SEMESTER 5\\Pemrograman Framework\\BELAJAR\\Inventory_system\\app\\Http\\Middleware\\RoleMiddleware.php(24): Illuminate\\Pipeline\\Pipeline->Illuminate\\Pipeline\\{closure}(Object(Illuminate\\Http\\Request))
#12 E:\\SEMESTER 5\\Pemrograman Framework\\BELAJAR\\Inventory_system\\vendor\\laravel\\framework\\src\\Illuminate\\Pipeline\\Pipeline.php(219): App\\Http\\Middleware\\RoleMiddleware->handle(Object(Illuminate\\Http\\Request), Object(Closure), 'gudang|kasir')
#13 E:\\SEMESTER 5\\Pemrograman Framework\\BELAJAR\\Inventory_system\\vendor\\laravel\\framework\\src\\Illuminate\\Routing\\Middleware\\SubstituteBindings.php(50): Illuminate\\Pipeline\\Pipeline->Illuminate\\Pipeline\\{closure}(Object(Illuminate\\Http\\Request))
#14 E:\\SEMESTER 5\\Pemrograman Framework\\BELAJAR\\Inventory_system\\vendor\\laravel\\framework\\src\\Illuminate\\Pipeline\\Pipeline.php(219): Illuminate\\Routing\\Middleware\\SubstituteBindings->handle(Object(Illuminate\\Http\\Request), Object(Closure))
#15 E:\\SEMESTER 5\\Pemrograman Framework\\BELAJAR\\Inventory_system\\vendor\\laravel\\framework\\src\\Illuminate\\Auth\\Middleware\\Authenticate.php(63): Illuminate\\Pipeline\\Pipeline->Illuminate\\Pipeline\\{closure}(Object(Illuminate\\Http\\Request))
#16 E:\\SEMESTER 5\\Pemrograman Framework\\BELAJAR\\Inventory_system\\vendor\\laravel\\framework\\src\\Illuminate\\Pipeline\\Pipeline.php(219): Illuminate\\Auth\\Middleware\\Authenticate->handle(Object(Illuminate\\Http\\Request), Object(Closure))
#17 E:\\SEMESTER 5\\Pemrograman Framework\\BELAJAR\\Inventory_system\\vendor\\laravel\\framework\\src\\Illuminate\\Foundation\\Http\\Middleware\\VerifyCsrfToken.php(87): Illuminate\\Pipeline\\Pipeline->Illuminate\\Pipeline\\{closure}(Object(Illuminate\\Http\\Request))
#18 E:\\SEMESTER 5\\Pemrograman Framework\\BELAJAR\\Inventory_system\\vendor\\laravel\\framework\\src\\Illuminate\\Pipeline\\Pipeline.php(219): Illuminate\\Foundation\\Http\\Middleware\\VerifyCsrfToken->handle(Object(Illuminate\\Http\\Request), Object(Closure))
#19 E:\\SEMESTER 5\\Pemrograman Framework\\BELAJAR\\Inventory_system\\vendor\\laravel\\framework\\src\\Illuminate\\View\\Middleware\\ShareErrorsFromSession.php(48): Illuminate\\Pipeline\\Pipeline->Illuminate\\Pipeline\\{closure}(Object(Illuminate\\Http\\Request))
#20 E:\\SEMESTER 5\\Pemrograman Framework\\BELAJAR\\Inventory_system\\vendor\\laravel\\framework\\src\\Illuminate\\Pipeline\\Pipeline.php(219): Illuminate\\View\\Middleware\\ShareErrorsFromSession->handle(Object(Illuminate\\Http\\Request), Object(Closure))
#21 E:\\SEMESTER 5\\Pemrograman Framework\\BELAJAR\\Inventory_system\\vendor\\laravel\\framework\\src\\Illuminate\\Session\\Middleware\\StartSession.php(120): Illuminate\\Pipeline\\Pipeline->Illuminate\\Pipeline\\{closure}(Object(Illuminate\\Http\\Request))
#22 E:\\SEMESTER 5\\Pemrograman Framework\\BELAJAR\\Inventory_system\\vendor\\laravel\\framework\\src\\Illuminate\\Session\\Middleware\\StartSession.php(63): Illuminate\\Session\\Middleware\\StartSession->handleStatefulRequest(Object(Illuminate\\Http\\Request), Object(Illuminate\\Session\\Store), Object(Closure))
#23 E:\\SEMESTER 5\\Pemrograman Framework\\BELAJAR\\Inventory_system\\vendor\\laravel\\framework\\src\\Illuminate\\Pipeline\\Pipeline.php(219): Illuminate\\Session\\Middleware\\StartSession->handle(Object(Illuminate\\Http\\Request), Object(Closure))
#24 E:\\SEMESTER 5\\Pemrograman Framework\\BELAJAR\\Inventory_system\\vendor\\laravel\\framework\\src\\Illuminate\\Cookie\\Middleware\\AddQueuedCookiesToResponse.php(36): Illuminate\\Pipeline\\Pipeline->Illuminate\\Pipeline\\{closure}(Object(Illuminate\\Http\\Request))
#25 E:\\SEMESTER 5\\Pemrograman Framework\\BELAJAR\\Inventory_system\\vendor\\laravel\\framework\\src\\Illuminate\\Pipeline\\Pipeline.php(219): Illuminate\\Cookie\\Middleware\\AddQueuedCookiesToResponse->handle(Object(Illuminate\\Http\\Request), Object(Closure))
#26 E:\\SEMESTER 5\\Pemrograman Framework\\BELAJAR\\Inventory_system\\vendor\\laravel\\framework\\src\\Illuminate\\Cookie\\Middleware\\EncryptCookies.php(74): Illuminate\\Pipeline\\Pipeline->Illuminate\\Pipeline\\{closure}(Object(Illuminate\\Http\\Request))
#27 E:\\SEMESTER 5\\Pemrograman Framework\\BELAJAR\\Inventory_system\\vendor\\laravel\\framework\\src\\Illuminate\\Pipeline\\Pipeline.php(219): Illuminate\\Cookie\\Middleware\\EncryptCookies->handle(Object(Illuminate\\Http\\Request), Object(Closure))
#28 E:\\SEMESTER 5\\Pemrograman Framework\\BELAJAR\\Inventory_system\\vendor\\laravel\\framework\\src\\Illuminate\\Pipeline\\Pipeline.php(137): Illuminate\\Pipeline\\Pipeline->Illuminate\\Pipeline\\{closure}(Object(Illuminate\\Http\\Request))
#29 E:\\SEMESTER 5\\Pemrograman Framework\\BELAJAR\\Inventory_system\\vendor\\laravel\\framework\\src\\Illuminate\\Routing\\Router.php(821): Illuminate\\Pipeline\\Pipeline->then(Object(Closure))
#30 E:\\SEMESTER 5\\Pemrograman Framework\\BELAJAR\\Inventory_system\\vendor\\laravel\\framework\\src\\Illuminate\\Routing\\Router.php(800): Illuminate\\Routing\\Router->runRouteWithinStack(Object(Illuminate\\Routing\\Route), Object(Illuminate\\Http\\Request))
#31 E:\\SEMESTER 5\\Pemrograman Framework\\BELAJAR\\Inventory_system\\vendor\\laravel\\framework\\src\\Illuminate\\Routing\\Router.php(764): Illuminate\\Routing\\Router->runRoute(Object(Illuminate\\Http\\Request), Object(Illuminate\\Routing\\Route))
#32 E:\\SEMESTER 5\\Pemrograman Framework\\BELAJAR\\Inventory_system\\vendor\\laravel\\framework\\src\\Illuminate\\Routing\\Router.php(753): Illuminate\\Routing\\Router->dispatchToRoute(Object(Illuminate\\Http\\Request))
#33 E:\\SEMESTER 5\\Pemrograman Framework\\BELAJAR\\Inventory_system\\vendor\\laravel\\framework\\src\\Illuminate\\Foundation\\Http\\Kernel.php(200): Illuminate\\Routing\\Router->dispatch(Object(Illuminate\\Http\\Request))
#34 E:\\SEMESTER 5\\Pemrograman Framework\\BELAJAR\\Inventory_system\\vendor\\laravel\\framework\\src\\Illuminate\\Pipeline\\Pipeline.php(180): Illuminate\\Foundation\\Http\\Kernel->Illuminate\\Foundation\\Http\\{closure}(Object(Illuminate\\Http\\Request))
#35 E:\\SEMESTER 5\\Pemrograman Framework\\BELAJAR\\Inventory_system\\vendor\\laravel\\framework\\src\\Illuminate\\Foundation\\Http\\Middleware\\TransformsRequest.php(21): Illuminate\\Pipeline\\Pipeline->Illuminate\\Pipeline\\{closure}(Object(Illuminate\\Http\\Request))
#36 E:\\SEMESTER 5\\Pemrograman Framework\\BELAJAR\\Inventory_system\\vendor\\laravel\\framework\\src\\Illuminate\\Foundation\\Http\\Middleware\\ConvertEmptyStringsToNull.php(31): Illuminate\\Foundation\\Http\\Middleware\\TransformsRequest->handle(Object(Illuminate\\Http\\Request), Object(Closure))
#37 E:\\SEMESTER 5\\Pemrograman Framework\\BELAJAR\\Inventory_system\\vendor\\laravel\\framework\\src\\Illuminate\\Pipeline\\Pipeline.php(219): Illuminate\\Foundation\\Http\\Middleware\\ConvertEmptyStringsToNull->handle(Object(Illuminate\\Http\\Request), Object(Closure))
#38 E:\\SEMESTER 5\\Pemrograman Framework\\BELAJAR\\Inventory_system\\vendor\\laravel\\framework\\src\\Illuminate\\Foundation\\Http\\Middleware\\TransformsRequest.php(21): Illuminate\\Pipeline\\Pipeline->Illuminate\\Pipeline\\{closure}(Object(Illuminate\\Http\\Request))
#39 E:\\SEMESTER 5\\Pemrograman Framework\\BELAJAR\\Inventory_system\\vendor\\laravel\\framework\\src\\Illuminate\\Foundation\\Http\\Middleware\\TrimStrings.php(51): Illuminate\\Foundation\\Http\\Middleware\\TransformsRequest->handle(Object(Illuminate\\Http\\Request), Object(Closure))
#40 E:\\SEMESTER 5\\Pemrograman Framework\\BELAJAR\\Inventory_system\\vendor\\laravel\\framework\\src\\Illuminate\\Pipeline\\Pipeline.php(219): Illuminate\\Foundation\\Http\\Middleware\\TrimStrings->handle(Object(Illuminate\\Http\\Request), Object(Closure))
#41 E:\\SEMESTER 5\\Pemrograman Framework\\BELAJAR\\Inventory_system\\vendor\\laravel\\framework\\src\\Illuminate\\Http\\Middleware\\ValidatePostSize.php(27): Illuminate\\Pipeline\\Pipeline->Illuminate\\Pipeline\\{closure}(Object(Illuminate\\Http\\Request))
#42 E:\\SEMESTER 5\\Pemrograman Framework\\BELAJAR\\Inventory_system\\vendor\\laravel\\framework\\src\\Illuminate\\Pipeline\\Pipeline.php(219): Illuminate\\Http\\Middleware\\ValidatePostSize->handle(Object(Illuminate\\Http\\Request), Object(Closure))
#43 E:\\SEMESTER 5\\Pemrograman Framework\\BELAJAR\\Inventory_system\\vendor\\laravel\\framework\\src\\Illuminate\\Foundation\\Http\\Middleware\\PreventRequestsDuringMaintenance.php(109): Illuminate\\Pipeline\\Pipeline->Illuminate\\Pipeline\\{closure}(Object(Illuminate\\Http\\Request))
#44 E:\\SEMESTER 5\\Pemrograman Framework\\BELAJAR\\Inventory_system\\vendor\\laravel\\framework\\src\\Illuminate\\Pipeline\\Pipeline.php(219): Illuminate\\Foundation\\Http\\Middleware\\PreventRequestsDuringMaintenance->handle(Object(Illuminate\\Http\\Request), Object(Closure))
#45 E:\\SEMESTER 5\\Pemrograman Framework\\BELAJAR\\Inventory_system\\vendor\\laravel\\framework\\src\\Illuminate\\Http\\Middleware\\HandleCors.php(48): Illuminate\\Pipeline\\Pipeline->Illuminate\\Pipeline\\{closure}(Object(Illuminate\\Http\\Request))
#46 E:\\SEMESTER 5\\Pemrograman Framework\\BELAJAR\\Inventory_system\\vendor\\laravel\\framework\\src\\Illuminate\\Pipeline\\Pipeline.php(219): Illuminate\\Http\\Middleware\\HandleCors->handle(Object(Illuminate\\Http\\Request), Object(Closure))
#47 E:\\SEMESTER 5\\Pemrograman Framework\\BELAJAR\\Inventory_system\\vendor\\laravel\\framework\\src\\Illuminate\\Http\\Middleware\\TrustProxies.php(58): Illuminate\\Pipeline\\Pipeline->Illuminate\\Pipeline\\{closure}(Object(Illuminate\\Http\\Request))
#48 E:\\SEMESTER 5\\Pemrograman Framework\\BELAJAR\\Inventory_system\\vendor\\laravel\\framework\\src\\Illuminate\\Pipeline\\Pipeline.php(219): Illuminate\\Http\\Middleware\\TrustProxies->handle(Object(Illuminate\\Http\\Request), Object(Closure))
#49 E:\\SEMESTER 5\\Pemrograman Framework\\BELAJAR\\Inventory_system\\vendor\\laravel\\framework\\src\\Illuminate\\Foundation\\Http\\Middleware\\InvokeDeferredCallbacks.php(22): Illuminate\\Pipeline\\Pipeline->Illuminate\\Pipeline\\{closure}(Object(Illuminate\\Http\\Request))
#50 E:\\SEMESTER 5\\Pemrograman Framework\\BELAJAR\\Inventory_system\\vendor\\laravel\\framework\\src\\Illuminate\\Pipeline\\Pipeline.php(219): Illuminate\\Foundation\\Http\\Middleware\\InvokeDeferredCallbacks->handle(Object(Illuminate\\Http\\Request), Object(Closure))
#51 E:\\SEMESTER 5\\Pemrograman Framework\\BELAJAR\\Inventory_system\\vendor\\laravel\\framework\\src\\Illuminate\\Http\\Middleware\\ValidatePathEncoding.php(26): Illuminate\\Pipeline\\Pipeline->Illuminate\\Pipeline\\{closure}(Object(Illuminate\\Http\\Request))
#52 E:\\SEMESTER 5\\Pemrograman Framework\\BELAJAR\\Inventory_system\\vendor\\laravel\\framework\\src\\Illuminate\\Pipeline\\Pipeline.php(219): Illuminate\\Http\\Middleware\\ValidatePathEncoding->handle(Object(Illuminate\\Http\\Request), Object(Closure))
#53 E:\\SEMESTER 5\\Pemrograman Framework\\BELAJAR\\Inventory_system\\vendor\\laravel\\framework\\src\\Illuminate\\Pipeline\\Pipeline.php(137): Illuminate\\Pipeline\\Pipeline->Illuminate\\Pipeline\\{closure}(Object(Illuminate\\Http\\Request))
#54 E:\\SEMESTER 5\\Pemrograman Framework\\BELAJAR\\Inventory_system\\vendor\\laravel\\framework\\src\\Illuminate\\Foundation\\Http\\Kernel.php(175): Illuminate\\Pipeline\\Pipeline->then(Object(Closure))
#55 E:\\SEMESTER 5\\Pemrograman Framework\\BELAJAR\\Inventory_system\\vendor\\laravel\\framework\\src\\Illuminate\\Foundation\\Http\\Kernel.php(144): Illuminate\\Foundation\\Http\\Kernel->sendRequestThroughRouter(Object(Illuminate\\Http\\Request))
#56 E:\\SEMESTER 5\\Pemrograman Framework\\BELAJAR\\Inventory_system\\vendor\\laravel\\framework\\src\\Illuminate\\Foundation\\Application.php(1220): Illuminate\\Foundation\\Http\\Kernel->handle(Object(Illuminate\\Http\\Request))
#57 E:\\SEMESTER 5\\Pemrograman Framework\\BELAJAR\\Inventory_system\\public\\index.php(20): Illuminate\\Foundation\\Application->handleRequest(Object(Illuminate\\Http\\Request))
#58 E:\\SEMESTER 5\\Pemrograman Framework\\BELAJAR\\Inventory_system\\vendor\\laravel\\framework\\src\\Illuminate\\Foundation\\resources\\server.php(23): require_once('E:\\\\SEMESTER 5\\\\P...')
#59 {main}

[previous exception] [object] (ParseError(code: 0): syntax error, unexpected token \"endif\", expecting end of file at E:\\SEMESTER 5\\Pemrograman Framework\\BELAJAR\\Inventory_system\\storage\\framework\\views\\0226a6adee4fb1b45d7edd65ffb74958.php:4)
[stacktrace]
#0 E:\\SEMESTER 5\\Pemrograman Framework\\BELAJAR\\Inventory_system\\vendor\\laravel\\framework\\src\\Illuminate\\Filesystem\\Filesystem.php(124): Illuminate\\Filesystem\\Filesystem::Illuminate\\Filesystem\\{closure}()
#1 E:\\SEMESTER 5\\Pemrograman Framework\\BELAJAR\\Inventory_system\\vendor\\laravel\\framework\\src\\Illuminate\\View\\Engines\\PhpEngine.php(57): Illuminate\\Filesystem\\Filesystem->getRequire('E:\\\\SEMESTER 5\\\\P...', Array)
#2 E:\\SEMESTER 5\\Pemrograman Framework\\BELAJAR\\Inventory_system\\vendor\\laravel\\framework\\src\\Illuminate\\View\\Engines\\CompilerEngine.php(76): Illuminate\\View\\Engines\\PhpEngine->evaluatePath('E:\\\\SEMESTER 5\\\\P...', Array)
#3 E:\\SEMESTER 5\\Pemrograman Framework\\BELAJAR\\Inventory_system\\vendor\\laravel\\framework\\src\\Illuminate\\View\\View.php(208): Illuminate\\View\\Engines\\CompilerEngine->get('E:\\\\SEMESTER 5\\\\P...', Array)
#4 E:\\SEMESTER 5\\Pemrograman Framework\\BELAJAR\\Inventory_system\\vendor\\laravel\\framework\\src\\Illuminate\\View\\View.php(191): Illuminate\\View\\View->getContents()
#5 E:\\SEMESTER 5\\Pemrograman Framework\\BELAJAR\\Inventory_system\\vendor\\laravel\\framework\\src\\Illuminate\\View\\View.php(160): Illuminate\\View\\View->renderContents()
#6 E:\\SEMESTER 5\\Pemrograman Framework\\BELAJAR\\Inventory_system\\vendor\\laravel\\framework\\src\\Illuminate\\Http\\Response.php(78): Illuminate\\View\\View->render()
#7 E:\\SEMESTER 5\\Pemrograman Framework\\BELAJAR\\Inventory_system\\vendor\\laravel\\framework\\src\\Illuminate\\Http\\Response.php(34): Illuminate\\Http\\Response->setContent(Object(Illuminate\\View\\View))
#8 E:\\SEMESTER 5\\Pemrograman Framework\\BELAJAR\\Inventory_system\\vendor\\laravel\\framework\\src\\Illuminate\\Routing\\Router.php(939): Illuminate\\Http\\Response->__construct(Object(Illuminate\\View\\View), 200, Array)
#9 E:\\SEMESTER 5\\Pemrograman Framework\\BELAJAR\\Inventory_system\\vendor\\laravel\\framework\\src\\Illuminate\\Routing\\Router.php(906): Illuminate\\Routing\\Router::toResponse(Object(Illuminate\\Http\\Request), Object(Illuminate\\View\\View))
#10 E:\\SEMESTER 5\\Pemrograman Framework\\BELAJAR\\Inventory_system\\vendor\\laravel\\framework\\src\\Illuminate\\Routing\\Router.php(821): Illuminate\\Routing\\Router->prepareResponse(Object(Illuminate\\Http\\Request), Object(Illuminate\\View\\View))
#11 E:\\SEMESTER 5\\Pemrograman Framework\\BELAJAR\\Inventory_system\\vendor\\laravel\\framework\\src\\Illuminate\\Pipeline\\Pipeline.php(180): Illuminate\\Routing\\Router->Illuminate\\Routing\\{closure}(Object(Illuminate\\Http\\Request))
#12 E:\\SEMESTER 5\\Pemrograman Framework\\BELAJAR\\Inventory_system\\app\\Http\\Middleware\\RoleMiddleware.php(24): Illuminate\\Pipeline\\Pipeline->Illuminate\\Pipeline\\{closure}(Object(Illuminate\\Http\\Request))
#13 E:\\SEMESTER 5\\Pemrograman Framework\\BELAJAR\\Inventory_system\\vendor\\laravel\\framework\\src\\Illuminate\\Pipeline\\Pipeline.php(219): App\\Http\\Middleware\\RoleMiddleware->handle(Object(Illuminate\\Http\\Request), Object(Closure), 'gudang|kasir')
#14 E:\\SEMESTER 5\\Pemrograman Framework\\BELAJAR\\Inventory_system\\vendor\\laravel\\framework\\src\\Illuminate\\Routing\\Middleware\\SubstituteBindings.php(50): Illuminate\\Pipeline\\Pipeline->Illuminate\\Pipeline\\{closure}(Object(Illuminate\\Http\\Request))
#15 E:\\SEMESTER 5\\Pemrograman Framework\\BELAJAR\\Inventory_system\\vendor\\laravel\\framework\\src\\Illuminate\\Pipeline\\Pipeline.php(219): Illuminate\\Routing\\Middleware\\SubstituteBindings->handle(Object(Illuminate\\Http\\Request), Object(Closure))
#16 E:\\SEMESTER 5\\Pemrograman Framework\\BELAJAR\\Inventory_system\\vendor\\laravel\\framework\\src\\Illuminate\\Auth\\Middleware\\Authenticate.php(63): Illuminate\\Pipeline\\Pipeline->Illuminate\\Pipeline\\{closure}(Object(Illuminate\\Http\\Request))
#17 E:\\SEMESTER 5\\Pemrograman Framework\\BELAJAR\\Inventory_system\\vendor\\laravel\\framework\\src\\Illuminate\\Pipeline\\Pipeline.php(219): Illuminate\\Auth\\Middleware\\Authenticate->handle(Object(Illuminate\\Http\\Request), Object(Closure))
#18 E:\\SEMESTER 5\\Pemrograman Framework\\BELAJAR\\Inventory_system\\vendor\\laravel\\framework\\src\\Illuminate\\Foundation\\Http\\Middleware\\VerifyCsrfToken.php(87): Illuminate\\Pipeline\\Pipeline->Illuminate\\Pipeline\\{closure}(Object(Illuminate\\Http\\Request))
#19 E:\\SEMESTER 5\\Pemrograman Framework\\BELAJAR\\Inventory_system\\vendor\\laravel\\framework\\src\\Illuminate\\Pipeline\\Pipeline.php(219): Illuminate\\Foundation\\Http\\Middleware\\VerifyCsrfToken->handle(Object(Illuminate\\Http\\Request), Object(Closure))
#20 E:\\SEMESTER 5\\Pemrograman Framework\\BELAJAR\\Inventory_system\\vendor\\laravel\\framework\\src\\Illuminate\\View\\Middleware\\ShareErrorsFromSession.php(48): Illuminate\\Pipeline\\Pipeline->Illuminate\\Pipeline\\{closure}(Object(Illuminate\\Http\\Request))
#21 E:\\SEMESTER 5\\Pemrograman Framework\\BELAJAR\\Inventory_system\\vendor\\laravel\\framework\\src\\Illuminate\\Pipeline\\Pipeline.php(219): Illuminate\\View\\Middleware\\ShareErrorsFromSession->handle(Object(Illuminate\\Http\\Request), Object(Closure))
#22 E:\\SEMESTER 5\\Pemrograman Framework\\BELAJAR\\Inventory_system\\vendor\\laravel\\framework\\src\\Illuminate\\Session\\Middleware\\StartSession.php(120): Illuminate\\Pipeline\\Pipeline->Illuminate\\Pipeline\\{closure}(Object(Illuminate\\Http\\Request))
#23 E:\\SEMESTER 5\\Pemrograman Framework\\BELAJAR\\Inventory_system\\vendor\\laravel\\framework\\src\\Illuminate\\Session\\Middleware\\StartSession.php(63): Illuminate\\Session\\Middleware\\StartSession->handleStatefulRequest(Object(Illuminate\\Http\\Request), Object(Illuminate\\Session\\Store), Object(Closure))
#24 E:\\SEMESTER 5\\Pemrograman Framework\\BELAJAR\\Inventory_system\\vendor\\laravel\\framework\\src\\Illuminate\\Pipeline\\Pipeline.php(219): Illuminate\\Session\\Middleware\\StartSession->handle(Object(Illuminate\\Http\\Request), Object(Closure))
#25 E:\\SEMESTER 5\\Pemrograman Framework\\BELAJAR\\Inventory_system\\vendor\\laravel\\framework\\src\\Illuminate\\Cookie\\Middleware\\AddQueuedCookiesToResponse.php(36): Illuminate\\Pipeline\\Pipeline->Illuminate\\Pipeline\\{closure}(Object(Illuminate\\Http\\Request))
#26 E:\\SEMESTER 5\\Pemrograman Framework\\BELAJAR\\Inventory_system\\vendor\\laravel\\framework\\src\\Illuminate\\Pipeline\\Pipeline.php(219): Illuminate\\Cookie\\Middleware\\AddQueuedCookiesToResponse->handle(Object(Illuminate\\Http\\Request), Object(Closure))
#27 E:\\SEMESTER 5\\Pemrograman Framework\\BELAJAR\\Inventory_system\\vendor\\laravel\\framework\\src\\Illuminate\\Cookie\\Middleware\\EncryptCookies.php(74): Illuminate\\Pipeline\\Pipeline->Illuminate\\Pipeline\\{closure}(Object(Illuminate\\Http\\Request))
#28 E:\\SEMESTER 5\\Pemrograman Framework\\BELAJAR\\Inventory_system\\vendor\\laravel\\framework\\src\\Illuminate\\Pipeline\\Pipeline.php(219): Illuminate\\Cookie\\Middleware\\EncryptCookies->handle(Object(Illuminate\\Http\\Request), Object(Closure))
#29 E:\\SEMESTER 5\\Pemrograman Framework\\BELAJAR\\Inventory_system\\vendor\\laravel\\framework\\src\\Illuminate\\Pipeline\\Pipeline.php(137): Illuminate\\Pipeline\\Pipeline->Illuminate\\Pipeline\\{closure}(Object(Illuminate\\Http\\Request))
#30 E:\\SEMESTER 5\\Pemrograman Framework\\BELAJAR\\Inventory_system\\vendor\\laravel\\framework\\src\\Illuminate\\Routing\\Router.php(821): Illuminate\\Pipeline\\Pipeline->then(Object(Closure))
#31 E:\\SEMESTER 5\\Pemrograman Framework\\BELAJAR\\Inventory_system\\vendor\\laravel\\framework\\src\\Illuminate\\Routing\\Router.php(800): Illuminate\\Routing\\Router->runRouteWithinStack(Object(Illuminate\\Routing\\Route), Object(Illuminate\\Http\\Request))
#32 E:\\SEMESTER 5\\Pemrograman Framework\\BELAJAR\\Inventory_system\\vendor\\laravel\\framework\\src\\Illuminate\\Routing\\Router.php(764): Illuminate\\Routing\\Router->runRoute(Object(Illuminate\\Http\\Request), Object(Illuminate\\Routing\\Route))
#33 E:\\SEMESTER 5\\Pemrograman Framework\\BELAJAR\\Inventory_system\\vendor\\laravel\\framework\\src\\Illuminate\\Routing\\Router.php(753): Illuminate\\Routing\\Router->dispatchToRoute(Object(Illuminate\\Http\\Request))
#34 E:\\SEMESTER 5\\Pemrograman Framework\\BELAJAR\\Inventory_system\\vendor\\laravel\\framework\\src\\Illuminate\\Foundation\\Http\\Kernel.php(200): Illuminate\\Routing\\Router->dispatch(Object(Illuminate\\Http\\Request))
#35 E:\\SEMESTER 5\\Pemrograman Framework\\BELAJAR\\Inventory_system\\vendor\\laravel\\framework\\src\\Illuminate\\Pipeline\\Pipeline.php(180): Illuminate\\Foundation\\Http\\Kernel->Illuminate\\Foundation\\Http\\{closure}(Object(Illuminate\\Http\\Request))
#36 E:\\SEMESTER 5\\Pemrograman Framework\\BELAJAR\\Inventory_system\\vendor\\laravel\\framework\\src\\Illuminate\\Foundation\\Http\\Middleware\\TransformsRequest.php(21): Illuminate\\Pipeline\\Pipeline->Illuminate\\Pipeline\\{closure}(Object(Illuminate\\Http\\Request))
#37 E:\\SEMESTER 5\\Pemrograman Framework\\BELAJAR\\Inventory_system\\vendor\\laravel\\framework\\src\\Illuminate\\Foundation\\Http\\Middleware\\ConvertEmptyStringsToNull.php(31): Illuminate\\Foundation\\Http\\Middleware\\TransformsRequest->handle(Object(Illuminate\\Http\\Request), Object(Closure))
#38 E:\\SEMESTER 5\\Pemrograman Framework\\BELAJAR\\Inventory_system\\vendor\\laravel\\framework\\src\\Illuminate\\Pipeline\\Pipeline.php(219): Illuminate\\Foundation\\Http\\Middleware\\ConvertEmptyStringsToNull->handle(Object(Illuminate\\Http\\Request), Object(Closure))
#39 E:\\SEMESTER 5\\Pemrograman Framework\\BELAJAR\\Inventory_system\\vendor\\laravel\\framework\\src\\Illuminate\\Foundation\\Http\\Middleware\\TransformsRequest.php(21): Illuminate\\Pipeline\\Pipeline->Illuminate\\Pipeline\\{closure}(Object(Illuminate\\Http\\Request))
#40 E:\\SEMESTER 5\\Pemrograman Framework\\BELAJAR\\Inventory_system\\vendor\\laravel\\framework\\src\\Illuminate\\Foundation\\Http\\Middleware\\TrimStrings.php(51): Illuminate\\Foundation\\Http\\Middleware\\TransformsRequest->handle(Object(Illuminate\\Http\\Request), Object(Closure))
#41 E:\\SEMESTER 5\\Pemrograman Framework\\BELAJAR\\Inventory_system\\vendor\\laravel\\framework\\src\\Illuminate\\Pipeline\\Pipeline.php(219): Illuminate\\Foundation\\Http\\Middleware\\TrimStrings->handle(Object(Illuminate\\Http\\Request), Object(Closure))
#42 E:\\SEMESTER 5\\Pemrograman Framework\\BELAJAR\\Inventory_system\\vendor\\laravel\\framework\\src\\Illuminate\\Http\\Middleware\\ValidatePostSize.php(27): Illuminate\\Pipeline\\Pipeline->Illuminate\\Pipeline\\{closure}(Object(Illuminate\\Http\\Request))
#43 E:\\SEMESTER 5\\Pemrograman Framework\\BELAJAR\\Inventory_system\\vendor\\laravel\\framework\\src\\Illuminate\\Pipeline\\Pipeline.php(219): Illuminate\\Http\\Middleware\\ValidatePostSize->handle(Object(Illuminate\\Http\\Request), Object(Closure))
#44 E:\\SEMESTER 5\\Pemrograman Framework\\BELAJAR\\Inventory_system\\vendor\\laravel\\framework\\src\\Illuminate\\Foundation\\Http\\Middleware\\PreventRequestsDuringMaintenance.php(109): Illuminate\\Pipeline\\Pipeline->Illuminate\\Pipeline\\{closure}(Object(Illuminate\\Http\\Request))
#45 E:\\SEMESTER 5\\Pemrograman Framework\\BELAJAR\\Inventory_system\\vendor\\laravel\\framework\\src\\Illuminate\\Pipeline\\Pipeline.php(219): Illuminate\\Foundation\\Http\\Middleware\\PreventRequestsDuringMaintenance->handle(Object(Illuminate\\Http\\Request), Object(Closure))
#46 E:\\SEMESTER 5\\Pemrograman Framework\\BELAJAR\\Inventory_system\\vendor\\laravel\\framework\\src\\Illuminate\\Http\\Middleware\\HandleCors.php(48): Illuminate\\Pipeline\\Pipeline->Illuminate\\Pipeline\\{closure}(Object(Illuminate\\Http\\Request))
#47 E:\\SEMESTER 5\\Pemrograman Framework\\BELAJAR\\Inventory_system\\vendor\\laravel\\framework\\src\\Illuminate\\Pipeline\\Pipeline.php(219): Illuminate\\Http\\Middleware\\HandleCors->handle(Object(Illuminate\\Http\\Request), Object(Closure))
#48 E:\\SEMESTER 5\\Pemrograman Framework\\BELAJAR\\Inventory_system\\vendor\\laravel\\framework\\src\\Illuminate\\Http\\Middleware\\TrustProxies.php(58): Illuminate\\Pipeline\\Pipeline->Illuminate\\Pipeline\\{closure}(Object(Illuminate\\Http\\Request))
#49 E:\\SEMESTER 5\\Pemrograman Framework\\BELAJAR\\Inventory_system\\vendor\\laravel\\framework\\src\\Illuminate\\Pipeline\\Pipeline.php(219): Illuminate\\Http\\Middleware\\TrustProxies->handle(Object(Illuminate\\Http\\Request), Object(Closure))
#50 E:\\SEMESTER 5\\Pemrograman Framework\\BELAJAR\\Inventory_system\\vendor\\laravel\\framework\\src\\Illuminate\\Foundation\\Http\\Middleware\\InvokeDeferredCallbacks.php(22): Illuminate\\Pipeline\\Pipeline->Illuminate\\Pipeline\\{closure}(Object(Illuminate\\Http\\Request))
#51 E:\\SEMESTER 5\\Pemrograman Framework\\BELAJAR\\Inventory_system\\vendor\\laravel\\framework\\src\\Illuminate\\Pipeline\\Pipeline.php(219): Illuminate\\Foundation\\Http\\Middleware\\InvokeDeferredCallbacks->handle(Object(Illuminate\\Http\\Request), Object(Closure))
#52 E:\\SEMESTER 5\\Pemrograman Framework\\BELAJAR\\Inventory_system\\vendor\\laravel\\framework\\src\\Illuminate\\Http\\Middleware\\ValidatePathEncoding.php(26): Illuminate\\Pipeline\\Pipeline->Illuminate\\Pipeline\\{closure}(Object(Illuminate\\Http\\Request))
#53 E:\\SEMESTER 5\\Pemrograman Framework\\BELAJAR\\Inventory_system\\vendor\\laravel\\framework\\src\\Illuminate\\Pipeline\\Pipeline.php(219): Illuminate\\Http\\Middleware\\ValidatePathEncoding->handle(Object(Illuminate\\Http\\Request), Object(Closure))
#54 E:\\SEMESTER 5\\Pemrograman Framework\\BELAJAR\\Inventory_system\\vendor\\laravel\\framework\\src\\Illuminate\\Pipeline\\Pipeline.php(137): Illuminate\\Pipeline\\Pipeline->Illuminate\\Pipeline\\{closure}(Object(Illuminate\\Http\\Request))
#55 E:\\SEMESTER 5\\Pemrograman Framework\\BELAJAR\\Inventory_system\\vendor\\laravel\\framework\\src\\Illuminate\\Foundation\\Http\\Kernel.php(175): Illuminate\\Pipeline\\Pipeline->then(Object(Closure))
#56 E:\\SEMESTER 5\\Pemrograman Framework\\BELAJAR\\Inventory_system\\vendor\\laravel\\framework\\src\\Illuminate\\Foundation\\Http\\Kernel.php(144): Illuminate\\Foundation\\Http\\Kernel->sendRequestThroughRouter(Object(Illuminate\\Http\\Request))
#57 E:\\SEMESTER 5\\Pemrograman Framework\\BELAJAR\\Inventory_system\\vendor\\laravel\\framework\\src\\Illuminate\\Foundation\\Application.php(1220): Illuminate\\Foundation\\Http\\Kernel->handle(Object(Illuminate\\Http\\Request))
#58 E:\\SEMESTER 5\\Pemrograman Framework\\BELAJAR\\Inventory_system\\public\\index.php(20): Illuminate\\Foundation\\Application->handleRequest(Object(Illuminate\\Http\\Request))
#59 E:\\SEMESTER 5\\Pemrograman Framework\\BELAJAR\\Inventory_system\\vendor\\laravel\\framework\\src\\Illuminate\\Foundation\\resources\\server.php(23): require_once('E:\\\\SEMESTER 5\\\\P...')
#60 {main}
"} 
[2025-11-25 17:01:06] local.ERROR: syntax error, unexpected token "endif", expecting end of file (View: E:\SEMESTER 5\Pemrograman Framework\BELAJAR\Inventory_system\resources\views\transactions\create.blade.php) {"userId":2,"exception":"[object] (Illuminate\\View\\ViewException(code: 0): syntax error, unexpected token \"endif\", expecting end of file (View: E:\\SEMESTER 5\\Pemrograman Framework\\BELAJAR\\Inventory_system\\resources\\views\\transactions\\create.blade.php) at E:\\SEMESTER 5\\Pemrograman Framework\\BELAJAR\\Inventory_system\\storage\\framework\\views\\0226a6adee4fb1b45d7edd65ffb74958.php:4)
[stacktrace]
#0 E:\\SEMESTER 5\\Pemrograman Framework\\BELAJAR\\Inventory_system\\vendor\\laravel\\framework\\src\\Illuminate\\View\\Engines\\PhpEngine.php(59): Illuminate\\View\\Engines\\CompilerEngine->handleViewException(Object(ParseError), 1)
#1 E:\\SEMESTER 5\\Pemrograman Framework\\BELAJAR\\Inventory_system\\vendor\\laravel\\framework\\src\\Illuminate\\View\\Engines\\CompilerEngine.php(76): Illuminate\\View\\Engines\\PhpEngine->evaluatePath('E:\\\\SEMESTER 5\\\\P...', Array)
#2 E:\\SEMESTER 5\\Pemrograman Framework\\BELAJAR\\Inventory_system\\vendor\\laravel\\framework\\src\\Illuminate\\View\\View.php(208): Illuminate\\View\\Engines\\CompilerEngine->get('E:\\\\SEMESTER 5\\\\P...', Array)
#3 E:\\SEMESTER 5\\Pemrograman Framework\\BELAJAR\\Inventory_system\\vendor\\laravel\\framework\\src\\Illuminate\\View\\View.php(191): Illuminate\\View\\View->getContents()
#4 E:\\SEMESTER 5\\Pemrograman Framework\\BELAJAR\\Inventory_system\\vendor\\laravel\\framework\\src\\Illuminate\\View\\View.php(160): Illuminate\\View\\View->renderContents()
#5 E:\\SEMESTER 5\\Pemrograman Framework\\BELAJAR\\Inventory_system\\vendor\\laravel\\framework\\src\\Illuminate\\Http\\Response.php(78): Illuminate\\View\\View->render()
#6 E:\\SEMESTER 5\\Pemrograman Framework\\BELAJAR\\Inventory_system\\vendor\\laravel\\framework\\src\\Illuminate\\Http\\Response.php(34): Illuminate\\Http\\Response->setContent(Object(Illuminate\\View\\View))
#7 E:\\SEMESTER 5\\Pemrograman Framework\\BELAJAR\\Inventory_system\\vendor\\laravel\\framework\\src\\Illuminate\\Routing\\Router.php(939): Illuminate\\Http\\Response->__construct(Object(Illuminate\\View\\View), 200, Array)
#8 E:\\SEMESTER 5\\Pemrograman Framework\\BELAJAR\\Inventory_system\\vendor\\laravel\\framework\\src\\Illuminate\\Routing\\Router.php(906): Illuminate\\Routing\\Router::toResponse(Object(Illuminate\\Http\\Request), Object(Illuminate\\View\\View))
#9 E:\\SEMESTER 5\\Pemrograman Framework\\BELAJAR\\Inventory_system\\vendor\\laravel\\framework\\src\\Illuminate\\Routing\\Router.php(821): Illuminate\\Routing\\Router->prepareResponse(Object(Illuminate\\Http\\Request), Object(Illuminate\\View\\View))
#10 E:\\SEMESTER 5\\Pemrograman Framework\\BELAJAR\\Inventory_system\\vendor\\laravel\\framework\\src\\Illuminate\\Pipeline\\Pipeline.php(180): Illuminate\\Routing\\Router->Illuminate\\Routing\\{closure}(Object(Illuminate\\Http\\Request))
#11 E:\\SEMESTER 5\\Pemrograman Framework\\BELAJAR\\Inventory_system\\app\\Http\\Middleware\\RoleMiddleware.php(24): Illuminate\\Pipeline\\Pipeline->Illuminate\\Pipeline\\{closure}(Object(Illuminate\\Http\\Request))
#12 E:\\SEMESTER 5\\Pemrograman Framework\\BELAJAR\\Inventory_system\\vendor\\laravel\\framework\\src\\Illuminate\\Pipeline\\Pipeline.php(219): App\\Http\\Middleware\\RoleMiddleware->handle(Object(Illuminate\\Http\\Request), Object(Closure), 'gudang|kasir')
#13 E:\\SEMESTER 5\\Pemrograman Framework\\BELAJAR\\Inventory_system\\vendor\\laravel\\framework\\src\\Illuminate\\Routing\\Middleware\\SubstituteBindings.php(50): Illuminate\\Pipeline\\Pipeline->Illuminate\\Pipeline\\{closure}(Object(Illuminate\\Http\\Request))
#14 E:\\SEMESTER 5\\Pemrograman Framework\\BELAJAR\\Inventory_system\\vendor\\laravel\\framework\\src\\Illuminate\\Pipeline\\Pipeline.php(219): Illuminate\\Routing\\Middleware\\SubstituteBindings->handle(Object(Illuminate\\Http\\Request), Object(Closure))
#15 E:\\SEMESTER 5\\Pemrograman Framework\\BELAJAR\\Inventory_system\\vendor\\laravel\\framework\\src\\Illuminate\\Auth\\Middleware\\Authenticate.php(63): Illuminate\\Pipeline\\Pipeline->Illuminate\\Pipeline\\{closure}(Object(Illuminate\\Http\\Request))
#16 E:\\SEMESTER 5\\Pemrograman Framework\\BELAJAR\\Inventory_system\\vendor\\laravel\\framework\\src\\Illuminate\\Pipeline\\Pipeline.php(219): Illuminate\\Auth\\Middleware\\Authenticate->handle(Object(Illuminate\\Http\\Request), Object(Closure))
#17 E:\\SEMESTER 5\\Pemrograman Framework\\BELAJAR\\Inventory_system\\vendor\\laravel\\framework\\src\\Illuminate\\Foundation\\Http\\Middleware\\VerifyCsrfToken.php(87): Illuminate\\Pipeline\\Pipeline->Illuminate\\Pipeline\\{closure}(Object(Illuminate\\Http\\Request))
#18 E:\\SEMESTER 5\\Pemrograman Framework\\BELAJAR\\Inventory_system\\vendor\\laravel\\framework\\src\\Illuminate\\Pipeline\\Pipeline.php(219): Illuminate\\Foundation\\Http\\Middleware\\VerifyCsrfToken->handle(Object(Illuminate\\Http\\Request), Object(Closure))
#19 E:\\SEMESTER 5\\Pemrograman Framework\\BELAJAR\\Inventory_system\\vendor\\laravel\\framework\\src\\Illuminate\\View\\Middleware\\ShareErrorsFromSession.php(48): Illuminate\\Pipeline\\Pipeline->Illuminate\\Pipeline\\{closure}(Object(Illuminate\\Http\\Request))
#20 E:\\SEMESTER 5\\Pemrograman Framework\\BELAJAR\\Inventory_system\\vendor\\laravel\\framework\\src\\Illuminate\\Pipeline\\Pipeline.php(219): Illuminate\\View\\Middleware\\ShareErrorsFromSession->handle(Object(Illuminate\\Http\\Request), Object(Closure))
#21 E:\\SEMESTER 5\\Pemrograman Framework\\BELAJAR\\Inventory_system\\vendor\\laravel\\framework\\src\\Illuminate\\Session\\Middleware\\StartSession.php(120): Illuminate\\Pipeline\\Pipeline->Illuminate\\Pipeline\\{closure}(Object(Illuminate\\Http\\Request))
#22 E:\\SEMESTER 5\\Pemrograman Framework\\BELAJAR\\Inventory_system\\vendor\\laravel\\framework\\src\\Illuminate\\Session\\Middleware\\StartSession.php(63): Illuminate\\Session\\Middleware\\StartSession->handleStatefulRequest(Object(Illuminate\\Http\\Request), Object(Illuminate\\Session\\Store), Object(Closure))
#23 E:\\SEMESTER 5\\Pemrograman Framework\\BELAJAR\\Inventory_system\\vendor\\laravel\\framework\\src\\Illuminate\\Pipeline\\Pipeline.php(219): Illuminate\\Session\\Middleware\\StartSession->handle(Object(Illuminate\\Http\\Request), Object(Closure))
#24 E:\\SEMESTER 5\\Pemrograman Framework\\BELAJAR\\Inventory_system\\vendor\\laravel\\framework\\src\\Illuminate\\Cookie\\Middleware\\AddQueuedCookiesToResponse.php(36): Illuminate\\Pipeline\\Pipeline->Illuminate\\Pipeline\\{closure}(Object(Illuminate\\Http\\Request))
#25 E:\\SEMESTER 5\\Pemrograman Framework\\BELAJAR\\Inventory_system\\vendor\\laravel\\framework\\src\\Illuminate\\Pipeline\\Pipeline.php(219): Illuminate\\Cookie\\Middleware\\AddQueuedCookiesToResponse->handle(Object(Illuminate\\Http\\Request), Object(Closure))
#26 E:\\SEMESTER 5\\Pemrograman Framework\\BELAJAR\\Inventory_system\\vendor\\laravel\\framework\\src\\Illuminate\\Cookie\\Middleware\\EncryptCookies.php(74): Illuminate\\Pipeline\\Pipeline->Illuminate\\Pipeline\\{closure}(Object(Illuminate\\Http\\Request))
#27 E:\\SEMESTER 5\\Pemrograman Framework\\BELAJAR\\Inventory_system\\vendor\\laravel\\framework\\src\\Illuminate\\Pipeline\\Pipeline.php(219): Illuminate\\Cookie\\Middleware\\EncryptCookies->handle(Object(Illuminate\\Http\\Request), Object(Closure))
#28 E:\\SEMESTER 5\\Pemrograman Framework\\BELAJAR\\Inventory_system\\vendor\\laravel\\framework\\src\\Illuminate\\Pipeline\\Pipeline.php(137): Illuminate\\Pipeline\\Pipeline->Illuminate\\Pipeline\\{closure}(Object(Illuminate\\Http\\Request))
#29 E:\\SEMESTER 5\\Pemrograman Framework\\BELAJAR\\Inventory_system\\vendor\\laravel\\framework\\src\\Illuminate\\Routing\\Router.php(821): Illuminate\\Pipeline\\Pipeline->then(Object(Closure))
#30 E:\\SEMESTER 5\\Pemrograman Framework\\BELAJAR\\Inventory_system\\vendor\\laravel\\framework\\src\\Illuminate\\Routing\\Router.php(800): Illuminate\\Routing\\Router->runRouteWithinStack(Object(Illuminate\\Routing\\Route), Object(Illuminate\\Http\\Request))
#31 E:\\SEMESTER 5\\Pemrograman Framework\\BELAJAR\\Inventory_system\\vendor\\laravel\\framework\\src\\Illuminate\\Routing\\Router.php(764): Illuminate\\Routing\\Router->runRoute(Object(Illuminate\\Http\\Request), Object(Illuminate\\Routing\\Route))
#32 E:\\SEMESTER 5\\Pemrograman Framework\\BELAJAR\\Inventory_system\\vendor\\laravel\\framework\\src\\Illuminate\\Routing\\Router.php(753): Illuminate\\Routing\\Router->dispatchToRoute(Object(Illuminate\\Http\\Request))
#33 E:\\SEMESTER 5\\Pemrograman Framework\\BELAJAR\\Inventory_system\\vendor\\laravel\\framework\\src\\Illuminate\\Foundation\\Http\\Kernel.php(200): Illuminate\\Routing\\Router->dispatch(Object(Illuminate\\Http\\Request))
#34 E:\\SEMESTER 5\\Pemrograman Framework\\BELAJAR\\Inventory_system\\vendor\\laravel\\framework\\src\\Illuminate\\Pipeline\\Pipeline.php(180): Illuminate\\Foundation\\Http\\Kernel->Illuminate\\Foundation\\Http\\{closure}(Object(Illuminate\\Http\\Request))
#35 E:\\SEMESTER 5\\Pemrograman Framework\\BELAJAR\\Inventory_system\\vendor\\laravel\\framework\\src\\Illuminate\\Foundation\\Http\\Middleware\\TransformsRequest.php(21): Illuminate\\Pipeline\\Pipeline->Illuminate\\Pipeline\\{closure}(Object(Illuminate\\Http\\Request))
#36 E:\\SEMESTER 5\\Pemrograman Framework\\BELAJAR\\Inventory_system\\vendor\\laravel\\framework\\src\\Illuminate\\Foundation\\Http\\Middleware\\ConvertEmptyStringsToNull.php(31): Illuminate\\Foundation\\Http\\Middleware\\TransformsRequest->handle(Object(Illuminate\\Http\\Request), Object(Closure))
#37 E:\\SEMESTER 5\\Pemrograman Framework\\BELAJAR\\Inventory_system\\vendor\\laravel\\framework\\src\\Illuminate\\Pipeline\\Pipeline.php(219): Illuminate\\Foundation\\Http\\Middleware\\ConvertEmptyStringsToNull->handle(Object(Illuminate\\Http\\Request), Object(Closure))
#38 E:\\SEMESTER 5\\Pemrograman Framework\\BELAJAR\\Inventory_system\\vendor\\laravel\\framework\\src\\Illuminate\\Foundation\\Http\\Middleware\\TransformsRequest.php(21): Illuminate\\Pipeline\\Pipeline->Illuminate\\Pipeline\\{closure}(Object(Illuminate\\Http\\Request))
#39 E:\\SEMESTER 5\\Pemrograman Framework\\BELAJAR\\Inventory_system\\vendor\\laravel\\framework\\src\\Illuminate\\Foundation\\Http\\Middleware\\TrimStrings.php(51): Illuminate\\Foundation\\Http\\Middleware\\TransformsRequest->handle(Object(Illuminate\\Http\\Request), Object(Closure))
#40 E:\\SEMESTER 5\\Pemrograman Framework\\BELAJAR\\Inventory_system\\vendor\\laravel\\framework\\src\\Illuminate\\Pipeline\\Pipeline.php(219): Illuminate\\Foundation\\Http\\Middleware\\TrimStrings->handle(Object(Illuminate\\Http\\Request), Object(Closure))
#41 E:\\SEMESTER 5\\Pemrograman Framework\\BELAJAR\\Inventory_system\\vendor\\laravel\\framework\\src\\Illuminate\\Http\\Middleware\\ValidatePostSize.php(27): Illuminate\\Pipeline\\Pipeline->Illuminate\\Pipeline\\{closure}(Object(Illuminate\\Http\\Request))
#42 E:\\SEMESTER 5\\Pemrograman Framework\\BELAJAR\\Inventory_system\\vendor\\laravel\\framework\\src\\Illuminate\\Pipeline\\Pipeline.php(219): Illuminate\\Http\\Middleware\\ValidatePostSize->handle(Object(Illuminate\\Http\\Request), Object(Closure))
#43 E:\\SEMESTER 5\\Pemrograman Framework\\BELAJAR\\Inventory_system\\vendor\\laravel\\framework\\src\\Illuminate\\Foundation\\Http\\Middleware\\PreventRequestsDuringMaintenance.php(109): Illuminate\\Pipeline\\Pipeline->Illuminate\\Pipeline\\{closure}(Object(Illuminate\\Http\\Request))
#44 E:\\SEMESTER 5\\Pemrograman Framework\\BELAJAR\\Inventory_system\\vendor\\laravel\\framework\\src\\Illuminate\\Pipeline\\Pipeline.php(219): Illuminate\\Foundation\\Http\\Middleware\\PreventRequestsDuringMaintenance->handle(Object(Illuminate\\Http\\Request), Object(Closure))
#45 E:\\SEMESTER 5\\Pemrograman Framework\\BELAJAR\\Inventory_system\\vendor\\laravel\\framework\\src\\Illuminate\\Http\\Middleware\\HandleCors.php(48): Illuminate\\Pipeline\\Pipeline->Illuminate\\Pipeline\\{closure}(Object(Illuminate\\Http\\Request))
#46 E:\\SEMESTER 5\\Pemrograman Framework\\BELAJAR\\Inventory_system\\vendor\\laravel\\framework\\src\\Illuminate\\Pipeline\\Pipeline.php(219): Illuminate\\Http\\Middleware\\HandleCors->handle(Object(Illuminate\\Http\\Request), Object(Closure))
#47 E:\\SEMESTER 5\\Pemrograman Framework\\BELAJAR\\Inventory_system\\vendor\\laravel\\framework\\src\\Illuminate\\Http\\Middleware\\TrustProxies.php(58): Illuminate\\Pipeline\\Pipeline->Illuminate\\Pipeline\\{closure}(Object(Illuminate\\Http\\Request))
#48 E:\\SEMESTER 5\\Pemrograman Framework\\BELAJAR\\Inventory_system\\vendor\\laravel\\framework\\src\\Illuminate\\Pipeline\\Pipeline.php(219): Illuminate\\Http\\Middleware\\TrustProxies->handle(Object(Illuminate\\Http\\Request), Object(Closure))
#49 E:\\SEMESTER 5\\Pemrograman Framework\\BELAJAR\\Inventory_system\\vendor\\laravel\\framework\\src\\Illuminate\\Foundation\\Http\\Middleware\\InvokeDeferredCallbacks.php(22): Illuminate\\Pipeline\\Pipeline->Illuminate\\Pipeline\\{closure}(Object(Illuminate\\Http\\Request))
#50 E:\\SEMESTER 5\\Pemrograman Framework\\BELAJAR\\Inventory_system\\vendor\\laravel\\framework\\src\\Illuminate\\Pipeline\\Pipeline.php(219): Illuminate\\Foundation\\Http\\Middleware\\InvokeDeferredCallbacks->handle(Object(Illuminate\\Http\\Request), Object(Closure))
#51 E:\\SEMESTER 5\\Pemrograman Framework\\BELAJAR\\Inventory_system\\vendor\\laravel\\framework\\src\\Illuminate\\Http\\Middleware\\ValidatePathEncoding.php(26): Illuminate\\Pipeline\\Pipeline->Illuminate\\Pipeline\\{closure}(Object(Illuminate\\Http\\Request))
#52 E:\\SEMESTER 5\\Pemrograman Framework\\BELAJAR\\Inventory_system\\vendor\\laravel\\framework\\src\\Illuminate\\Pipeline\\Pipeline.php(219): Illuminate\\Http\\Middleware\\ValidatePathEncoding->handle(Object(Illuminate\\Http\\Request), Object(Closure))
#53 E:\\SEMESTER 5\\Pemrograman Framework\\BELAJAR\\Inventory_system\\vendor\\laravel\\framework\\src\\Illuminate\\Pipeline\\Pipeline.php(137): Illuminate\\Pipeline\\Pipeline->Illuminate\\Pipeline\\{closure}(Object(Illuminate\\Http\\Request))
#54 E:\\SEMESTER 5\\Pemrograman Framework\\BELAJAR\\Inventory_system\\vendor\\laravel\\framework\\src\\Illuminate\\Foundation\\Http\\Kernel.php(175): Illuminate\\Pipeline\\Pipeline->then(Object(Closure))
#55 E:\\SEMESTER 5\\Pemrograman Framework\\BELAJAR\\Inventory_system\\vendor\\laravel\\framework\\src\\Illuminate\\Foundation\\Http\\Kernel.php(144): Illuminate\\Foundation\\Http\\Kernel->sendRequestThroughRouter(Object(Illuminate\\Http\\Request))
#56 E:\\SEMESTER 5\\Pemrograman Framework\\BELAJAR\\Inventory_system\\vendor\\laravel\\framework\\src\\Illuminate\\Foundation\\Application.php(1220): Illuminate\\Foundation\\Http\\Kernel->handle(Object(Illuminate\\Http\\Request))
#57 E:\\SEMESTER 5\\Pemrograman Framework\\BELAJAR\\Inventory_system\\public\\index.php(20): Illuminate\\Foundation\\Application->handleRequest(Object(Illuminate\\Http\\Request))
#58 E:\\SEMESTER 5\\Pemrograman Framework\\BELAJAR\\Inventory_system\\vendor\\laravel\\framework\\src\\Illuminate\\Foundation\\resources\\server.php(23): require_once('E:\\\\SEMESTER 5\\\\P...')
#59 {main}

[previous exception] [object] (ParseError(code: 0): syntax error, unexpected token \"endif\", expecting end of file at E:\\SEMESTER 5\\Pemrograman Framework\\BELAJAR\\Inventory_system\\storage\\framework\\views\\0226a6adee4fb1b45d7edd65ffb74958.php:4)
[stacktrace]
#0 E:\\SEMESTER 5\\Pemrograman Framework\\BELAJAR\\Inventory_system\\vendor\\laravel\\framework\\src\\Illuminate\\Filesystem\\Filesystem.php(124): Illuminate\\Filesystem\\Filesystem::Illuminate\\Filesystem\\{closure}()
#1 E:\\SEMESTER 5\\Pemrograman Framework\\BELAJAR\\Inventory_system\\vendor\\laravel\\framework\\src\\Illuminate\\View\\Engines\\PhpEngine.php(57): Illuminate\\Filesystem\\Filesystem->getRequire('E:\\\\SEMESTER 5\\\\P...', Array)
#2 E:\\SEMESTER 5\\Pemrograman Framework\\BELAJAR\\Inventory_system\\vendor\\laravel\\framework\\src\\Illuminate\\View\\Engines\\CompilerEngine.php(76): Illuminate\\View\\Engines\\PhpEngine->evaluatePath('E:\\\\SEMESTER 5\\\\P...', Array)
#3 E:\\SEMESTER 5\\Pemrograman Framework\\BELAJAR\\Inventory_system\\vendor\\laravel\\framework\\src\\Illuminate\\View\\View.php(208): Illuminate\\View\\Engines\\CompilerEngine->get('E:\\\\SEMESTER 5\\\\P...', Array)
#4 E:\\SEMESTER 5\\Pemrograman Framework\\BELAJAR\\Inventory_system\\vendor\\laravel\\framework\\src\\Illuminate\\View\\View.php(191): Illuminate\\View\\View->getContents()
#5 E:\\SEMESTER 5\\Pemrograman Framework\\BELAJAR\\Inventory_system\\vendor\\laravel\\framework\\src\\Illuminate\\View\\View.php(160): Illuminate\\View\\View->renderContents()
#6 E:\\SEMESTER 5\\Pemrograman Framework\\BELAJAR\\Inventory_system\\vendor\\laravel\\framework\\src\\Illuminate\\Http\\Response.php(78): Illuminate\\View\\View->render()
#7 E:\\SEMESTER 5\\Pemrograman Framework\\BELAJAR\\Inventory_system\\vendor\\laravel\\framework\\src\\Illuminate\\Http\\Response.php(34): Illuminate\\Http\\Response->setContent(Object(Illuminate\\View\\View))
#8 E:\\SEMESTER 5\\Pemrograman Framework\\BELAJAR\\Inventory_system\\vendor\\laravel\\framework\\src\\Illuminate\\Routing\\Router.php(939): Illuminate\\Http\\Response->__construct(Object(Illuminate\\View\\View), 200, Array)
#9 E:\\SEMESTER 5\\Pemrograman Framework\\BELAJAR\\Inventory_system\\vendor\\laravel\\framework\\src\\Illuminate\\Routing\\Router.php(906): Illuminate\\Routing\\Router::toResponse(Object(Illuminate\\Http\\Request), Object(Illuminate\\View\\View))
#10 E:\\SEMESTER 5\\Pemrograman Framework\\BELAJAR\\Inventory_system\\vendor\\laravel\\framework\\src\\Illuminate\\Routing\\Router.php(821): Illuminate\\Routing\\Router->prepareResponse(Object(Illuminate\\Http\\Request), Object(Illuminate\\View\\View))
#11 E:\\SEMESTER 5\\Pemrograman Framework\\BELAJAR\\Inventory_system\\vendor\\laravel\\framework\\src\\Illuminate\\Pipeline\\Pipeline.php(180): Illuminate\\Routing\\Router->Illuminate\\Routing\\{closure}(Object(Illuminate\\Http\\Request))
#12 E:\\SEMESTER 5\\Pemrograman Framework\\BELAJAR\\Inventory_system\\app\\Http\\Middleware\\RoleMiddleware.php(24): Illuminate\\Pipeline\\Pipeline->Illuminate\\Pipeline\\{closure}(Object(Illuminate\\Http\\Request))
#13 E:\\SEMESTER 5\\Pemrograman Framework\\BELAJAR\\Inventory_system\\vendor\\laravel\\framework\\src\\Illuminate\\Pipeline\\Pipeline.php(219): App\\Http\\Middleware\\RoleMiddleware->handle(Object(Illuminate\\Http\\Request), Object(Closure), 'gudang|kasir')
#14 E:\\SEMESTER 5\\Pemrograman Framework\\BELAJAR\\Inventory_system\\vendor\\laravel\\framework\\src\\Illuminate\\Routing\\Middleware\\SubstituteBindings.php(50): Illuminate\\Pipeline\\Pipeline->Illuminate\\Pipeline\\{closure}(Object(Illuminate\\Http\\Request))
#15 E:\\SEMESTER 5\\Pemrograman Framework\\BELAJAR\\Inventory_system\\vendor\\laravel\\framework\\src\\Illuminate\\Pipeline\\Pipeline.php(219): Illuminate\\Routing\\Middleware\\SubstituteBindings->handle(Object(Illuminate\\Http\\Request), Object(Closure))
#16 E:\\SEMESTER 5\\Pemrograman Framework\\BELAJAR\\Inventory_system\\vendor\\laravel\\framework\\src\\Illuminate\\Auth\\Middleware\\Authenticate.php(63): Illuminate\\Pipeline\\Pipeline->Illuminate\\Pipeline\\{closure}(Object(Illuminate\\Http\\Request))
#17 E:\\SEMESTER 5\\Pemrograman Framework\\BELAJAR\\Inventory_system\\vendor\\laravel\\framework\\src\\Illuminate\\Pipeline\\Pipeline.php(219): Illuminate\\Auth\\Middleware\\Authenticate->handle(Object(Illuminate\\Http\\Request), Object(Closure))
#18 E:\\SEMESTER 5\\Pemrograman Framework\\BELAJAR\\Inventory_system\\vendor\\laravel\\framework\\src\\Illuminate\\Foundation\\Http\\Middleware\\VerifyCsrfToken.php(87): Illuminate\\Pipeline\\Pipeline->Illuminate\\Pipeline\\{closure}(Object(Illuminate\\Http\\Request))
#19 E:\\SEMESTER 5\\Pemrograman Framework\\BELAJAR\\Inventory_system\\vendor\\laravel\\framework\\src\\Illuminate\\Pipeline\\Pipeline.php(219): Illuminate\\Foundation\\Http\\Middleware\\VerifyCsrfToken->handle(Object(Illuminate\\Http\\Request), Object(Closure))
#20 E:\\SEMESTER 5\\Pemrograman Framework\\BELAJAR\\Inventory_system\\vendor\\laravel\\framework\\src\\Illuminate\\View\\Middleware\\ShareErrorsFromSession.php(48): Illuminate\\Pipeline\\Pipeline->Illuminate\\Pipeline\\{closure}(Object(Illuminate\\Http\\Request))
#21 E:\\SEMESTER 5\\Pemrograman Framework\\BELAJAR\\Inventory_system\\vendor\\laravel\\framework\\src\\Illuminate\\Pipeline\\Pipeline.php(219): Illuminate\\View\\Middleware\\ShareErrorsFromSession->handle(Object(Illuminate\\Http\\Request), Object(Closure))
#22 E:\\SEMESTER 5\\Pemrograman Framework\\BELAJAR\\Inventory_system\\vendor\\laravel\\framework\\src\\Illuminate\\Session\\Middleware\\StartSession.php(120): Illuminate\\Pipeline\\Pipeline->Illuminate\\Pipeline\\{closure}(Object(Illuminate\\Http\\Request))
#23 E:\\SEMESTER 5\\Pemrograman Framework\\BELAJAR\\Inventory_system\\vendor\\laravel\\framework\\src\\Illuminate\\Session\\Middleware\\StartSession.php(63): Illuminate\\Session\\Middleware\\StartSession->handleStatefulRequest(Object(Illuminate\\Http\\Request), Object(Illuminate\\Session\\Store), Object(Closure))
#24 E:\\SEMESTER 5\\Pemrograman Framework\\BELAJAR\\Inventory_system\\vendor\\laravel\\framework\\src\\Illuminate\\Pipeline\\Pipeline.php(219): Illuminate\\Session\\Middleware\\StartSession->handle(Object(Illuminate\\Http\\Request), Object(Closure))
#25 E:\\SEMESTER 5\\Pemrograman Framework\\BELAJAR\\Inventory_system\\vendor\\laravel\\framework\\src\\Illuminate\\Cookie\\Middleware\\AddQueuedCookiesToResponse.php(36): Illuminate\\Pipeline\\Pipeline->Illuminate\\Pipeline\\{closure}(Object(Illuminate\\Http\\Request))
#26 E:\\SEMESTER 5\\Pemrograman Framework\\BELAJAR\\Inventory_system\\vendor\\laravel\\framework\\src\\Illuminate\\Pipeline\\Pipeline.php(219): Illuminate\\Cookie\\Middleware\\AddQueuedCookiesToResponse->handle(Object(Illuminate\\Http\\Request), Object(Closure))
#27 E:\\SEMESTER 5\\Pemrograman Framework\\BELAJAR\\Inventory_system\\vendor\\laravel\\framework\\src\\Illuminate\\Cookie\\Middleware\\EncryptCookies.php(74): Illuminate\\Pipeline\\Pipeline->Illuminate\\Pipeline\\{closure}(Object(Illuminate\\Http\\Request))
#28 E:\\SEMESTER 5\\Pemrograman Framework\\BELAJAR\\Inventory_system\\vendor\\laravel\\framework\\src\\Illuminate\\Pipeline\\Pipeline.php(219): Illuminate\\Cookie\\Middleware\\EncryptCookies->handle(Object(Illuminate\\Http\\Request), Object(Closure))
#29 E:\\SEMESTER 5\\Pemrograman Framework\\BELAJAR\\Inventory_system\\vendor\\laravel\\framework\\src\\Illuminate\\Pipeline\\Pipeline.php(137): Illuminate\\Pipeline\\Pipeline->Illuminate\\Pipeline\\{closure}(Object(Illuminate\\Http\\Request))
#30 E:\\SEMESTER 5\\Pemrograman Framework\\BELAJAR\\Inventory_system\\vendor\\laravel\\framework\\src\\Illuminate\\Routing\\Router.php(821): Illuminate\\Pipeline\\Pipeline->then(Object(Closure))
#31 E:\\SEMESTER 5\\Pemrograman Framework\\BELAJAR\\Inventory_system\\vendor\\laravel\\framework\\src\\Illuminate\\Routing\\Router.php(800): Illuminate\\Routing\\Router->runRouteWithinStack(Object(Illuminate\\Routing\\Route), Object(Illuminate\\Http\\Request))
#32 E:\\SEMESTER 5\\Pemrograman Framework\\BELAJAR\\Inventory_system\\vendor\\laravel\\framework\\src\\Illuminate\\Routing\\Router.php(764): Illuminate\\Routing\\Router->runRoute(Object(Illuminate\\Http\\Request), Object(Illuminate\\Routing\\Route))
#33 E:\\SEMESTER 5\\Pemrograman Framework\\BELAJAR\\Inventory_system\\vendor\\laravel\\framework\\src\\Illuminate\\Routing\\Router.php(753): Illuminate\\Routing\\Router->dispatchToRoute(Object(Illuminate\\Http\\Request))
#34 E:\\SEMESTER 5\\Pemrograman Framework\\BELAJAR\\Inventory_system\\vendor\\laravel\\framework\\src\\Illuminate\\Foundation\\Http\\Kernel.php(200): Illuminate\\Routing\\Router->dispatch(Object(Illuminate\\Http\\Request))
#35 E:\\SEMESTER 5\\Pemrograman Framework\\BELAJAR\\Inventory_system\\vendor\\laravel\\framework\\src\\Illuminate\\Pipeline\\Pipeline.php(180): Illuminate\\Foundation\\Http\\Kernel->Illuminate\\Foundation\\Http\\{closure}(Object(Illuminate\\Http\\Request))
#36 E:\\SEMESTER 5\\Pemrograman Framework\\BELAJAR\\Inventory_system\\vendor\\laravel\\framework\\src\\Illuminate\\Foundation\\Http\\Middleware\\TransformsRequest.php(21): Illuminate\\Pipeline\\Pipeline->Illuminate\\Pipeline\\{closure}(Object(Illuminate\\Http\\Request))
#37 E:\\SEMESTER 5\\Pemrograman Framework\\BELAJAR\\Inventory_system\\vendor\\laravel\\framework\\src\\Illuminate\\Foundation\\Http\\Middleware\\ConvertEmptyStringsToNull.php(31): Illuminate\\Foundation\\Http\\Middleware\\TransformsRequest->handle(Object(Illuminate\\Http\\Request), Object(Closure))
#38 E:\\SEMESTER 5\\Pemrograman Framework\\BELAJAR\\Inventory_system\\vendor\\laravel\\framework\\src\\Illuminate\\Pipeline\\Pipeline.php(219): Illuminate\\Foundation\\Http\\Middleware\\ConvertEmptyStringsToNull->handle(Object(Illuminate\\Http\\Request), Object(Closure))
#39 E:\\SEMESTER 5\\Pemrograman Framework\\BELAJAR\\Inventory_system\\vendor\\laravel\\framework\\src\\Illuminate\\Foundation\\Http\\Middleware\\TransformsRequest.php(21): Illuminate\\Pipeline\\Pipeline->Illuminate\\Pipeline\\{closure}(Object(Illuminate\\Http\\Request))
#40 E:\\SEMESTER 5\\Pemrograman Framework\\BELAJAR\\Inventory_system\\vendor\\laravel\\framework\\src\\Illuminate\\Foundation\\Http\\Middleware\\TrimStrings.php(51): Illuminate\\Foundation\\Http\\Middleware\\TransformsRequest->handle(Object(Illuminate\\Http\\Request), Object(Closure))
#41 E:\\SEMESTER 5\\Pemrograman Framework\\BELAJAR\\Inventory_system\\vendor\\laravel\\framework\\src\\Illuminate\\Pipeline\\Pipeline.php(219): Illuminate\\Foundation\\Http\\Middleware\\TrimStrings->handle(Object(Illuminate\\Http\\Request), Object(Closure))
#42 E:\\SEMESTER 5\\Pemrograman Framework\\BELAJAR\\Inventory_system\\vendor\\laravel\\framework\\src\\Illuminate\\Http\\Middleware\\ValidatePostSize.php(27): Illuminate\\Pipeline\\Pipeline->Illuminate\\Pipeline\\{closure}(Object(Illuminate\\Http\\Request))
#43 E:\\SEMESTER 5\\Pemrograman Framework\\BELAJAR\\Inventory_system\\vendor\\laravel\\framework\\src\\Illuminate\\Pipeline\\Pipeline.php(219): Illuminate\\Http\\Middleware\\ValidatePostSize->handle(Object(Illuminate\\Http\\Request), Object(Closure))
#44 E:\\SEMESTER 5\\Pemrograman Framework\\BELAJAR\\Inventory_system\\vendor\\laravel\\framework\\src\\Illuminate\\Foundation\\Http\\Middleware\\PreventRequestsDuringMaintenance.php(109): Illuminate\\Pipeline\\Pipeline->Illuminate\\Pipeline\\{closure}(Object(Illuminate\\Http\\Request))
#45 E:\\SEMESTER 5\\Pemrograman Framework\\BELAJAR\\Inventory_system\\vendor\\laravel\\framework\\src\\Illuminate\\Pipeline\\Pipeline.php(219): Illuminate\\Foundation\\Http\\Middleware\\PreventRequestsDuringMaintenance->handle(Object(Illuminate\\Http\\Request), Object(Closure))
#46 E:\\SEMESTER 5\\Pemrograman Framework\\BELAJAR\\Inventory_system\\vendor\\laravel\\framework\\src\\Illuminate\\Http\\Middleware\\HandleCors.php(48): Illuminate\\Pipeline\\Pipeline->Illuminate\\Pipeline\\{closure}(Object(Illuminate\\Http\\Request))
#47 E:\\SEMESTER 5\\Pemrograman Framework\\BELAJAR\\Inventory_system\\vendor\\laravel\\framework\\src\\Illuminate\\Pipeline\\Pipeline.php(219): Illuminate\\Http\\Middleware\\HandleCors->handle(Object(Illuminate\\Http\\Request), Object(Closure))
#48 E:\\SEMESTER 5\\Pemrograman Framework\\BELAJAR\\Inventory_system\\vendor\\laravel\\framework\\src\\Illuminate\\Http\\Middleware\\TrustProxies.php(58): Illuminate\\Pipeline\\Pipeline->Illuminate\\Pipeline\\{closure}(Object(Illuminate\\Http\\Request))
#49 E:\\SEMESTER 5\\Pemrograman Framework\\BELAJAR\\Inventory_system\\vendor\\laravel\\framework\\src\\Illuminate\\Pipeline\\Pipeline.php(219): Illuminate\\Http\\Middleware\\TrustProxies->handle(Object(Illuminate\\Http\\Request), Object(Closure))
#50 E:\\SEMESTER 5\\Pemrograman Framework\\BELAJAR\\Inventory_system\\vendor\\laravel\\framework\\src\\Illuminate\\Foundation\\Http\\Middleware\\InvokeDeferredCallbacks.php(22): Illuminate\\Pipeline\\Pipeline->Illuminate\\Pipeline\\{closure}(Object(Illuminate\\Http\\Request))
#51 E:\\SEMESTER 5\\Pemrograman Framework\\BELAJAR\\Inventory_system\\vendor\\laravel\\framework\\src\\Illuminate\\Pipeline\\Pipeline.php(219): Illuminate\\Foundation\\Http\\Middleware\\InvokeDeferredCallbacks->handle(Object(Illuminate\\Http\\Request), Object(Closure))
#52 E:\\SEMESTER 5\\Pemrograman Framework\\BELAJAR\\Inventory_system\\vendor\\laravel\\framework\\src\\Illuminate\\Http\\Middleware\\ValidatePathEncoding.php(26): Illuminate\\Pipeline\\Pipeline->Illuminate\\Pipeline\\{closure}(Object(Illuminate\\Http\\Request))
#53 E:\\SEMESTER 5\\Pemrograman Framework\\BELAJAR\\Inventory_system\\vendor\\laravel\\framework\\src\\Illuminate\\Pipeline\\Pipeline.php(219): Illuminate\\Http\\Middleware\\ValidatePathEncoding->handle(Object(Illuminate\\Http\\Request), Object(Closure))
#54 E:\\SEMESTER 5\\Pemrograman Framework\\BELAJAR\\Inventory_system\\vendor\\laravel\\framework\\src\\Illuminate\\Pipeline\\Pipeline.php(137): Illuminate\\Pipeline\\Pipeline->Illuminate\\Pipeline\\{closure}(Object(Illuminate\\Http\\Request))
#55 E:\\SEMESTER 5\\Pemrograman Framework\\BELAJAR\\Inventory_system\\vendor\\laravel\\framework\\src\\Illuminate\\Foundation\\Http\\Kernel.php(175): Illuminate\\Pipeline\\Pipeline->then(Object(Closure))
#56 E:\\SEMESTER 5\\Pemrograman Framework\\BELAJAR\\Inventory_system\\vendor\\laravel\\framework\\src\\Illuminate\\Foundation\\Http\\Kernel.php(144): Illuminate\\Foundation\\Http\\Kernel->sendRequestThroughRouter(Object(Illuminate\\Http\\Request))
#57 E:\\SEMESTER 5\\Pemrograman Framework\\BELAJAR\\Inventory_system\\vendor\\laravel\\framework\\src\\Illuminate\\Foundation\\Application.php(1220): Illuminate\\Foundation\\Http\\Kernel->handle(Object(Illuminate\\Http\\Request))
#58 E:\\SEMESTER 5\\Pemrograman Framework\\BELAJAR\\Inventory_system\\public\\index.php(20): Illuminate\\Foundation\\Application->handleRequest(Object(Illuminate\\Http\\Request))
#59 E:\\SEMESTER 5\\Pemrograman Framework\\BELAJAR\\Inventory_system\\vendor\\laravel\\framework\\src\\Illuminate\\Foundation\\resources\\server.php(23): require_once('E:\\\\SEMESTER 5\\\\P...')
#60 {main}
"} 
[2025-11-25 17:01:36] local.ERROR: syntax error, unexpected token "endif", expecting end of file (View: E:\SEMESTER 5\Pemrograman Framework\BELAJAR\Inventory_system\resources\views\transactions\create.blade.php) {"userId":2,"exception":"[object] (Illuminate\\View\\ViewException(code: 0): syntax error, unexpected token \"endif\", expecting end of file (View: E:\\SEMESTER 5\\Pemrograman Framework\\BELAJAR\\Inventory_system\\resources\\views\\transactions\\create.blade.php) at E:\\SEMESTER 5\\Pemrograman Framework\\BELAJAR\\Inventory_system\\storage\\framework\\views\\0226a6adee4fb1b45d7edd65ffb74958.php:4)
[stacktrace]
#0 E:\\SEMESTER 5\\Pemrograman Framework\\BELAJAR\\Inventory_system\\vendor\\laravel\\framework\\src\\Illuminate\\View\\Engines\\PhpEngine.php(59): Illuminate\\View\\Engines\\CompilerEngine->handleViewException(Object(ParseError), 1)
#1 E:\\SEMESTER 5\\Pemrograman Framework\\BELAJAR\\Inventory_system\\vendor\\laravel\\framework\\src\\Illuminate\\View\\Engines\\CompilerEngine.php(76): Illuminate\\View\\Engines\\PhpEngine->evaluatePath('E:\\\\SEMESTER 5\\\\P...', Array)
#2 E:\\SEMESTER 5\\Pemrograman Framework\\BELAJAR\\Inventory_system\\vendor\\laravel\\framework\\src\\Illuminate\\View\\View.php(208): Illuminate\\View\\Engines\\CompilerEngine->get('E:\\\\SEMESTER 5\\\\P...', Array)
#3 E:\\SEMESTER 5\\Pemrograman Framework\\BELAJAR\\Inventory_system\\vendor\\laravel\\framework\\src\\Illuminate\\View\\View.php(191): Illuminate\\View\\View->getContents()
#4 E:\\SEMESTER 5\\Pemrograman Framework\\BELAJAR\\Inventory_system\\vendor\\laravel\\framework\\src\\Illuminate\\View\\View.php(160): Illuminate\\View\\View->renderContents()
#5 E:\\SEMESTER 5\\Pemrograman Framework\\BELAJAR\\Inventory_system\\vendor\\laravel\\framework\\src\\Illuminate\\Http\\Response.php(78): Illuminate\\View\\View->render()
#6 E:\\SEMESTER 5\\Pemrograman Framework\\BELAJAR\\Inventory_system\\vendor\\laravel\\framework\\src\\Illuminate\\Http\\Response.php(34): Illuminate\\Http\\Response->setContent(Object(Illuminate\\View\\View))
#7 E:\\SEMESTER 5\\Pemrograman Framework\\BELAJAR\\Inventory_system\\vendor\\laravel\\framework\\src\\Illuminate\\Routing\\Router.php(939): Illuminate\\Http\\Response->__construct(Object(Illuminate\\View\\View), 200, Array)
#8 E:\\SEMESTER 5\\Pemrograman Framework\\BELAJAR\\Inventory_system\\vendor\\laravel\\framework\\src\\Illuminate\\Routing\\Router.php(906): Illuminate\\Routing\\Router::toResponse(Object(Illuminate\\Http\\Request), Object(Illuminate\\View\\View))
#9 E:\\SEMESTER 5\\Pemrograman Framework\\BELAJAR\\Inventory_system\\vendor\\laravel\\framework\\src\\Illuminate\\Routing\\Router.php(821): Illuminate\\Routing\\Router->prepareResponse(Object(Illuminate\\Http\\Request), Object(Illuminate\\View\\View))
#10 E:\\SEMESTER 5\\Pemrograman Framework\\BELAJAR\\Inventory_system\\vendor\\laravel\\framework\\src\\Illuminate\\Pipeline\\Pipeline.php(180): Illuminate\\Routing\\Router->Illuminate\\Routing\\{closure}(Object(Illuminate\\Http\\Request))
#11 E:\\SEMESTER 5\\Pemrograman Framework\\BELAJAR\\Inventory_system\\app\\Http\\Middleware\\RoleMiddleware.php(24): Illuminate\\Pipeline\\Pipeline->Illuminate\\Pipeline\\{closure}(Object(Illuminate\\Http\\Request))
#12 E:\\SEMESTER 5\\Pemrograman Framework\\BELAJAR\\Inventory_system\\vendor\\laravel\\framework\\src\\Illuminate\\Pipeline\\Pipeline.php(219): App\\Http\\Middleware\\RoleMiddleware->handle(Object(Illuminate\\Http\\Request), Object(Closure), 'gudang|kasir')
#13 E:\\SEMESTER 5\\Pemrograman Framework\\BELAJAR\\Inventory_system\\vendor\\laravel\\framework\\src\\Illuminate\\Routing\\Middleware\\SubstituteBindings.php(50): Illuminate\\Pipeline\\Pipeline->Illuminate\\Pipeline\\{closure}(Object(Illuminate\\Http\\Request))
#14 E:\\SEMESTER 5\\Pemrograman Framework\\BELAJAR\\Inventory_system\\vendor\\laravel\\framework\\src\\Illuminate\\Pipeline\\Pipeline.php(219): Illuminate\\Routing\\Middleware\\SubstituteBindings->handle(Object(Illuminate\\Http\\Request), Object(Closure))
#15 E:\\SEMESTER 5\\Pemrograman Framework\\BELAJAR\\Inventory_system\\vendor\\laravel\\framework\\src\\Illuminate\\Auth\\Middleware\\Authenticate.php(63): Illuminate\\Pipeline\\Pipeline->Illuminate\\Pipeline\\{closure}(Object(Illuminate\\Http\\Request))
#16 E:\\SEMESTER 5\\Pemrograman Framework\\BELAJAR\\Inventory_system\\vendor\\laravel\\framework\\src\\Illuminate\\Pipeline\\Pipeline.php(219): Illuminate\\Auth\\Middleware\\Authenticate->handle(Object(Illuminate\\Http\\Request), Object(Closure))
#17 E:\\SEMESTER 5\\Pemrograman Framework\\BELAJAR\\Inventory_system\\vendor\\laravel\\framework\\src\\Illuminate\\Foundation\\Http\\Middleware\\VerifyCsrfToken.php(87): Illuminate\\Pipeline\\Pipeline->Illuminate\\Pipeline\\{closure}(Object(Illuminate\\Http\\Request))
#18 E:\\SEMESTER 5\\Pemrograman Framework\\BELAJAR\\Inventory_system\\vendor\\laravel\\framework\\src\\Illuminate\\Pipeline\\Pipeline.php(219): Illuminate\\Foundation\\Http\\Middleware\\VerifyCsrfToken->handle(Object(Illuminate\\Http\\Request), Object(Closure))
#19 E:\\SEMESTER 5\\Pemrograman Framework\\BELAJAR\\Inventory_system\\vendor\\laravel\\framework\\src\\Illuminate\\View\\Middleware\\ShareErrorsFromSession.php(48): Illuminate\\Pipeline\\Pipeline->Illuminate\\Pipeline\\{closure}(Object(Illuminate\\Http\\Request))
#20 E:\\SEMESTER 5\\Pemrograman Framework\\BELAJAR\\Inventory_system\\vendor\\laravel\\framework\\src\\Illuminate\\Pipeline\\Pipeline.php(219): Illuminate\\View\\Middleware\\ShareErrorsFromSession->handle(Object(Illuminate\\Http\\Request), Object(Closure))
#21 E:\\SEMESTER 5\\Pemrograman Framework\\BELAJAR\\Inventory_system\\vendor\\laravel\\framework\\src\\Illuminate\\Session\\Middleware\\StartSession.php(120): Illuminate\\Pipeline\\Pipeline->Illuminate\\Pipeline\\{closure}(Object(Illuminate\\Http\\Request))
#22 E:\\SEMESTER 5\\Pemrograman Framework\\BELAJAR\\Inventory_system\\vendor\\laravel\\framework\\src\\Illuminate\\Session\\Middleware\\StartSession.php(63): Illuminate\\Session\\Middleware\\StartSession->handleStatefulRequest(Object(Illuminate\\Http\\Request), Object(Illuminate\\Session\\Store), Object(Closure))
#23 E:\\SEMESTER 5\\Pemrograman Framework\\BELAJAR\\Inventory_system\\vendor\\laravel\\framework\\src\\Illuminate\\Pipeline\\Pipeline.php(219): Illuminate\\Session\\Middleware\\StartSession->handle(Object(Illuminate\\Http\\Request), Object(Closure))
#24 E:\\SEMESTER 5\\Pemrograman Framework\\BELAJAR\\Inventory_system\\vendor\\laravel\\framework\\src\\Illuminate\\Cookie\\Middleware\\AddQueuedCookiesToResponse.php(36): Illuminate\\Pipeline\\Pipeline->Illuminate\\Pipeline\\{closure}(Object(Illuminate\\Http\\Request))
#25 E:\\SEMESTER 5\\Pemrograman Framework\\BELAJAR\\Inventory_system\\vendor\\laravel\\framework\\src\\Illuminate\\Pipeline\\Pipeline.php(219): Illuminate\\Cookie\\Middleware\\AddQueuedCookiesToResponse->handle(Object(Illuminate\\Http\\Request), Object(Closure))
#26 E:\\SEMESTER 5\\Pemrograman Framework\\BELAJAR\\Inventory_system\\vendor\\laravel\\framework\\src\\Illuminate\\Cookie\\Middleware\\EncryptCookies.php(74): Illuminate\\Pipeline\\Pipeline->Illuminate\\Pipeline\\{closure}(Object(Illuminate\\Http\\Request))
#27 E:\\SEMESTER 5\\Pemrograman Framework\\BELAJAR\\Inventory_system\\vendor\\laravel\\framework\\src\\Illuminate\\Pipeline\\Pipeline.php(219): Illuminate\\Cookie\\Middleware\\EncryptCookies->handle(Object(Illuminate\\Http\\Request), Object(Closure))
#28 E:\\SEMESTER 5\\Pemrograman Framework\\BELAJAR\\Inventory_system\\vendor\\laravel\\framework\\src\\Illuminate\\Pipeline\\Pipeline.php(137): Illuminate\\Pipeline\\Pipeline->Illuminate\\Pipeline\\{closure}(Object(Illuminate\\Http\\Request))
#29 E:\\SEMESTER 5\\Pemrograman Framework\\BELAJAR\\Inventory_system\\vendor\\laravel\\framework\\src\\Illuminate\\Routing\\Router.php(821): Illuminate\\Pipeline\\Pipeline->then(Object(Closure))
#30 E:\\SEMESTER 5\\Pemrograman Framework\\BELAJAR\\Inventory_system\\vendor\\laravel\\framework\\src\\Illuminate\\Routing\\Router.php(800): Illuminate\\Routing\\Router->runRouteWithinStack(Object(Illuminate\\Routing\\Route), Object(Illuminate\\Http\\Request))
#31 E:\\SEMESTER 5\\Pemrograman Framework\\BELAJAR\\Inventory_system\\vendor\\laravel\\framework\\src\\Illuminate\\Routing\\Router.php(764): Illuminate\\Routing\\Router->runRoute(Object(Illuminate\\Http\\Request), Object(Illuminate\\Routing\\Route))
#32 E:\\SEMESTER 5\\Pemrograman Framework\\BELAJAR\\Inventory_system\\vendor\\laravel\\framework\\src\\Illuminate\\Routing\\Router.php(753): Illuminate\\Routing\\Router->dispatchToRoute(Object(Illuminate\\Http\\Request))
#33 E:\\SEMESTER 5\\Pemrograman Framework\\BELAJAR\\Inventory_system\\vendor\\laravel\\framework\\src\\Illuminate\\Foundation\\Http\\Kernel.php(200): Illuminate\\Routing\\Router->dispatch(Object(Illuminate\\Http\\Request))
#34 E:\\SEMESTER 5\\Pemrograman Framework\\BELAJAR\\Inventory_system\\vendor\\laravel\\framework\\src\\Illuminate\\Pipeline\\Pipeline.php(180): Illuminate\\Foundation\\Http\\Kernel->Illuminate\\Foundation\\Http\\{closure}(Object(Illuminate\\Http\\Request))
#35 E:\\SEMESTER 5\\Pemrograman Framework\\BELAJAR\\Inventory_system\\vendor\\laravel\\framework\\src\\Illuminate\\Foundation\\Http\\Middleware\\TransformsRequest.php(21): Illuminate\\Pipeline\\Pipeline->Illuminate\\Pipeline\\{closure}(Object(Illuminate\\Http\\Request))
#36 E:\\SEMESTER 5\\Pemrograman Framework\\BELAJAR\\Inventory_system\\vendor\\laravel\\framework\\src\\Illuminate\\Foundation\\Http\\Middleware\\ConvertEmptyStringsToNull.php(31): Illuminate\\Foundation\\Http\\Middleware\\TransformsRequest->handle(Object(Illuminate\\Http\\Request), Object(Closure))
#37 E:\\SEMESTER 5\\Pemrograman Framework\\BELAJAR\\Inventory_system\\vendor\\laravel\\framework\\src\\Illuminate\\Pipeline\\Pipeline.php(219): Illuminate\\Foundation\\Http\\Middleware\\ConvertEmptyStringsToNull->handle(Object(Illuminate\\Http\\Request), Object(Closure))
#38 E:\\SEMESTER 5\\Pemrograman Framework\\BELAJAR\\Inventory_system\\vendor\\laravel\\framework\\src\\Illuminate\\Foundation\\Http\\Middleware\\TransformsRequest.php(21): Illuminate\\Pipeline\\Pipeline->Illuminate\\Pipeline\\{closure}(Object(Illuminate\\Http\\Request))
#39 E:\\SEMESTER 5\\Pemrograman Framework\\BELAJAR\\Inventory_system\\vendor\\laravel\\framework\\src\\Illuminate\\Foundation\\Http\\Middleware\\TrimStrings.php(51): Illuminate\\Foundation\\Http\\Middleware\\TransformsRequest->handle(Object(Illuminate\\Http\\Request), Object(Closure))
#40 E:\\SEMESTER 5\\Pemrograman Framework\\BELAJAR\\Inventory_system\\vendor\\laravel\\framework\\src\\Illuminate\\Pipeline\\Pipeline.php(219): Illuminate\\Foundation\\Http\\Middleware\\TrimStrings->handle(Object(Illuminate\\Http\\Request), Object(Closure))
#41 E:\\SEMESTER 5\\Pemrograman Framework\\BELAJAR\\Inventory_system\\vendor\\laravel\\framework\\src\\Illuminate\\Http\\Middleware\\ValidatePostSize.php(27): Illuminate\\Pipeline\\Pipeline->Illuminate\\Pipeline\\{closure}(Object(Illuminate\\Http\\Request))
#42 E:\\SEMESTER 5\\Pemrograman Framework\\BELAJAR\\Inventory_system\\vendor\\laravel\\framework\\src\\Illuminate\\Pipeline\\Pipeline.php(219): Illuminate\\Http\\Middleware\\ValidatePostSize->handle(Object(Illuminate\\Http\\Request), Object(Closure))
#43 E:\\SEMESTER 5\\Pemrograman Framework\\BELAJAR\\Inventory_system\\vendor\\laravel\\framework\\src\\Illuminate\\Foundation\\Http\\Middleware\\PreventRequestsDuringMaintenance.php(109): Illuminate\\Pipeline\\Pipeline->Illuminate\\Pipeline\\{closure}(Object(Illuminate\\Http\\Request))
#44 E:\\SEMESTER 5\\Pemrograman Framework\\BELAJAR\\Inventory_system\\vendor\\laravel\\framework\\src\\Illuminate\\Pipeline\\Pipeline.php(219): Illuminate\\Foundation\\Http\\Middleware\\PreventRequestsDuringMaintenance->handle(Object(Illuminate\\Http\\Request), Object(Closure))
#45 E:\\SEMESTER 5\\Pemrograman Framework\\BELAJAR\\Inventory_system\\vendor\\laravel\\framework\\src\\Illuminate\\Http\\Middleware\\HandleCors.php(48): Illuminate\\Pipeline\\Pipeline->Illuminate\\Pipeline\\{closure}(Object(Illuminate\\Http\\Request))
#46 E:\\SEMESTER 5\\Pemrograman Framework\\BELAJAR\\Inventory_system\\vendor\\laravel\\framework\\src\\Illuminate\\Pipeline\\Pipeline.php(219): Illuminate\\Http\\Middleware\\HandleCors->handle(Object(Illuminate\\Http\\Request), Object(Closure))
#47 E:\\SEMESTER 5\\Pemrograman Framework\\BELAJAR\\Inventory_system\\vendor\\laravel\\framework\\src\\Illuminate\\Http\\Middleware\\TrustProxies.php(58): Illuminate\\Pipeline\\Pipeline->Illuminate\\Pipeline\\{closure}(Object(Illuminate\\Http\\Request))
#48 E:\\SEMESTER 5\\Pemrograman Framework\\BELAJAR\\Inventory_system\\vendor\\laravel\\framework\\src\\Illuminate\\Pipeline\\Pipeline.php(219): Illuminate\\Http\\Middleware\\TrustProxies->handle(Object(Illuminate\\Http\\Request), Object(Closure))
#49 E:\\SEMESTER 5\\Pemrograman Framework\\BELAJAR\\Inventory_system\\vendor\\laravel\\framework\\src\\Illuminate\\Foundation\\Http\\Middleware\\InvokeDeferredCallbacks.php(22): Illuminate\\Pipeline\\Pipeline->Illuminate\\Pipeline\\{closure}(Object(Illuminate\\Http\\Request))
#50 E:\\SEMESTER 5\\Pemrograman Framework\\BELAJAR\\Inventory_system\\vendor\\laravel\\framework\\src\\Illuminate\\Pipeline\\Pipeline.php(219): Illuminate\\Foundation\\Http\\Middleware\\InvokeDeferredCallbacks->handle(Object(Illuminate\\Http\\Request), Object(Closure))
#51 E:\\SEMESTER 5\\Pemrograman Framework\\BELAJAR\\Inventory_system\\vendor\\laravel\\framework\\src\\Illuminate\\Http\\Middleware\\ValidatePathEncoding.php(26): Illuminate\\Pipeline\\Pipeline->Illuminate\\Pipeline\\{closure}(Object(Illuminate\\Http\\Request))
#52 E:\\SEMESTER 5\\Pemrograman Framework\\BELAJAR\\Inventory_system\\vendor\\laravel\\framework\\src\\Illuminate\\Pipeline\\Pipeline.php(219): Illuminate\\Http\\Middleware\\ValidatePathEncoding->handle(Object(Illuminate\\Http\\Request), Object(Closure))
#53 E:\\SEMESTER 5\\Pemrograman Framework\\BELAJAR\\Inventory_system\\vendor\\laravel\\framework\\src\\Illuminate\\Pipeline\\Pipeline.php(137): Illuminate\\Pipeline\\Pipeline->Illuminate\\Pipeline\\{closure}(Object(Illuminate\\Http\\Request))
#54 E:\\SEMESTER 5\\Pemrograman Framework\\BELAJAR\\Inventory_system\\vendor\\laravel\\framework\\src\\Illuminate\\Foundation\\Http\\Kernel.php(175): Illuminate\\Pipeline\\Pipeline->then(Object(Closure))
#55 E:\\SEMESTER 5\\Pemrograman Framework\\BELAJAR\\Inventory_system\\vendor\\laravel\\framework\\src\\Illuminate\\Foundation\\Http\\Kernel.php(144): Illuminate\\Foundation\\Http\\Kernel->sendRequestThroughRouter(Object(Illuminate\\Http\\Request))
#56 E:\\SEMESTER 5\\Pemrograman Framework\\BELAJAR\\Inventory_system\\vendor\\laravel\\framework\\src\\Illuminate\\Foundation\\Application.php(1220): Illuminate\\Foundation\\Http\\Kernel->handle(Object(Illuminate\\Http\\Request))
#57 E:\\SEMESTER 5\\Pemrograman Framework\\BELAJAR\\Inventory_system\\public\\index.php(20): Illuminate\\Foundation\\Application->handleRequest(Object(Illuminate\\Http\\Request))
#58 E:\\SEMESTER 5\\Pemrograman Framework\\BELAJAR\\Inventory_system\\vendor\\laravel\\framework\\src\\Illuminate\\Foundation\\resources\\server.php(23): require_once('E:\\\\SEMESTER 5\\\\P...')
#59 {main}

[previous exception] [object] (ParseError(code: 0): syntax error, unexpected token \"endif\", expecting end of file at E:\\SEMESTER 5\\Pemrograman Framework\\BELAJAR\\Inventory_system\\storage\\framework\\views\\0226a6adee4fb1b45d7edd65ffb74958.php:4)
[stacktrace]
#0 E:\\SEMESTER 5\\Pemrograman Framework\\BELAJAR\\Inventory_system\\vendor\\laravel\\framework\\src\\Illuminate\\Filesystem\\Filesystem.php(124): Illuminate\\Filesystem\\Filesystem::Illuminate\\Filesystem\\{closure}()
#1 E:\\SEMESTER 5\\Pemrograman Framework\\BELAJAR\\Inventory_system\\vendor\\laravel\\framework\\src\\Illuminate\\View\\Engines\\PhpEngine.php(57): Illuminate\\Filesystem\\Filesystem->getRequire('E:\\\\SEMESTER 5\\\\P...', Array)
#2 E:\\SEMESTER 5\\Pemrograman Framework\\BELAJAR\\Inventory_system\\vendor\\laravel\\framework\\src\\Illuminate\\View\\Engines\\CompilerEngine.php(76): Illuminate\\View\\Engines\\PhpEngine->evaluatePath('E:\\\\SEMESTER 5\\\\P...', Array)
#3 E:\\SEMESTER 5\\Pemrograman Framework\\BELAJAR\\Inventory_system\\vendor\\laravel\\framework\\src\\Illuminate\\View\\View.php(208): Illuminate\\View\\Engines\\CompilerEngine->get('E:\\\\SEMESTER 5\\\\P...', Array)
#4 E:\\SEMESTER 5\\Pemrograman Framework\\BELAJAR\\Inventory_system\\vendor\\laravel\\framework\\src\\Illuminate\\View\\View.php(191): Illuminate\\View\\View->getContents()
#5 E:\\SEMESTER 5\\Pemrograman Framework\\BELAJAR\\Inventory_system\\vendor\\laravel\\framework\\src\\Illuminate\\View\\View.php(160): Illuminate\\View\\View->renderContents()
#6 E:\\SEMESTER 5\\Pemrograman Framework\\BELAJAR\\Inventory_system\\vendor\\laravel\\framework\\src\\Illuminate\\Http\\Response.php(78): Illuminate\\View\\View->render()
#7 E:\\SEMESTER 5\\Pemrograman Framework\\BELAJAR\\Inventory_system\\vendor\\laravel\\framework\\src\\Illuminate\\Http\\Response.php(34): Illuminate\\Http\\Response->setContent(Object(Illuminate\\View\\View))
#8 E:\\SEMESTER 5\\Pemrograman Framework\\BELAJAR\\Inventory_system\\vendor\\laravel\\framework\\src\\Illuminate\\Routing\\Router.php(939): Illuminate\\Http\\Response->__construct(Object(Illuminate\\View\\View), 200, Array)
#9 E:\\SEMESTER 5\\Pemrograman Framework\\BELAJAR\\Inventory_system\\vendor\\laravel\\framework\\src\\Illuminate\\Routing\\Router.php(906): Illuminate\\Routing\\Router::toResponse(Object(Illuminate\\Http\\Request), Object(Illuminate\\View\\View))
#10 E:\\SEMESTER 5\\Pemrograman Framework\\BELAJAR\\Inventory_system\\vendor\\laravel\\framework\\src\\Illuminate\\Routing\\Router.php(821): Illuminate\\Routing\\Router->prepareResponse(Object(Illuminate\\Http\\Request), Object(Illuminate\\View\\View))
#11 E:\\SEMESTER 5\\Pemrograman Framework\\BELAJAR\\Inventory_system\\vendor\\laravel\\framework\\src\\Illuminate\\Pipeline\\Pipeline.php(180): Illuminate\\Routing\\Router->Illuminate\\Routing\\{closure}(Object(Illuminate\\Http\\Request))
#12 E:\\SEMESTER 5\\Pemrograman Framework\\BELAJAR\\Inventory_system\\app\\Http\\Middleware\\RoleMiddleware.php(24): Illuminate\\Pipeline\\Pipeline->Illuminate\\Pipeline\\{closure}(Object(Illuminate\\Http\\Request))
#13 E:\\SEMESTER 5\\Pemrograman Framework\\BELAJAR\\Inventory_system\\vendor\\laravel\\framework\\src\\Illuminate\\Pipeline\\Pipeline.php(219): App\\Http\\Middleware\\RoleMiddleware->handle(Object(Illuminate\\Http\\Request), Object(Closure), 'gudang|kasir')
#14 E:\\SEMESTER 5\\Pemrograman Framework\\BELAJAR\\Inventory_system\\vendor\\laravel\\framework\\src\\Illuminate\\Routing\\Middleware\\SubstituteBindings.php(50): Illuminate\\Pipeline\\Pipeline->Illuminate\\Pipeline\\{closure}(Object(Illuminate\\Http\\Request))
#15 E:\\SEMESTER 5\\Pemrograman Framework\\BELAJAR\\Inventory_system\\vendor\\laravel\\framework\\src\\Illuminate\\Pipeline\\Pipeline.php(219): Illuminate\\Routing\\Middleware\\SubstituteBindings->handle(Object(Illuminate\\Http\\Request), Object(Closure))
#16 E:\\SEMESTER 5\\Pemrograman Framework\\BELAJAR\\Inventory_system\\vendor\\laravel\\framework\\src\\Illuminate\\Auth\\Middleware\\Authenticate.php(63): Illuminate\\Pipeline\\Pipeline->Illuminate\\Pipeline\\{closure}(Object(Illuminate\\Http\\Request))
#17 E:\\SEMESTER 5\\Pemrograman Framework\\BELAJAR\\Inventory_system\\vendor\\laravel\\framework\\src\\Illuminate\\Pipeline\\Pipeline.php(219): Illuminate\\Auth\\Middleware\\Authenticate->handle(Object(Illuminate\\Http\\Request), Object(Closure))
#18 E:\\SEMESTER 5\\Pemrograman Framework\\BELAJAR\\Inventory_system\\vendor\\laravel\\framework\\src\\Illuminate\\Foundation\\Http\\Middleware\\VerifyCsrfToken.php(87): Illuminate\\Pipeline\\Pipeline->Illuminate\\Pipeline\\{closure}(Object(Illuminate\\Http\\Request))
#19 E:\\SEMESTER 5\\Pemrograman Framework\\BELAJAR\\Inventory_system\\vendor\\laravel\\framework\\src\\Illuminate\\Pipeline\\Pipeline.php(219): Illuminate\\Foundation\\Http\\Middleware\\VerifyCsrfToken->handle(Object(Illuminate\\Http\\Request), Object(Closure))
#20 E:\\SEMESTER 5\\Pemrograman Framework\\BELAJAR\\Inventory_system\\vendor\\laravel\\framework\\src\\Illuminate\\View\\Middleware\\ShareErrorsFromSession.php(48): Illuminate\\Pipeline\\Pipeline->Illuminate\\Pipeline\\{closure}(Object(Illuminate\\Http\\Request))
#21 E:\\SEMESTER 5\\Pemrograman Framework\\BELAJAR\\Inventory_system\\vendor\\laravel\\framework\\src\\Illuminate\\Pipeline\\Pipeline.php(219): Illuminate\\View\\Middleware\\ShareErrorsFromSession->handle(Object(Illuminate\\Http\\Request), Object(Closure))
#22 E:\\SEMESTER 5\\Pemrograman Framework\\BELAJAR\\Inventory_system\\vendor\\laravel\\framework\\src\\Illuminate\\Session\\Middleware\\StartSession.php(120): Illuminate\\Pipeline\\Pipeline->Illuminate\\Pipeline\\{closure}(Object(Illuminate\\Http\\Request))
#23 E:\\SEMESTER 5\\Pemrograman Framework\\BELAJAR\\Inventory_system\\vendor\\laravel\\framework\\src\\Illuminate\\Session\\Middleware\\StartSession.php(63): Illuminate\\Session\\Middleware\\StartSession->handleStatefulRequest(Object(Illuminate\\Http\\Request), Object(Illuminate\\Session\\Store), Object(Closure))
#24 E:\\SEMESTER 5\\Pemrograman Framework\\BELAJAR\\Inventory_system\\vendor\\laravel\\framework\\src\\Illuminate\\Pipeline\\Pipeline.php(219): Illuminate\\Session\\Middleware\\StartSession->handle(Object(Illuminate\\Http\\Request), Object(Closure))
#25 E:\\SEMESTER 5\\Pemrograman Framework\\BELAJAR\\Inventory_system\\vendor\\laravel\\framework\\src\\Illuminate\\Cookie\\Middleware\\AddQueuedCookiesToResponse.php(36): Illuminate\\Pipeline\\Pipeline->Illuminate\\Pipeline\\{closure}(Object(Illuminate\\Http\\Request))
#26 E:\\SEMESTER 5\\Pemrograman Framework\\BELAJAR\\Inventory_system\\vendor\\laravel\\framework\\src\\Illuminate\\Pipeline\\Pipeline.php(219): Illuminate\\Cookie\\Middleware\\AddQueuedCookiesToResponse->handle(Object(Illuminate\\Http\\Request), Object(Closure))
#27 E:\\SEMESTER 5\\Pemrograman Framework\\BELAJAR\\Inventory_system\\vendor\\laravel\\framework\\src\\Illuminate\\Cookie\\Middleware\\EncryptCookies.php(74): Illuminate\\Pipeline\\Pipeline->Illuminate\\Pipeline\\{closure}(Object(Illuminate\\Http\\Request))
#28 E:\\SEMESTER 5\\Pemrograman Framework\\BELAJAR\\Inventory_system\\vendor\\laravel\\framework\\src\\Illuminate\\Pipeline\\Pipeline.php(219): Illuminate\\Cookie\\Middleware\\EncryptCookies->handle(Object(Illuminate\\Http\\Request), Object(Closure))
#29 E:\\SEMESTER 5\\Pemrograman Framework\\BELAJAR\\Inventory_system\\vendor\\laravel\\framework\\src\\Illuminate\\Pipeline\\Pipeline.php(137): Illuminate\\Pipeline\\Pipeline->Illuminate\\Pipeline\\{closure}(Object(Illuminate\\Http\\Request))
#30 E:\\SEMESTER 5\\Pemrograman Framework\\BELAJAR\\Inventory_system\\vendor\\laravel\\framework\\src\\Illuminate\\Routing\\Router.php(821): Illuminate\\Pipeline\\Pipeline->then(Object(Closure))
#31 E:\\SEMESTER 5\\Pemrograman Framework\\BELAJAR\\Inventory_system\\vendor\\laravel\\framework\\src\\Illuminate\\Routing\\Router.php(800): Illuminate\\Routing\\Router->runRouteWithinStack(Object(Illuminate\\Routing\\Route), Object(Illuminate\\Http\\Request))
#32 E:\\SEMESTER 5\\Pemrograman Framework\\BELAJAR\\Inventory_system\\vendor\\laravel\\framework\\src\\Illuminate\\Routing\\Router.php(764): Illuminate\\Routing\\Router->runRoute(Object(Illuminate\\Http\\Request), Object(Illuminate\\Routing\\Route))
#33 E:\\SEMESTER 5\\Pemrograman Framework\\BELAJAR\\Inventory_system\\vendor\\laravel\\framework\\src\\Illuminate\\Routing\\Router.php(753): Illuminate\\Routing\\Router->dispatchToRoute(Object(Illuminate\\Http\\Request))
#34 E:\\SEMESTER 5\\Pemrograman Framework\\BELAJAR\\Inventory_system\\vendor\\laravel\\framework\\src\\Illuminate\\Foundation\\Http\\Kernel.php(200): Illuminate\\Routing\\Router->dispatch(Object(Illuminate\\Http\\Request))
#35 E:\\SEMESTER 5\\Pemrograman Framework\\BELAJAR\\Inventory_system\\vendor\\laravel\\framework\\src\\Illuminate\\Pipeline\\Pipeline.php(180): Illuminate\\Foundation\\Http\\Kernel->Illuminate\\Foundation\\Http\\{closure}(Object(Illuminate\\Http\\Request))
#36 E:\\SEMESTER 5\\Pemrograman Framework\\BELAJAR\\Inventory_system\\vendor\\laravel\\framework\\src\\Illuminate\\Foundation\\Http\\Middleware\\TransformsRequest.php(21): Illuminate\\Pipeline\\Pipeline->Illuminate\\Pipeline\\{closure}(Object(Illuminate\\Http\\Request))
#37 E:\\SEMESTER 5\\Pemrograman Framework\\BELAJAR\\Inventory_system\\vendor\\laravel\\framework\\src\\Illuminate\\Foundation\\Http\\Middleware\\ConvertEmptyStringsToNull.php(31): Illuminate\\Foundation\\Http\\Middleware\\TransformsRequest->handle(Object(Illuminate\\Http\\Request), Object(Closure))
#38 E:\\SEMESTER 5\\Pemrograman Framework\\BELAJAR\\Inventory_system\\vendor\\laravel\\framework\\src\\Illuminate\\Pipeline\\Pipeline.php(219): Illuminate\\Foundation\\Http\\Middleware\\ConvertEmptyStringsToNull->handle(Object(Illuminate\\Http\\Request), Object(Closure))
#39 E:\\SEMESTER 5\\Pemrograman Framework\\BELAJAR\\Inventory_system\\vendor\\laravel\\framework\\src\\Illuminate\\Foundation\\Http\\Middleware\\TransformsRequest.php(21): Illuminate\\Pipeline\\Pipeline->Illuminate\\Pipeline\\{closure}(Object(Illuminate\\Http\\Request))
#40 E:\\SEMESTER 5\\Pemrograman Framework\\BELAJAR\\Inventory_system\\vendor\\laravel\\framework\\src\\Illuminate\\Foundation\\Http\\Middleware\\TrimStrings.php(51): Illuminate\\Foundation\\Http\\Middleware\\TransformsRequest->handle(Object(Illuminate\\Http\\Request), Object(Closure))
#41 E:\\SEMESTER 5\\Pemrograman Framework\\BELAJAR\\Inventory_system\\vendor\\laravel\\framework\\src\\Illuminate\\Pipeline\\Pipeline.php(219): Illuminate\\Foundation\\Http\\Middleware\\TrimStrings->handle(Object(Illuminate\\Http\\Request), Object(Closure))
#42 E:\\SEMESTER 5\\Pemrograman Framework\\BELAJAR\\Inventory_system\\vendor\\laravel\\framework\\src\\Illuminate\\Http\\Middleware\\ValidatePostSize.php(27): Illuminate\\Pipeline\\Pipeline->Illuminate\\Pipeline\\{closure}(Object(Illuminate\\Http\\Request))
#43 E:\\SEMESTER 5\\Pemrograman Framework\\BELAJAR\\Inventory_system\\vendor\\laravel\\framework\\src\\Illuminate\\Pipeline\\Pipeline.php(219): Illuminate\\Http\\Middleware\\ValidatePostSize->handle(Object(Illuminate\\Http\\Request), Object(Closure))
#44 E:\\SEMESTER 5\\Pemrograman Framework\\BELAJAR\\Inventory_system\\vendor\\laravel\\framework\\src\\Illuminate\\Foundation\\Http\\Middleware\\PreventRequestsDuringMaintenance.php(109): Illuminate\\Pipeline\\Pipeline->Illuminate\\Pipeline\\{closure}(Object(Illuminate\\Http\\Request))
#45 E:\\SEMESTER 5\\Pemrograman Framework\\BELAJAR\\Inventory_system\\vendor\\laravel\\framework\\src\\Illuminate\\Pipeline\\Pipeline.php(219): Illuminate\\Foundation\\Http\\Middleware\\PreventRequestsDuringMaintenance->handle(Object(Illuminate\\Http\\Request), Object(Closure))
#46 E:\\SEMESTER 5\\Pemrograman Framework\\BELAJAR\\Inventory_system\\vendor\\laravel\\framework\\src\\Illuminate\\Http\\Middleware\\HandleCors.php(48): Illuminate\\Pipeline\\Pipeline->Illuminate\\Pipeline\\{closure}(Object(Illuminate\\Http\\Request))
#47 E:\\SEMESTER 5\\Pemrograman Framework\\BELAJAR\\Inventory_system\\vendor\\laravel\\framework\\src\\Illuminate\\Pipeline\\Pipeline.php(219): Illuminate\\Http\\Middleware\\HandleCors->handle(Object(Illuminate\\Http\\Request), Object(Closure))
#48 E:\\SEMESTER 5\\Pemrograman Framework\\BELAJAR\\Inventory_system\\vendor\\laravel\\framework\\src\\Illuminate\\Http\\Middleware\\TrustProxies.php(58): Illuminate\\Pipeline\\Pipeline->Illuminate\\Pipeline\\{closure}(Object(Illuminate\\Http\\Request))
#49 E:\\SEMESTER 5\\Pemrograman Framework\\BELAJAR\\Inventory_system\\vendor\\laravel\\framework\\src\\Illuminate\\Pipeline\\Pipeline.php(219): Illuminate\\Http\\Middleware\\TrustProxies->handle(Object(Illuminate\\Http\\Request), Object(Closure))
#50 E:\\SEMESTER 5\\Pemrograman Framework\\BELAJAR\\Inventory_system\\vendor\\laravel\\framework\\src\\Illuminate\\Foundation\\Http\\Middleware\\InvokeDeferredCallbacks.php(22): Illuminate\\Pipeline\\Pipeline->Illuminate\\Pipeline\\{closure}(Object(Illuminate\\Http\\Request))
#51 E:\\SEMESTER 5\\Pemrograman Framework\\BELAJAR\\Inventory_system\\vendor\\laravel\\framework\\src\\Illuminate\\Pipeline\\Pipeline.php(219): Illuminate\\Foundation\\Http\\Middleware\\InvokeDeferredCallbacks->handle(Object(Illuminate\\Http\\Request), Object(Closure))
#52 E:\\SEMESTER 5\\Pemrograman Framework\\BELAJAR\\Inventory_system\\vendor\\laravel\\framework\\src\\Illuminate\\Http\\Middleware\\ValidatePathEncoding.php(26): Illuminate\\Pipeline\\Pipeline->Illuminate\\Pipeline\\{closure}(Object(Illuminate\\Http\\Request))
#53 E:\\SEMESTER 5\\Pemrograman Framework\\BELAJAR\\Inventory_system\\vendor\\laravel\\framework\\src\\Illuminate\\Pipeline\\Pipeline.php(219): Illuminate\\Http\\Middleware\\ValidatePathEncoding->handle(Object(Illuminate\\Http\\Request), Object(Closure))
#54 E:\\SEMESTER 5\\Pemrograman Framework\\BELAJAR\\Inventory_system\\vendor\\laravel\\framework\\src\\Illuminate\\Pipeline\\Pipeline.php(137): Illuminate\\Pipeline\\Pipeline->Illuminate\\Pipeline\\{closure}(Object(Illuminate\\Http\\Request))
#55 E:\\SEMESTER 5\\Pemrograman Framework\\BELAJAR\\Inventory_system\\vendor\\laravel\\framework\\src\\Illuminate\\Foundation\\Http\\Kernel.php(175): Illuminate\\Pipeline\\Pipeline->then(Object(Closure))
#56 E:\\SEMESTER 5\\Pemrograman Framework\\BELAJAR\\Inventory_system\\vendor\\laravel\\framework\\src\\Illuminate\\Foundation\\Http\\Kernel.php(144): Illuminate\\Foundation\\Http\\Kernel->sendRequestThroughRouter(Object(Illuminate\\Http\\Request))
#57 E:\\SEMESTER 5\\Pemrograman Framework\\BELAJAR\\Inventory_system\\vendor\\laravel\\framework\\src\\Illuminate\\Foundation\\Application.php(1220): Illuminate\\Foundation\\Http\\Kernel->handle(Object(Illuminate\\Http\\Request))
#58 E:\\SEMESTER 5\\Pemrograman Framework\\BELAJAR\\Inventory_system\\public\\index.php(20): Illuminate\\Foundation\\Application->handleRequest(Object(Illuminate\\Http\\Request))
#59 E:\\SEMESTER 5\\Pemrograman Framework\\BELAJAR\\Inventory_system\\vendor\\laravel\\framework\\src\\Illuminate\\Foundation\\resources\\server.php(23): require_once('E:\\\\SEMESTER 5\\\\P...')
#60 {main}
"} 
[2025-11-25 17:02:17] local.ERROR: syntax error, unexpected token "endif", expecting end of file (View: E:\SEMESTER 5\Pemrograman Framework\BELAJAR\Inventory_system\resources\views\transactions\create.blade.php) {"userId":2,"exception":"[object] (Illuminate\\View\\ViewException(code: 0): syntax error, unexpected token \"endif\", expecting end of file (View: E:\\SEMESTER 5\\Pemrograman Framework\\BELAJAR\\Inventory_system\\resources\\views\\transactions\\create.blade.php) at E:\\SEMESTER 5\\Pemrograman Framework\\BELAJAR\\Inventory_system\\storage\\framework\\views\\0226a6adee4fb1b45d7edd65ffb74958.php:4)
[stacktrace]
#0 E:\\SEMESTER 5\\Pemrograman Framework\\BELAJAR\\Inventory_system\\vendor\\laravel\\framework\\src\\Illuminate\\View\\Engines\\PhpEngine.php(59): Illuminate\\View\\Engines\\CompilerEngine->handleViewException(Object(ParseError), 1)
#1 E:\\SEMESTER 5\\Pemrograman Framework\\BELAJAR\\Inventory_system\\vendor\\laravel\\framework\\src\\Illuminate\\View\\Engines\\CompilerEngine.php(76): Illuminate\\View\\Engines\\PhpEngine->evaluatePath('E:\\\\SEMESTER 5\\\\P...', Array)
#2 E:\\SEMESTER 5\\Pemrograman Framework\\BELAJAR\\Inventory_system\\vendor\\laravel\\framework\\src\\Illuminate\\View\\View.php(208): Illuminate\\View\\Engines\\CompilerEngine->get('E:\\\\SEMESTER 5\\\\P...', Array)
#3 E:\\SEMESTER 5\\Pemrograman Framework\\BELAJAR\\Inventory_system\\vendor\\laravel\\framework\\src\\Illuminate\\View\\View.php(191): Illuminate\\View\\View->getContents()
#4 E:\\SEMESTER 5\\Pemrograman Framework\\BELAJAR\\Inventory_system\\vendor\\laravel\\framework\\src\\Illuminate\\View\\View.php(160): Illuminate\\View\\View->renderContents()
#5 E:\\SEMESTER 5\\Pemrograman Framework\\BELAJAR\\Inventory_system\\vendor\\laravel\\framework\\src\\Illuminate\\Http\\Response.php(78): Illuminate\\View\\View->render()
#6 E:\\SEMESTER 5\\Pemrograman Framework\\BELAJAR\\Inventory_system\\vendor\\laravel\\framework\\src\\Illuminate\\Http\\Response.php(34): Illuminate\\Http\\Response->setContent(Object(Illuminate\\View\\View))
#7 E:\\SEMESTER 5\\Pemrograman Framework\\BELAJAR\\Inventory_system\\vendor\\laravel\\framework\\src\\Illuminate\\Routing\\Router.php(939): Illuminate\\Http\\Response->__construct(Object(Illuminate\\View\\View), 200, Array)
#8 E:\\SEMESTER 5\\Pemrograman Framework\\BELAJAR\\Inventory_system\\vendor\\laravel\\framework\\src\\Illuminate\\Routing\\Router.php(906): Illuminate\\Routing\\Router::toResponse(Object(Illuminate\\Http\\Request), Object(Illuminate\\View\\View))
#9 E:\\SEMESTER 5\\Pemrograman Framework\\BELAJAR\\Inventory_system\\vendor\\laravel\\framework\\src\\Illuminate\\Routing\\Router.php(821): Illuminate\\Routing\\Router->prepareResponse(Object(Illuminate\\Http\\Request), Object(Illuminate\\View\\View))
#10 E:\\SEMESTER 5\\Pemrograman Framework\\BELAJAR\\Inventory_system\\vendor\\laravel\\framework\\src\\Illuminate\\Pipeline\\Pipeline.php(180): Illuminate\\Routing\\Router->Illuminate\\Routing\\{closure}(Object(Illuminate\\Http\\Request))
#11 E:\\SEMESTER 5\\Pemrograman Framework\\BELAJAR\\Inventory_system\\app\\Http\\Middleware\\RoleMiddleware.php(24): Illuminate\\Pipeline\\Pipeline->Illuminate\\Pipeline\\{closure}(Object(Illuminate\\Http\\Request))
#12 E:\\SEMESTER 5\\Pemrograman Framework\\BELAJAR\\Inventory_system\\vendor\\laravel\\framework\\src\\Illuminate\\Pipeline\\Pipeline.php(219): App\\Http\\Middleware\\RoleMiddleware->handle(Object(Illuminate\\Http\\Request), Object(Closure), 'gudang|kasir')
#13 E:\\SEMESTER 5\\Pemrograman Framework\\BELAJAR\\Inventory_system\\vendor\\laravel\\framework\\src\\Illuminate\\Routing\\Middleware\\SubstituteBindings.php(50): Illuminate\\Pipeline\\Pipeline->Illuminate\\Pipeline\\{closure}(Object(Illuminate\\Http\\Request))
#14 E:\\SEMESTER 5\\Pemrograman Framework\\BELAJAR\\Inventory_system\\vendor\\laravel\\framework\\src\\Illuminate\\Pipeline\\Pipeline.php(219): Illuminate\\Routing\\Middleware\\SubstituteBindings->handle(Object(Illuminate\\Http\\Request), Object(Closure))
#15 E:\\SEMESTER 5\\Pemrograman Framework\\BELAJAR\\Inventory_system\\vendor\\laravel\\framework\\src\\Illuminate\\Auth\\Middleware\\Authenticate.php(63): Illuminate\\Pipeline\\Pipeline->Illuminate\\Pipeline\\{closure}(Object(Illuminate\\Http\\Request))
#16 E:\\SEMESTER 5\\Pemrograman Framework\\BELAJAR\\Inventory_system\\vendor\\laravel\\framework\\src\\Illuminate\\Pipeline\\Pipeline.php(219): Illuminate\\Auth\\Middleware\\Authenticate->handle(Object(Illuminate\\Http\\Request), Object(Closure))
#17 E:\\SEMESTER 5\\Pemrograman Framework\\BELAJAR\\Inventory_system\\vendor\\laravel\\framework\\src\\Illuminate\\Foundation\\Http\\Middleware\\VerifyCsrfToken.php(87): Illuminate\\Pipeline\\Pipeline->Illuminate\\Pipeline\\{closure}(Object(Illuminate\\Http\\Request))
#18 E:\\SEMESTER 5\\Pemrograman Framework\\BELAJAR\\Inventory_system\\vendor\\laravel\\framework\\src\\Illuminate\\Pipeline\\Pipeline.php(219): Illuminate\\Foundation\\Http\\Middleware\\VerifyCsrfToken->handle(Object(Illuminate\\Http\\Request), Object(Closure))
#19 E:\\SEMESTER 5\\Pemrograman Framework\\BELAJAR\\Inventory_system\\vendor\\laravel\\framework\\src\\Illuminate\\View\\Middleware\\ShareErrorsFromSession.php(48): Illuminate\\Pipeline\\Pipeline->Illuminate\\Pipeline\\{closure}(Object(Illuminate\\Http\\Request))
#20 E:\\SEMESTER 5\\Pemrograman Framework\\BELAJAR\\Inventory_system\\vendor\\laravel\\framework\\src\\Illuminate\\Pipeline\\Pipeline.php(219): Illuminate\\View\\Middleware\\ShareErrorsFromSession->handle(Object(Illuminate\\Http\\Request), Object(Closure))
#21 E:\\SEMESTER 5\\Pemrograman Framework\\BELAJAR\\Inventory_system\\vendor\\laravel\\framework\\src\\Illuminate\\Session\\Middleware\\StartSession.php(120): Illuminate\\Pipeline\\Pipeline->Illuminate\\Pipeline\\{closure}(Object(Illuminate\\Http\\Request))
#22 E:\\SEMESTER 5\\Pemrograman Framework\\BELAJAR\\Inventory_system\\vendor\\laravel\\framework\\src\\Illuminate\\Session\\Middleware\\StartSession.php(63): Illuminate\\Session\\Middleware\\StartSession->handleStatefulRequest(Object(Illuminate\\Http\\Request), Object(Illuminate\\Session\\Store), Object(Closure))
#23 E:\\SEMESTER 5\\Pemrograman Framework\\BELAJAR\\Inventory_system\\vendor\\laravel\\framework\\src\\Illuminate\\Pipeline\\Pipeline.php(219): Illuminate\\Session\\Middleware\\StartSession->handle(Object(Illuminate\\Http\\Request), Object(Closure))
#24 E:\\SEMESTER 5\\Pemrograman Framework\\BELAJAR\\Inventory_system\\vendor\\laravel\\framework\\src\\Illuminate\\Cookie\\Middleware\\AddQueuedCookiesToResponse.php(36): Illuminate\\Pipeline\\Pipeline->Illuminate\\Pipeline\\{closure}(Object(Illuminate\\Http\\Request))
#25 E:\\SEMESTER 5\\Pemrograman Framework\\BELAJAR\\Inventory_system\\vendor\\laravel\\framework\\src\\Illuminate\\Pipeline\\Pipeline.php(219): Illuminate\\Cookie\\Middleware\\AddQueuedCookiesToResponse->handle(Object(Illuminate\\Http\\Request), Object(Closure))
#26 E:\\SEMESTER 5\\Pemrograman Framework\\BELAJAR\\Inventory_system\\vendor\\laravel\\framework\\src\\Illuminate\\Cookie\\Middleware\\EncryptCookies.php(74): Illuminate\\Pipeline\\Pipeline->Illuminate\\Pipeline\\{closure}(Object(Illuminate\\Http\\Request))
#27 E:\\SEMESTER 5\\Pemrograman Framework\\BELAJAR\\Inventory_system\\vendor\\laravel\\framework\\src\\Illuminate\\Pipeline\\Pipeline.php(219): Illuminate\\Cookie\\Middleware\\EncryptCookies->handle(Object(Illuminate\\Http\\Request), Object(Closure))
#28 E:\\SEMESTER 5\\Pemrograman Framework\\BELAJAR\\Inventory_system\\vendor\\laravel\\framework\\src\\Illuminate\\Pipeline\\Pipeline.php(137): Illuminate\\Pipeline\\Pipeline->Illuminate\\Pipeline\\{closure}(Object(Illuminate\\Http\\Request))
#29 E:\\SEMESTER 5\\Pemrograman Framework\\BELAJAR\\Inventory_system\\vendor\\laravel\\framework\\src\\Illuminate\\Routing\\Router.php(821): Illuminate\\Pipeline\\Pipeline->then(Object(Closure))
#30 E:\\SEMESTER 5\\Pemrograman Framework\\BELAJAR\\Inventory_system\\vendor\\laravel\\framework\\src\\Illuminate\\Routing\\Router.php(800): Illuminate\\Routing\\Router->runRouteWithinStack(Object(Illuminate\\Routing\\Route), Object(Illuminate\\Http\\Request))
#31 E:\\SEMESTER 5\\Pemrograman Framework\\BELAJAR\\Inventory_system\\vendor\\laravel\\framework\\src\\Illuminate\\Routing\\Router.php(764): Illuminate\\Routing\\Router->runRoute(Object(Illuminate\\Http\\Request), Object(Illuminate\\Routing\\Route))
#32 E:\\SEMESTER 5\\Pemrograman Framework\\BELAJAR\\Inventory_system\\vendor\\laravel\\framework\\src\\Illuminate\\Routing\\Router.php(753): Illuminate\\Routing\\Router->dispatchToRoute(Object(Illuminate\\Http\\Request))
#33 E:\\SEMESTER 5\\Pemrograman Framework\\BELAJAR\\Inventory_system\\vendor\\laravel\\framework\\src\\Illuminate\\Foundation\\Http\\Kernel.php(200): Illuminate\\Routing\\Router->dispatch(Object(Illuminate\\Http\\Request))
#34 E:\\SEMESTER 5\\Pemrograman Framework\\BELAJAR\\Inventory_system\\vendor\\laravel\\framework\\src\\Illuminate\\Pipeline\\Pipeline.php(180): Illuminate\\Foundation\\Http\\Kernel->Illuminate\\Foundation\\Http\\{closure}(Object(Illuminate\\Http\\Request))
#35 E:\\SEMESTER 5\\Pemrograman Framework\\BELAJAR\\Inventory_system\\vendor\\laravel\\framework\\src\\Illuminate\\Foundation\\Http\\Middleware\\TransformsRequest.php(21): Illuminate\\Pipeline\\Pipeline->Illuminate\\Pipeline\\{closure}(Object(Illuminate\\Http\\Request))
#36 E:\\SEMESTER 5\\Pemrograman Framework\\BELAJAR\\Inventory_system\\vendor\\laravel\\framework\\src\\Illuminate\\Foundation\\Http\\Middleware\\ConvertEmptyStringsToNull.php(31): Illuminate\\Foundation\\Http\\Middleware\\TransformsRequest->handle(Object(Illuminate\\Http\\Request), Object(Closure))
#37 E:\\SEMESTER 5\\Pemrograman Framework\\BELAJAR\\Inventory_system\\vendor\\laravel\\framework\\src\\Illuminate\\Pipeline\\Pipeline.php(219): Illuminate\\Foundation\\Http\\Middleware\\ConvertEmptyStringsToNull->handle(Object(Illuminate\\Http\\Request), Object(Closure))
#38 E:\\SEMESTER 5\\Pemrograman Framework\\BELAJAR\\Inventory_system\\vendor\\laravel\\framework\\src\\Illuminate\\Foundation\\Http\\Middleware\\TransformsRequest.php(21): Illuminate\\Pipeline\\Pipeline->Illuminate\\Pipeline\\{closure}(Object(Illuminate\\Http\\Request))
#39 E:\\SEMESTER 5\\Pemrograman Framework\\BELAJAR\\Inventory_system\\vendor\\laravel\\framework\\src\\Illuminate\\Foundation\\Http\\Middleware\\TrimStrings.php(51): Illuminate\\Foundation\\Http\\Middleware\\TransformsRequest->handle(Object(Illuminate\\Http\\Request), Object(Closure))
#40 E:\\SEMESTER 5\\Pemrograman Framework\\BELAJAR\\Inventory_system\\vendor\\laravel\\framework\\src\\Illuminate\\Pipeline\\Pipeline.php(219): Illuminate\\Foundation\\Http\\Middleware\\TrimStrings->handle(Object(Illuminate\\Http\\Request), Object(Closure))
#41 E:\\SEMESTER 5\\Pemrograman Framework\\BELAJAR\\Inventory_system\\vendor\\laravel\\framework\\src\\Illuminate\\Http\\Middleware\\ValidatePostSize.php(27): Illuminate\\Pipeline\\Pipeline->Illuminate\\Pipeline\\{closure}(Object(Illuminate\\Http\\Request))
#42 E:\\SEMESTER 5\\Pemrograman Framework\\BELAJAR\\Inventory_system\\vendor\\laravel\\framework\\src\\Illuminate\\Pipeline\\Pipeline.php(219): Illuminate\\Http\\Middleware\\ValidatePostSize->handle(Object(Illuminate\\Http\\Request), Object(Closure))
#43 E:\\SEMESTER 5\\Pemrograman Framework\\BELAJAR\\Inventory_system\\vendor\\laravel\\framework\\src\\Illuminate\\Foundation\\Http\\Middleware\\PreventRequestsDuringMaintenance.php(109): Illuminate\\Pipeline\\Pipeline->Illuminate\\Pipeline\\{closure}(Object(Illuminate\\Http\\Request))
#44 E:\\SEMESTER 5\\Pemrograman Framework\\BELAJAR\\Inventory_system\\vendor\\laravel\\framework\\src\\Illuminate\\Pipeline\\Pipeline.php(219): Illuminate\\Foundation\\Http\\Middleware\\PreventRequestsDuringMaintenance->handle(Object(Illuminate\\Http\\Request), Object(Closure))
#45 E:\\SEMESTER 5\\Pemrograman Framework\\BELAJAR\\Inventory_system\\vendor\\laravel\\framework\\src\\Illuminate\\Http\\Middleware\\HandleCors.php(48): Illuminate\\Pipeline\\Pipeline->Illuminate\\Pipeline\\{closure}(Object(Illuminate\\Http\\Request))
#46 E:\\SEMESTER 5\\Pemrograman Framework\\BELAJAR\\Inventory_system\\vendor\\laravel\\framework\\src\\Illuminate\\Pipeline\\Pipeline.php(219): Illuminate\\Http\\Middleware\\HandleCors->handle(Object(Illuminate\\Http\\Request), Object(Closure))
#47 E:\\SEMESTER 5\\Pemrograman Framework\\BELAJAR\\Inventory_system\\vendor\\laravel\\framework\\src\\Illuminate\\Http\\Middleware\\TrustProxies.php(58): Illuminate\\Pipeline\\Pipeline->Illuminate\\Pipeline\\{closure}(Object(Illuminate\\Http\\Request))
#48 E:\\SEMESTER 5\\Pemrograman Framework\\BELAJAR\\Inventory_system\\vendor\\laravel\\framework\\src\\Illuminate\\Pipeline\\Pipeline.php(219): Illuminate\\Http\\Middleware\\TrustProxies->handle(Object(Illuminate\\Http\\Request), Object(Closure))
#49 E:\\SEMESTER 5\\Pemrograman Framework\\BELAJAR\\Inventory_system\\vendor\\laravel\\framework\\src\\Illuminate\\Foundation\\Http\\Middleware\\InvokeDeferredCallbacks.php(22): Illuminate\\Pipeline\\Pipeline->Illuminate\\Pipeline\\{closure}(Object(Illuminate\\Http\\Request))
#50 E:\\SEMESTER 5\\Pemrograman Framework\\BELAJAR\\Inventory_system\\vendor\\laravel\\framework\\src\\Illuminate\\Pipeline\\Pipeline.php(219): Illuminate\\Foundation\\Http\\Middleware\\InvokeDeferredCallbacks->handle(Object(Illuminate\\Http\\Request), Object(Closure))
#51 E:\\SEMESTER 5\\Pemrograman Framework\\BELAJAR\\Inventory_system\\vendor\\laravel\\framework\\src\\Illuminate\\Http\\Middleware\\ValidatePathEncoding.php(26): Illuminate\\Pipeline\\Pipeline->Illuminate\\Pipeline\\{closure}(Object(Illuminate\\Http\\Request))
#52 E:\\SEMESTER 5\\Pemrograman Framework\\BELAJAR\\Inventory_system\\vendor\\laravel\\framework\\src\\Illuminate\\Pipeline\\Pipeline.php(219): Illuminate\\Http\\Middleware\\ValidatePathEncoding->handle(Object(Illuminate\\Http\\Request), Object(Closure))
#53 E:\\SEMESTER 5\\Pemrograman Framework\\BELAJAR\\Inventory_system\\vendor\\laravel\\framework\\src\\Illuminate\\Pipeline\\Pipeline.php(137): Illuminate\\Pipeline\\Pipeline->Illuminate\\Pipeline\\{closure}(Object(Illuminate\\Http\\Request))
#54 E:\\SEMESTER 5\\Pemrograman Framework\\BELAJAR\\Inventory_system\\vendor\\laravel\\framework\\src\\Illuminate\\Foundation\\Http\\Kernel.php(175): Illuminate\\Pipeline\\Pipeline->then(Object(Closure))
#55 E:\\SEMESTER 5\\Pemrograman Framework\\BELAJAR\\Inventory_system\\vendor\\laravel\\framework\\src\\Illuminate\\Foundation\\Http\\Kernel.php(144): Illuminate\\Foundation\\Http\\Kernel->sendRequestThroughRouter(Object(Illuminate\\Http\\Request))
#56 E:\\SEMESTER 5\\Pemrograman Framework\\BELAJAR\\Inventory_system\\vendor\\laravel\\framework\\src\\Illuminate\\Foundation\\Application.php(1220): Illuminate\\Foundation\\Http\\Kernel->handle(Object(Illuminate\\Http\\Request))
#57 E:\\SEMESTER 5\\Pemrograman Framework\\BELAJAR\\Inventory_system\\public\\index.php(20): Illuminate\\Foundation\\Application->handleRequest(Object(Illuminate\\Http\\Request))
#58 E:\\SEMESTER 5\\Pemrograman Framework\\BELAJAR\\Inventory_system\\vendor\\laravel\\framework\\src\\Illuminate\\Foundation\\resources\\server.php(23): require_once('E:\\\\SEMESTER 5\\\\P...')
#59 {main}

[previous exception] [object] (ParseError(code: 0): syntax error, unexpected token \"endif\", expecting end of file at E:\\SEMESTER 5\\Pemrograman Framework\\BELAJAR\\Inventory_system\\storage\\framework\\views\\0226a6adee4fb1b45d7edd65ffb74958.php:4)
[stacktrace]
#0 E:\\SEMESTER 5\\Pemrograman Framework\\BELAJAR\\Inventory_system\\vendor\\laravel\\framework\\src\\Illuminate\\Filesystem\\Filesystem.php(124): Illuminate\\Filesystem\\Filesystem::Illuminate\\Filesystem\\{closure}()
#1 E:\\SEMESTER 5\\Pemrograman Framework\\BELAJAR\\Inventory_system\\vendor\\laravel\\framework\\src\\Illuminate\\View\\Engines\\PhpEngine.php(57): Illuminate\\Filesystem\\Filesystem->getRequire('E:\\\\SEMESTER 5\\\\P...', Array)
#2 E:\\SEMESTER 5\\Pemrograman Framework\\BELAJAR\\Inventory_system\\vendor\\laravel\\framework\\src\\Illuminate\\View\\Engines\\CompilerEngine.php(76): Illuminate\\View\\Engines\\PhpEngine->evaluatePath('E:\\\\SEMESTER 5\\\\P...', Array)
#3 E:\\SEMESTER 5\\Pemrograman Framework\\BELAJAR\\Inventory_system\\vendor\\laravel\\framework\\src\\Illuminate\\View\\View.php(208): Illuminate\\View\\Engines\\CompilerEngine->get('E:\\\\SEMESTER 5\\\\P...', Array)
#4 E:\\SEMESTER 5\\Pemrograman Framework\\BELAJAR\\Inventory_system\\vendor\\laravel\\framework\\src\\Illuminate\\View\\View.php(191): Illuminate\\View\\View->getContents()
#5 E:\\SEMESTER 5\\Pemrograman Framework\\BELAJAR\\Inventory_system\\vendor\\laravel\\framework\\src\\Illuminate\\View\\View.php(160): Illuminate\\View\\View->renderContents()
#6 E:\\SEMESTER 5\\Pemrograman Framework\\BELAJAR\\Inventory_system\\vendor\\laravel\\framework\\src\\Illuminate\\Http\\Response.php(78): Illuminate\\View\\View->render()
#7 E:\\SEMESTER 5\\Pemrograman Framework\\BELAJAR\\Inventory_system\\vendor\\laravel\\framework\\src\\Illuminate\\Http\\Response.php(34): Illuminate\\Http\\Response->setContent(Object(Illuminate\\View\\View))
#8 E:\\SEMESTER 5\\Pemrograman Framework\\BELAJAR\\Inventory_system\\vendor\\laravel\\framework\\src\\Illuminate\\Routing\\Router.php(939): Illuminate\\Http\\Response->__construct(Object(Illuminate\\View\\View), 200, Array)
#9 E:\\SEMESTER 5\\Pemrograman Framework\\BELAJAR\\Inventory_system\\vendor\\laravel\\framework\\src\\Illuminate\\Routing\\Router.php(906): Illuminate\\Routing\\Router::toResponse(Object(Illuminate\\Http\\Request), Object(Illuminate\\View\\View))
#10 E:\\SEMESTER 5\\Pemrograman Framework\\BELAJAR\\Inventory_system\\vendor\\laravel\\framework\\src\\Illuminate\\Routing\\Router.php(821): Illuminate\\Routing\\Router->prepareResponse(Object(Illuminate\\Http\\Request), Object(Illuminate\\View\\View))
#11 E:\\SEMESTER 5\\Pemrograman Framework\\BELAJAR\\Inventory_system\\vendor\\laravel\\framework\\src\\Illuminate\\Pipeline\\Pipeline.php(180): Illuminate\\Routing\\Router->Illuminate\\Routing\\{closure}(Object(Illuminate\\Http\\Request))
#12 E:\\SEMESTER 5\\Pemrograman Framework\\BELAJAR\\Inventory_system\\app\\Http\\Middleware\\RoleMiddleware.php(24): Illuminate\\Pipeline\\Pipeline->Illuminate\\Pipeline\\{closure}(Object(Illuminate\\Http\\Request))
#13 E:\\SEMESTER 5\\Pemrograman Framework\\BELAJAR\\Inventory_system\\vendor\\laravel\\framework\\src\\Illuminate\\Pipeline\\Pipeline.php(219): App\\Http\\Middleware\\RoleMiddleware->handle(Object(Illuminate\\Http\\Request), Object(Closure), 'gudang|kasir')
#14 E:\\SEMESTER 5\\Pemrograman Framework\\BELAJAR\\Inventory_system\\vendor\\laravel\\framework\\src\\Illuminate\\Routing\\Middleware\\SubstituteBindings.php(50): Illuminate\\Pipeline\\Pipeline->Illuminate\\Pipeline\\{closure}(Object(Illuminate\\Http\\Request))
#15 E:\\SEMESTER 5\\Pemrograman Framework\\BELAJAR\\Inventory_system\\vendor\\laravel\\framework\\src\\Illuminate\\Pipeline\\Pipeline.php(219): Illuminate\\Routing\\Middleware\\SubstituteBindings->handle(Object(Illuminate\\Http\\Request), Object(Closure))
#16 E:\\SEMESTER 5\\Pemrograman Framework\\BELAJAR\\Inventory_system\\vendor\\laravel\\framework\\src\\Illuminate\\Auth\\Middleware\\Authenticate.php(63): Illuminate\\Pipeline\\Pipeline->Illuminate\\Pipeline\\{closure}(Object(Illuminate\\Http\\Request))
#17 E:\\SEMESTER 5\\Pemrograman Framework\\BELAJAR\\Inventory_system\\vendor\\laravel\\framework\\src\\Illuminate\\Pipeline\\Pipeline.php(219): Illuminate\\Auth\\Middleware\\Authenticate->handle(Object(Illuminate\\Http\\Request), Object(Closure))
#18 E:\\SEMESTER 5\\Pemrograman Framework\\BELAJAR\\Inventory_system\\vendor\\laravel\\framework\\src\\Illuminate\\Foundation\\Http\\Middleware\\VerifyCsrfToken.php(87): Illuminate\\Pipeline\\Pipeline->Illuminate\\Pipeline\\{closure}(Object(Illuminate\\Http\\Request))
#19 E:\\SEMESTER 5\\Pemrograman Framework\\BELAJAR\\Inventory_system\\vendor\\laravel\\framework\\src\\Illuminate\\Pipeline\\Pipeline.php(219): Illuminate\\Foundation\\Http\\Middleware\\VerifyCsrfToken->handle(Object(Illuminate\\Http\\Request), Object(Closure))
#20 E:\\SEMESTER 5\\Pemrograman Framework\\BELAJAR\\Inventory_system\\vendor\\laravel\\framework\\src\\Illuminate\\View\\Middleware\\ShareErrorsFromSession.php(48): Illuminate\\Pipeline\\Pipeline->Illuminate\\Pipeline\\{closure}(Object(Illuminate\\Http\\Request))
#21 E:\\SEMESTER 5\\Pemrograman Framework\\BELAJAR\\Inventory_system\\vendor\\laravel\\framework\\src\\Illuminate\\Pipeline\\Pipeline.php(219): Illuminate\\View\\Middleware\\ShareErrorsFromSession->handle(Object(Illuminate\\Http\\Request), Object(Closure))
#22 E:\\SEMESTER 5\\Pemrograman Framework\\BELAJAR\\Inventory_system\\vendor\\laravel\\framework\\src\\Illuminate\\Session\\Middleware\\StartSession.php(120): Illuminate\\Pipeline\\Pipeline->Illuminate\\Pipeline\\{closure}(Object(Illuminate\\Http\\Request))
#23 E:\\SEMESTER 5\\Pemrograman Framework\\BELAJAR\\Inventory_system\\vendor\\laravel\\framework\\src\\Illuminate\\Session\\Middleware\\StartSession.php(63): Illuminate\\Session\\Middleware\\StartSession->handleStatefulRequest(Object(Illuminate\\Http\\Request), Object(Illuminate\\Session\\Store), Object(Closure))
#24 E:\\SEMESTER 5\\Pemrograman Framework\\BELAJAR\\Inventory_system\\vendor\\laravel\\framework\\src\\Illuminate\\Pipeline\\Pipeline.php(219): Illuminate\\Session\\Middleware\\StartSession->handle(Object(Illuminate\\Http\\Request), Object(Closure))
#25 E:\\SEMESTER 5\\Pemrograman Framework\\BELAJAR\\Inventory_system\\vendor\\laravel\\framework\\src\\Illuminate\\Cookie\\Middleware\\AddQueuedCookiesToResponse.php(36): Illuminate\\Pipeline\\Pipeline->Illuminate\\Pipeline\\{closure}(Object(Illuminate\\Http\\Request))
#26 E:\\SEMESTER 5\\Pemrograman Framework\\BELAJAR\\Inventory_system\\vendor\\laravel\\framework\\src\\Illuminate\\Pipeline\\Pipeline.php(219): Illuminate\\Cookie\\Middleware\\AddQueuedCookiesToResponse->handle(Object(Illuminate\\Http\\Request), Object(Closure))
#27 E:\\SEMESTER 5\\Pemrograman Framework\\BELAJAR\\Inventory_system\\vendor\\laravel\\framework\\src\\Illuminate\\Cookie\\Middleware\\EncryptCookies.php(74): Illuminate\\Pipeline\\Pipeline->Illuminate\\Pipeline\\{closure}(Object(Illuminate\\Http\\Request))
#28 E:\\SEMESTER 5\\Pemrograman Framework\\BELAJAR\\Inventory_system\\vendor\\laravel\\framework\\src\\Illuminate\\Pipeline\\Pipeline.php(219): Illuminate\\Cookie\\Middleware\\EncryptCookies->handle(Object(Illuminate\\Http\\Request), Object(Closure))
#29 E:\\SEMESTER 5\\Pemrograman Framework\\BELAJAR\\Inventory_system\\vendor\\laravel\\framework\\src\\Illuminate\\Pipeline\\Pipeline.php(137): Illuminate\\Pipeline\\Pipeline->Illuminate\\Pipeline\\{closure}(Object(Illuminate\\Http\\Request))
#30 E:\\SEMESTER 5\\Pemrograman Framework\\BELAJAR\\Inventory_system\\vendor\\laravel\\framework\\src\\Illuminate\\Routing\\Router.php(821): Illuminate\\Pipeline\\Pipeline->then(Object(Closure))
#31 E:\\SEMESTER 5\\Pemrograman Framework\\BELAJAR\\Inventory_system\\vendor\\laravel\\framework\\src\\Illuminate\\Routing\\Router.php(800): Illuminate\\Routing\\Router->runRouteWithinStack(Object(Illuminate\\Routing\\Route), Object(Illuminate\\Http\\Request))
#32 E:\\SEMESTER 5\\Pemrograman Framework\\BELAJAR\\Inventory_system\\vendor\\laravel\\framework\\src\\Illuminate\\Routing\\Router.php(764): Illuminate\\Routing\\Router->runRoute(Object(Illuminate\\Http\\Request), Object(Illuminate\\Routing\\Route))
#33 E:\\SEMESTER 5\\Pemrograman Framework\\BELAJAR\\Inventory_system\\vendor\\laravel\\framework\\src\\Illuminate\\Routing\\Router.php(753): Illuminate\\Routing\\Router->dispatchToRoute(Object(Illuminate\\Http\\Request))
#34 E:\\SEMESTER 5\\Pemrograman Framework\\BELAJAR\\Inventory_system\\vendor\\laravel\\framework\\src\\Illuminate\\Foundation\\Http\\Kernel.php(200): Illuminate\\Routing\\Router->dispatch(Object(Illuminate\\Http\\Request))
#35 E:\\SEMESTER 5\\Pemrograman Framework\\BELAJAR\\Inventory_system\\vendor\\laravel\\framework\\src\\Illuminate\\Pipeline\\Pipeline.php(180): Illuminate\\Foundation\\Http\\Kernel->Illuminate\\Foundation\\Http\\{closure}(Object(Illuminate\\Http\\Request))
#36 E:\\SEMESTER 5\\Pemrograman Framework\\BELAJAR\\Inventory_system\\vendor\\laravel\\framework\\src\\Illuminate\\Foundation\\Http\\Middleware\\TransformsRequest.php(21): Illuminate\\Pipeline\\Pipeline->Illuminate\\Pipeline\\{closure}(Object(Illuminate\\Http\\Request))
#37 E:\\SEMESTER 5\\Pemrograman Framework\\BELAJAR\\Inventory_system\\vendor\\laravel\\framework\\src\\Illuminate\\Foundation\\Http\\Middleware\\ConvertEmptyStringsToNull.php(31): Illuminate\\Foundation\\Http\\Middleware\\TransformsRequest->handle(Object(Illuminate\\Http\\Request), Object(Closure))
#38 E:\\SEMESTER 5\\Pemrograman Framework\\BELAJAR\\Inventory_system\\vendor\\laravel\\framework\\src\\Illuminate\\Pipeline\\Pipeline.php(219): Illuminate\\Foundation\\Http\\Middleware\\ConvertEmptyStringsToNull->handle(Object(Illuminate\\Http\\Request), Object(Closure))
#39 E:\\SEMESTER 5\\Pemrograman Framework\\BELAJAR\\Inventory_system\\vendor\\laravel\\framework\\src\\Illuminate\\Foundation\\Http\\Middleware\\TransformsRequest.php(21): Illuminate\\Pipeline\\Pipeline->Illuminate\\Pipeline\\{closure}(Object(Illuminate\\Http\\Request))
#40 E:\\SEMESTER 5\\Pemrograman Framework\\BELAJAR\\Inventory_system\\vendor\\laravel\\framework\\src\\Illuminate\\Foundation\\Http\\Middleware\\TrimStrings.php(51): Illuminate\\Foundation\\Http\\Middleware\\TransformsRequest->handle(Object(Illuminate\\Http\\Request), Object(Closure))
#41 E:\\SEMESTER 5\\Pemrograman Framework\\BELAJAR\\Inventory_system\\vendor\\laravel\\framework\\src\\Illuminate\\Pipeline\\Pipeline.php(219): Illuminate\\Foundation\\Http\\Middleware\\TrimStrings->handle(Object(Illuminate\\Http\\Request), Object(Closure))
#42 E:\\SEMESTER 5\\Pemrograman Framework\\BELAJAR\\Inventory_system\\vendor\\laravel\\framework\\src\\Illuminate\\Http\\Middleware\\ValidatePostSize.php(27): Illuminate\\Pipeline\\Pipeline->Illuminate\\Pipeline\\{closure}(Object(Illuminate\\Http\\Request))
#43 E:\\SEMESTER 5\\Pemrograman Framework\\BELAJAR\\Inventory_system\\vendor\\laravel\\framework\\src\\Illuminate\\Pipeline\\Pipeline.php(219): Illuminate\\Http\\Middleware\\ValidatePostSize->handle(Object(Illuminate\\Http\\Request), Object(Closure))
#44 E:\\SEMESTER 5\\Pemrograman Framework\\BELAJAR\\Inventory_system\\vendor\\laravel\\framework\\src\\Illuminate\\Foundation\\Http\\Middleware\\PreventRequestsDuringMaintenance.php(109): Illuminate\\Pipeline\\Pipeline->Illuminate\\Pipeline\\{closure}(Object(Illuminate\\Http\\Request))
#45 E:\\SEMESTER 5\\Pemrograman Framework\\BELAJAR\\Inventory_system\\vendor\\laravel\\framework\\src\\Illuminate\\Pipeline\\Pipeline.php(219): Illuminate\\Foundation\\Http\\Middleware\\PreventRequestsDuringMaintenance->handle(Object(Illuminate\\Http\\Request), Object(Closure))
#46 E:\\SEMESTER 5\\Pemrograman Framework\\BELAJAR\\Inventory_system\\vendor\\laravel\\framework\\src\\Illuminate\\Http\\Middleware\\HandleCors.php(48): Illuminate\\Pipeline\\Pipeline->Illuminate\\Pipeline\\{closure}(Object(Illuminate\\Http\\Request))
#47 E:\\SEMESTER 5\\Pemrograman Framework\\BELAJAR\\Inventory_system\\vendor\\laravel\\framework\\src\\Illuminate\\Pipeline\\Pipeline.php(219): Illuminate\\Http\\Middleware\\HandleCors->handle(Object(Illuminate\\Http\\Request), Object(Closure))
#48 E:\\SEMESTER 5\\Pemrograman Framework\\BELAJAR\\Inventory_system\\vendor\\laravel\\framework\\src\\Illuminate\\Http\\Middleware\\TrustProxies.php(58): Illuminate\\Pipeline\\Pipeline->Illuminate\\Pipeline\\{closure}(Object(Illuminate\\Http\\Request))
#49 E:\\SEMESTER 5\\Pemrograman Framework\\BELAJAR\\Inventory_system\\vendor\\laravel\\framework\\src\\Illuminate\\Pipeline\\Pipeline.php(219): Illuminate\\Http\\Middleware\\TrustProxies->handle(Object(Illuminate\\Http\\Request), Object(Closure))
#50 E:\\SEMESTER 5\\Pemrograman Framework\\BELAJAR\\Inventory_system\\vendor\\laravel\\framework\\src\\Illuminate\\Foundation\\Http\\Middleware\\InvokeDeferredCallbacks.php(22): Illuminate\\Pipeline\\Pipeline->Illuminate\\Pipeline\\{closure}(Object(Illuminate\\Http\\Request))
#51 E:\\SEMESTER 5\\Pemrograman Framework\\BELAJAR\\Inventory_system\\vendor\\laravel\\framework\\src\\Illuminate\\Pipeline\\Pipeline.php(219): Illuminate\\Foundation\\Http\\Middleware\\InvokeDeferredCallbacks->handle(Object(Illuminate\\Http\\Request), Object(Closure))
#52 E:\\SEMESTER 5\\Pemrograman Framework\\BELAJAR\\Inventory_system\\vendor\\laravel\\framework\\src\\Illuminate\\Http\\Middleware\\ValidatePathEncoding.php(26): Illuminate\\Pipeline\\Pipeline->Illuminate\\Pipeline\\{closure}(Object(Illuminate\\Http\\Request))
#53 E:\\SEMESTER 5\\Pemrograman Framework\\BELAJAR\\Inventory_system\\vendor\\laravel\\framework\\src\\Illuminate\\Pipeline\\Pipeline.php(219): Illuminate\\Http\\Middleware\\ValidatePathEncoding->handle(Object(Illuminate\\Http\\Request), Object(Closure))
#54 E:\\SEMESTER 5\\Pemrograman Framework\\BELAJAR\\Inventory_system\\vendor\\laravel\\framework\\src\\Illuminate\\Pipeline\\Pipeline.php(137): Illuminate\\Pipeline\\Pipeline->Illuminate\\Pipeline\\{closure}(Object(Illuminate\\Http\\Request))
#55 E:\\SEMESTER 5\\Pemrograman Framework\\BELAJAR\\Inventory_system\\vendor\\laravel\\framework\\src\\Illuminate\\Foundation\\Http\\Kernel.php(175): Illuminate\\Pipeline\\Pipeline->then(Object(Closure))
#56 E:\\SEMESTER 5\\Pemrograman Framework\\BELAJAR\\Inventory_system\\vendor\\laravel\\framework\\src\\Illuminate\\Foundation\\Http\\Kernel.php(144): Illuminate\\Foundation\\Http\\Kernel->sendRequestThroughRouter(Object(Illuminate\\Http\\Request))
#57 E:\\SEMESTER 5\\Pemrograman Framework\\BELAJAR\\Inventory_system\\vendor\\laravel\\framework\\src\\Illuminate\\Foundation\\Application.php(1220): Illuminate\\Foundation\\Http\\Kernel->handle(Object(Illuminate\\Http\\Request))
#58 E:\\SEMESTER 5\\Pemrograman Framework\\BELAJAR\\Inventory_system\\public\\index.php(20): Illuminate\\Foundation\\Application->handleRequest(Object(Illuminate\\Http\\Request))
#59 E:\\SEMESTER 5\\Pemrograman Framework\\BELAJAR\\Inventory_system\\vendor\\laravel\\framework\\src\\Illuminate\\Foundation\\resources\\server.php(23): require_once('E:\\\\SEMESTER 5\\\\P...')
#60 {main}
"} 
[2025-11-25 17:22:18] local.ERROR: Route [transactions.hisory] not defined. (View: E:\SEMESTER 5\Pemrograman Framework\BELAJAR\Inventory_system\resources\views\layouts\navigation.blade.php) (View: E:\SEMESTER 5\Pemrograman Framework\BELAJAR\Inventory_system\resources\views\layouts\navigation.blade.php) (View: E:\SEMESTER 5\Pemrograman Framework\BELAJAR\Inventory_system\resources\views\layouts\navigation.blade.php) {"userId":3,"exception":"[object] (Illuminate\\View\\ViewException(code: 0): Route [transactions.hisory] not defined. (View: E:\\SEMESTER 5\\Pemrograman Framework\\BELAJAR\\Inventory_system\\resources\\views\\layouts\\navigation.blade.php) (View: E:\\SEMESTER 5\\Pemrograman Framework\\BELAJAR\\Inventory_system\\resources\\views\\layouts\\navigation.blade.php) (View: E:\\SEMESTER 5\\Pemrograman Framework\\BELAJAR\\Inventory_system\\resources\\views\\layouts\\navigation.blade.php) at E:\\SEMESTER 5\\Pemrograman Framework\\BELAJAR\\Inventory_system\\vendor\\laravel\\framework\\src\\Illuminate\\Routing\\UrlGenerator.php:526)
[stacktrace]
#0 E:\\SEMESTER 5\\Pemrograman Framework\\BELAJAR\\Inventory_system\\vendor\\laravel\\framework\\src\\Illuminate\\View\\Engines\\PhpEngine.php(59): Illuminate\\View\\Engines\\CompilerEngine->handleViewException(Object(Illuminate\\View\\ViewException), 1)
#1 E:\\SEMESTER 5\\Pemrograman Framework\\BELAJAR\\Inventory_system\\vendor\\laravel\\framework\\src\\Illuminate\\View\\Engines\\CompilerEngine.php(76): Illuminate\\View\\Engines\\PhpEngine->evaluatePath('E:\\\\SEMESTER 5\\\\P...', Array)
#2 E:\\SEMESTER 5\\Pemrograman Framework\\BELAJAR\\Inventory_system\\vendor\\laravel\\framework\\src\\Illuminate\\View\\View.php(208): Illuminate\\View\\Engines\\CompilerEngine->get('E:\\\\SEMESTER 5\\\\P...', Array)
#3 E:\\SEMESTER 5\\Pemrograman Framework\\BELAJAR\\Inventory_system\\vendor\\laravel\\framework\\src\\Illuminate\\View\\View.php(191): Illuminate\\View\\View->getContents()
#4 E:\\SEMESTER 5\\Pemrograman Framework\\BELAJAR\\Inventory_system\\vendor\\laravel\\framework\\src\\Illuminate\\View\\View.php(160): Illuminate\\View\\View->renderContents()
#5 E:\\SEMESTER 5\\Pemrograman Framework\\BELAJAR\\Inventory_system\\vendor\\laravel\\framework\\src\\Illuminate\\Http\\Response.php(78): Illuminate\\View\\View->render()
#6 E:\\SEMESTER 5\\Pemrograman Framework\\BELAJAR\\Inventory_system\\vendor\\laravel\\framework\\src\\Illuminate\\Http\\Response.php(34): Illuminate\\Http\\Response->setContent(Object(Illuminate\\View\\View))
#7 E:\\SEMESTER 5\\Pemrograman Framework\\BELAJAR\\Inventory_system\\vendor\\laravel\\framework\\src\\Illuminate\\Routing\\Router.php(939): Illuminate\\Http\\Response->__construct(Object(Illuminate\\View\\View), 200, Array)
#8 E:\\SEMESTER 5\\Pemrograman Framework\\BELAJAR\\Inventory_system\\vendor\\laravel\\framework\\src\\Illuminate\\Routing\\Router.php(906): Illuminate\\Routing\\Router::toResponse(Object(Illuminate\\Http\\Request), Object(Illuminate\\View\\View))
#9 E:\\SEMESTER 5\\Pemrograman Framework\\BELAJAR\\Inventory_system\\vendor\\laravel\\framework\\src\\Illuminate\\Routing\\Router.php(821): Illuminate\\Routing\\Router->prepareResponse(Object(Illuminate\\Http\\Request), Object(Illuminate\\View\\View))
#10 E:\\SEMESTER 5\\Pemrograman Framework\\BELAJAR\\Inventory_system\\vendor\\laravel\\framework\\src\\Illuminate\\Pipeline\\Pipeline.php(180): Illuminate\\Routing\\Router->Illuminate\\Routing\\{closure}(Object(Illuminate\\Http\\Request))
#11 E:\\SEMESTER 5\\Pemrograman Framework\\BELAJAR\\Inventory_system\\app\\Http\\Middleware\\RoleMiddleware.php(24): Illuminate\\Pipeline\\Pipeline->Illuminate\\Pipeline\\{closure}(Object(Illuminate\\Http\\Request))
#12 E:\\SEMESTER 5\\Pemrograman Framework\\BELAJAR\\Inventory_system\\vendor\\laravel\\framework\\src\\Illuminate\\Pipeline\\Pipeline.php(219): App\\Http\\Middleware\\RoleMiddleware->handle(Object(Illuminate\\Http\\Request), Object(Closure), 'gudang|kasir')
#13 E:\\SEMESTER 5\\Pemrograman Framework\\BELAJAR\\Inventory_system\\vendor\\laravel\\framework\\src\\Illuminate\\Routing\\Middleware\\SubstituteBindings.php(50): Illuminate\\Pipeline\\Pipeline->Illuminate\\Pipeline\\{closure}(Object(Illuminate\\Http\\Request))
#14 E:\\SEMESTER 5\\Pemrograman Framework\\BELAJAR\\Inventory_system\\vendor\\laravel\\framework\\src\\Illuminate\\Pipeline\\Pipeline.php(219): Illuminate\\Routing\\Middleware\\SubstituteBindings->handle(Object(Illuminate\\Http\\Request), Object(Closure))
#15 E:\\SEMESTER 5\\Pemrograman Framework\\BELAJAR\\Inventory_system\\vendor\\laravel\\framework\\src\\Illuminate\\Auth\\Middleware\\Authenticate.php(63): Illuminate\\Pipeline\\Pipeline->Illuminate\\Pipeline\\{closure}(Object(Illuminate\\Http\\Request))
#16 E:\\SEMESTER 5\\Pemrograman Framework\\BELAJAR\\Inventory_system\\vendor\\laravel\\framework\\src\\Illuminate\\Pipeline\\Pipeline.php(219): Illuminate\\Auth\\Middleware\\Authenticate->handle(Object(Illuminate\\Http\\Request), Object(Closure))
#17 E:\\SEMESTER 5\\Pemrograman Framework\\BELAJAR\\Inventory_system\\vendor\\laravel\\framework\\src\\Illuminate\\Foundation\\Http\\Middleware\\VerifyCsrfToken.php(87): Illuminate\\Pipeline\\Pipeline->Illuminate\\Pipeline\\{closure}(Object(Illuminate\\Http\\Request))
#18 E:\\SEMESTER 5\\Pemrograman Framework\\BELAJAR\\Inventory_system\\vendor\\laravel\\framework\\src\\Illuminate\\Pipeline\\Pipeline.php(219): Illuminate\\Foundation\\Http\\Middleware\\VerifyCsrfToken->handle(Object(Illuminate\\Http\\Request), Object(Closure))
#19 E:\\SEMESTER 5\\Pemrograman Framework\\BELAJAR\\Inventory_system\\vendor\\laravel\\framework\\src\\Illuminate\\View\\Middleware\\ShareErrorsFromSession.php(48): Illuminate\\Pipeline\\Pipeline->Illuminate\\Pipeline\\{closure}(Object(Illuminate\\Http\\Request))
#20 E:\\SEMESTER 5\\Pemrograman Framework\\BELAJAR\\Inventory_system\\vendor\\laravel\\framework\\src\\Illuminate\\Pipeline\\Pipeline.php(219): Illuminate\\View\\Middleware\\ShareErrorsFromSession->handle(Object(Illuminate\\Http\\Request), Object(Closure))
#21 E:\\SEMESTER 5\\Pemrograman Framework\\BELAJAR\\Inventory_system\\vendor\\laravel\\framework\\src\\Illuminate\\Session\\Middleware\\StartSession.php(120): Illuminate\\Pipeline\\Pipeline->Illuminate\\Pipeline\\{closure}(Object(Illuminate\\Http\\Request))
#22 E:\\SEMESTER 5\\Pemrograman Framework\\BELAJAR\\Inventory_system\\vendor\\laravel\\framework\\src\\Illuminate\\Session\\Middleware\\StartSession.php(63): Illuminate\\Session\\Middleware\\StartSession->handleStatefulRequest(Object(Illuminate\\Http\\Request), Object(Illuminate\\Session\\Store), Object(Closure))
#23 E:\\SEMESTER 5\\Pemrograman Framework\\BELAJAR\\Inventory_system\\vendor\\laravel\\framework\\src\\Illuminate\\Pipeline\\Pipeline.php(219): Illuminate\\Session\\Middleware\\StartSession->handle(Object(Illuminate\\Http\\Request), Object(Closure))
#24 E:\\SEMESTER 5\\Pemrograman Framework\\BELAJAR\\Inventory_system\\vendor\\laravel\\framework\\src\\Illuminate\\Cookie\\Middleware\\AddQueuedCookiesToResponse.php(36): Illuminate\\Pipeline\\Pipeline->Illuminate\\Pipeline\\{closure}(Object(Illuminate\\Http\\Request))
#25 E:\\SEMESTER 5\\Pemrograman Framework\\BELAJAR\\Inventory_system\\vendor\\laravel\\framework\\src\\Illuminate\\Pipeline\\Pipeline.php(219): Illuminate\\Cookie\\Middleware\\AddQueuedCookiesToResponse->handle(Object(Illuminate\\Http\\Request), Object(Closure))
#26 E:\\SEMESTER 5\\Pemrograman Framework\\BELAJAR\\Inventory_system\\vendor\\laravel\\framework\\src\\Illuminate\\Cookie\\Middleware\\EncryptCookies.php(74): Illuminate\\Pipeline\\Pipeline->Illuminate\\Pipeline\\{closure}(Object(Illuminate\\Http\\Request))
#27 E:\\SEMESTER 5\\Pemrograman Framework\\BELAJAR\\Inventory_system\\vendor\\laravel\\framework\\src\\Illuminate\\Pipeline\\Pipeline.php(219): Illuminate\\Cookie\\Middleware\\EncryptCookies->handle(Object(Illuminate\\Http\\Request), Object(Closure))
#28 E:\\SEMESTER 5\\Pemrograman Framework\\BELAJAR\\Inventory_system\\vendor\\laravel\\framework\\src\\Illuminate\\Pipeline\\Pipeline.php(137): Illuminate\\Pipeline\\Pipeline->Illuminate\\Pipeline\\{closure}(Object(Illuminate\\Http\\Request))
#29 E:\\SEMESTER 5\\Pemrograman Framework\\BELAJAR\\Inventory_system\\vendor\\laravel\\framework\\src\\Illuminate\\Routing\\Router.php(821): Illuminate\\Pipeline\\Pipeline->then(Object(Closure))
#30 E:\\SEMESTER 5\\Pemrograman Framework\\BELAJAR\\Inventory_system\\vendor\\laravel\\framework\\src\\Illuminate\\Routing\\Router.php(800): Illuminate\\Routing\\Router->runRouteWithinStack(Object(Illuminate\\Routing\\Route), Object(Illuminate\\Http\\Request))
#31 E:\\SEMESTER 5\\Pemrograman Framework\\BELAJAR\\Inventory_system\\vendor\\laravel\\framework\\src\\Illuminate\\Routing\\Router.php(764): Illuminate\\Routing\\Router->runRoute(Object(Illuminate\\Http\\Request), Object(Illuminate\\Routing\\Route))
#32 E:\\SEMESTER 5\\Pemrograman Framework\\BELAJAR\\Inventory_system\\vendor\\laravel\\framework\\src\\Illuminate\\Routing\\Router.php(753): Illuminate\\Routing\\Router->dispatchToRoute(Object(Illuminate\\Http\\Request))
#33 E:\\SEMESTER 5\\Pemrograman Framework\\BELAJAR\\Inventory_system\\vendor\\laravel\\framework\\src\\Illuminate\\Foundation\\Http\\Kernel.php(200): Illuminate\\Routing\\Router->dispatch(Object(Illuminate\\Http\\Request))
#34 E:\\SEMESTER 5\\Pemrograman Framework\\BELAJAR\\Inventory_system\\vendor\\laravel\\framework\\src\\Illuminate\\Pipeline\\Pipeline.php(180): Illuminate\\Foundation\\Http\\Kernel->Illuminate\\Foundation\\Http\\{closure}(Object(Illuminate\\Http\\Request))
#35 E:\\SEMESTER 5\\Pemrograman Framework\\BELAJAR\\Inventory_system\\vendor\\laravel\\framework\\src\\Illuminate\\Foundation\\Http\\Middleware\\TransformsRequest.php(21): Illuminate\\Pipeline\\Pipeline->Illuminate\\Pipeline\\{closure}(Object(Illuminate\\Http\\Request))
#36 E:\\SEMESTER 5\\Pemrograman Framework\\BELAJAR\\Inventory_system\\vendor\\laravel\\framework\\src\\Illuminate\\Foundation\\Http\\Middleware\\ConvertEmptyStringsToNull.php(31): Illuminate\\Foundation\\Http\\Middleware\\TransformsRequest->handle(Object(Illuminate\\Http\\Request), Object(Closure))
#37 E:\\SEMESTER 5\\Pemrograman Framework\\BELAJAR\\Inventory_system\\vendor\\laravel\\framework\\src\\Illuminate\\Pipeline\\Pipeline.php(219): Illuminate\\Foundation\\Http\\Middleware\\ConvertEmptyStringsToNull->handle(Object(Illuminate\\Http\\Request), Object(Closure))
#38 E:\\SEMESTER 5\\Pemrograman Framework\\BELAJAR\\Inventory_system\\vendor\\laravel\\framework\\src\\Illuminate\\Foundation\\Http\\Middleware\\TransformsRequest.php(21): Illuminate\\Pipeline\\Pipeline->Illuminate\\Pipeline\\{closure}(Object(Illuminate\\Http\\Request))
#39 E:\\SEMESTER 5\\Pemrograman Framework\\BELAJAR\\Inventory_system\\vendor\\laravel\\framework\\src\\Illuminate\\Foundation\\Http\\Middleware\\TrimStrings.php(51): Illuminate\\Foundation\\Http\\Middleware\\TransformsRequest->handle(Object(Illuminate\\Http\\Request), Object(Closure))
#40 E:\\SEMESTER 5\\Pemrograman Framework\\BELAJAR\\Inventory_system\\vendor\\laravel\\framework\\src\\Illuminate\\Pipeline\\Pipeline.php(219): Illuminate\\Foundation\\Http\\Middleware\\TrimStrings->handle(Object(Illuminate\\Http\\Request), Object(Closure))
#41 E:\\SEMESTER 5\\Pemrograman Framework\\BELAJAR\\Inventory_system\\vendor\\laravel\\framework\\src\\Illuminate\\Http\\Middleware\\ValidatePostSize.php(27): Illuminate\\Pipeline\\Pipeline->Illuminate\\Pipeline\\{closure}(Object(Illuminate\\Http\\Request))
#42 E:\\SEMESTER 5\\Pemrograman Framework\\BELAJAR\\Inventory_system\\vendor\\laravel\\framework\\src\\Illuminate\\Pipeline\\Pipeline.php(219): Illuminate\\Http\\Middleware\\ValidatePostSize->handle(Object(Illuminate\\Http\\Request), Object(Closure))
#43 E:\\SEMESTER 5\\Pemrograman Framework\\BELAJAR\\Inventory_system\\vendor\\laravel\\framework\\src\\Illuminate\\Foundation\\Http\\Middleware\\PreventRequestsDuringMaintenance.php(109): Illuminate\\Pipeline\\Pipeline->Illuminate\\Pipeline\\{closure}(Object(Illuminate\\Http\\Request))
#44 E:\\SEMESTER 5\\Pemrograman Framework\\BELAJAR\\Inventory_system\\vendor\\laravel\\framework\\src\\Illuminate\\Pipeline\\Pipeline.php(219): Illuminate\\Foundation\\Http\\Middleware\\PreventRequestsDuringMaintenance->handle(Object(Illuminate\\Http\\Request), Object(Closure))
#45 E:\\SEMESTER 5\\Pemrograman Framework\\BELAJAR\\Inventory_system\\vendor\\laravel\\framework\\src\\Illuminate\\Http\\Middleware\\HandleCors.php(48): Illuminate\\Pipeline\\Pipeline->Illuminate\\Pipeline\\{closure}(Object(Illuminate\\Http\\Request))
#46 E:\\SEMESTER 5\\Pemrograman Framework\\BELAJAR\\Inventory_system\\vendor\\laravel\\framework\\src\\Illuminate\\Pipeline\\Pipeline.php(219): Illuminate\\Http\\Middleware\\HandleCors->handle(Object(Illuminate\\Http\\Request), Object(Closure))
#47 E:\\SEMESTER 5\\Pemrograman Framework\\BELAJAR\\Inventory_system\\vendor\\laravel\\framework\\src\\Illuminate\\Http\\Middleware\\TrustProxies.php(58): Illuminate\\Pipeline\\Pipeline->Illuminate\\Pipeline\\{closure}(Object(Illuminate\\Http\\Request))
#48 E:\\SEMESTER 5\\Pemrograman Framework\\BELAJAR\\Inventory_system\\vendor\\laravel\\framework\\src\\Illuminate\\Pipeline\\Pipeline.php(219): Illuminate\\Http\\Middleware\\TrustProxies->handle(Object(Illuminate\\Http\\Request), Object(Closure))
#49 E:\\SEMESTER 5\\Pemrograman Framework\\BELAJAR\\Inventory_system\\vendor\\laravel\\framework\\src\\Illuminate\\Foundation\\Http\\Middleware\\InvokeDeferredCallbacks.php(22): Illuminate\\Pipeline\\Pipeline->Illuminate\\Pipeline\\{closure}(Object(Illuminate\\Http\\Request))
#50 E:\\SEMESTER 5\\Pemrograman Framework\\BELAJAR\\Inventory_system\\vendor\\laravel\\framework\\src\\Illuminate\\Pipeline\\Pipeline.php(219): Illuminate\\Foundation\\Http\\Middleware\\InvokeDeferredCallbacks->handle(Object(Illuminate\\Http\\Request), Object(Closure))
#51 E:\\SEMESTER 5\\Pemrograman Framework\\BELAJAR\\Inventory_system\\vendor\\laravel\\framework\\src\\Illuminate\\Http\\Middleware\\ValidatePathEncoding.php(26): Illuminate\\Pipeline\\Pipeline->Illuminate\\Pipeline\\{closure}(Object(Illuminate\\Http\\Request))
#52 E:\\SEMESTER 5\\Pemrograman Framework\\BELAJAR\\Inventory_system\\vendor\\laravel\\framework\\src\\Illuminate\\Pipeline\\Pipeline.php(219): Illuminate\\Http\\Middleware\\ValidatePathEncoding->handle(Object(Illuminate\\Http\\Request), Object(Closure))
#53 E:\\SEMESTER 5\\Pemrograman Framework\\BELAJAR\\Inventory_system\\vendor\\laravel\\framework\\src\\Illuminate\\Pipeline\\Pipeline.php(137): Illuminate\\Pipeline\\Pipeline->Illuminate\\Pipeline\\{closure}(Object(Illuminate\\Http\\Request))
#54 E:\\SEMESTER 5\\Pemrograman Framework\\BELAJAR\\Inventory_system\\vendor\\laravel\\framework\\src\\Illuminate\\Foundation\\Http\\Kernel.php(175): Illuminate\\Pipeline\\Pipeline->then(Object(Closure))
#55 E:\\SEMESTER 5\\Pemrograman Framework\\BELAJAR\\Inventory_system\\vendor\\laravel\\framework\\src\\Illuminate\\Foundation\\Http\\Kernel.php(144): Illuminate\\Foundation\\Http\\Kernel->sendRequestThroughRouter(Object(Illuminate\\Http\\Request))
#56 E:\\SEMESTER 5\\Pemrograman Framework\\BELAJAR\\Inventory_system\\vendor\\laravel\\framework\\src\\Illuminate\\Foundation\\Application.php(1220): Illuminate\\Foundation\\Http\\Kernel->handle(Object(Illuminate\\Http\\Request))
#57 E:\\SEMESTER 5\\Pemrograman Framework\\BELAJAR\\Inventory_system\\public\\index.php(20): Illuminate\\Foundation\\Application->handleRequest(Object(Illuminate\\Http\\Request))
#58 E:\\SEMESTER 5\\Pemrograman Framework\\BELAJAR\\Inventory_system\\vendor\\laravel\\framework\\src\\Illuminate\\Foundation\\resources\\server.php(23): require_once('E:\\\\SEMESTER 5\\\\P...')
#59 {main}

[previous exception] [object] (Illuminate\\View\\ViewException(code: 0): Route [transactions.hisory] not defined. (View: E:\\SEMESTER 5\\Pemrograman Framework\\BELAJAR\\Inventory_system\\resources\\views\\layouts\\navigation.blade.php) (View: E:\\SEMESTER 5\\Pemrograman Framework\\BELAJAR\\Inventory_system\\resources\\views\\layouts\\navigation.blade.php) at E:\\SEMESTER 5\\Pemrograman Framework\\BELAJAR\\Inventory_system\\vendor\\laravel\\framework\\src\\Illuminate\\Routing\\UrlGenerator.php:526)
[stacktrace]
#0 E:\\SEMESTER 5\\Pemrograman Framework\\BELAJAR\\Inventory_system\\vendor\\laravel\\framework\\src\\Illuminate\\View\\Engines\\PhpEngine.php(59): Illuminate\\View\\Engines\\CompilerEngine->handleViewException(Object(Illuminate\\View\\ViewException), 2)
#1 E:\\SEMESTER 5\\Pemrograman Framework\\BELAJAR\\Inventory_system\\vendor\\laravel\\framework\\src\\Illuminate\\View\\Engines\\CompilerEngine.php(76): Illuminate\\View\\Engines\\PhpEngine->evaluatePath('E:\\\\SEMESTER 5\\\\P...', Array)
#2 E:\\SEMESTER 5\\Pemrograman Framework\\BELAJAR\\Inventory_system\\vendor\\laravel\\framework\\src\\Illuminate\\View\\View.php(208): Illuminate\\View\\Engines\\CompilerEngine->get('E:\\\\SEMESTER 5\\\\P...', Array)
#3 E:\\SEMESTER 5\\Pemrograman Framework\\BELAJAR\\Inventory_system\\vendor\\laravel\\framework\\src\\Illuminate\\View\\View.php(191): Illuminate\\View\\View->getContents()
#4 E:\\SEMESTER 5\\Pemrograman Framework\\BELAJAR\\Inventory_system\\vendor\\laravel\\framework\\src\\Illuminate\\View\\View.php(160): Illuminate\\View\\View->renderContents()
#5 E:\\SEMESTER 5\\Pemrograman Framework\\BELAJAR\\Inventory_system\\vendor\\laravel\\framework\\src\\Illuminate\\View\\Concerns\\ManagesComponents.php(99): Illuminate\\View\\View->render()
#6 E:\\SEMESTER 5\\Pemrograman Framework\\BELAJAR\\Inventory_system\\storage\\framework\\views\\0226a6adee4fb1b45d7edd65ffb74958.php(147): Illuminate\\View\\Factory->renderComponent()
#7 E:\\SEMESTER 5\\Pemrograman Framework\\BELAJAR\\Inventory_system\\vendor\\laravel\\framework\\src\\Illuminate\\Filesystem\\Filesystem.php(123): require('E:\\\\SEMESTER 5\\\\P...')
#8 E:\\SEMESTER 5\\Pemrograman Framework\\BELAJAR\\Inventory_system\\vendor\\laravel\\framework\\src\\Illuminate\\Filesystem\\Filesystem.php(124): Illuminate\\Filesystem\\Filesystem::Illuminate\\Filesystem\\{closure}()
#9 E:\\SEMESTER 5\\Pemrograman Framework\\BELAJAR\\Inventory_system\\vendor\\laravel\\framework\\src\\Illuminate\\View\\Engines\\PhpEngine.php(57): Illuminate\\Filesystem\\Filesystem->getRequire('E:\\\\SEMESTER 5\\\\P...', Array)
#10 E:\\SEMESTER 5\\Pemrograman Framework\\BELAJAR\\Inventory_system\\vendor\\laravel\\framework\\src\\Illuminate\\View\\Engines\\CompilerEngine.php(76): Illuminate\\View\\Engines\\PhpEngine->evaluatePath('E:\\\\SEMESTER 5\\\\P...', Array)
#11 E:\\SEMESTER 5\\Pemrograman Framework\\BELAJAR\\Inventory_system\\vendor\\laravel\\framework\\src\\Illuminate\\View\\View.php(208): Illuminate\\View\\Engines\\CompilerEngine->get('E:\\\\SEMESTER 5\\\\P...', Array)
#12 E:\\SEMESTER 5\\Pemrograman Framework\\BELAJAR\\Inventory_system\\vendor\\laravel\\framework\\src\\Illuminate\\View\\View.php(191): Illuminate\\View\\View->getContents()
#13 E:\\SEMESTER 5\\Pemrograman Framework\\BELAJAR\\Inventory_system\\vendor\\laravel\\framework\\src\\Illuminate\\View\\View.php(160): Illuminate\\View\\View->renderContents()
#14 E:\\SEMESTER 5\\Pemrograman Framework\\BELAJAR\\Inventory_system\\vendor\\laravel\\framework\\src\\Illuminate\\Http\\Response.php(78): Illuminate\\View\\View->render()
#15 E:\\SEMESTER 5\\Pemrograman Framework\\BELAJAR\\Inventory_system\\vendor\\laravel\\framework\\src\\Illuminate\\Http\\Response.php(34): Illuminate\\Http\\Response->setContent(Object(Illuminate\\View\\View))
#16 E:\\SEMESTER 5\\Pemrograman Framework\\BELAJAR\\Inventory_system\\vendor\\laravel\\framework\\src\\Illuminate\\Routing\\Router.php(939): Illuminate\\Http\\Response->__construct(Object(Illuminate\\View\\View), 200, Array)
#17 E:\\SEMESTER 5\\Pemrograman Framework\\BELAJAR\\Inventory_system\\vendor\\laravel\\framework\\src\\Illuminate\\Routing\\Router.php(906): Illuminate\\Routing\\Router::toResponse(Object(Illuminate\\Http\\Request), Object(Illuminate\\View\\View))
#18 E:\\SEMESTER 5\\Pemrograman Framework\\BELAJAR\\Inventory_system\\vendor\\laravel\\framework\\src\\Illuminate\\Routing\\Router.php(821): Illuminate\\Routing\\Router->prepareResponse(Object(Illuminate\\Http\\Request), Object(Illuminate\\View\\View))
#19 E:\\SEMESTER 5\\Pemrograman Framework\\BELAJAR\\Inventory_system\\vendor\\laravel\\framework\\src\\Illuminate\\Pipeline\\Pipeline.php(180): Illuminate\\Routing\\Router->Illuminate\\Routing\\{closure}(Object(Illuminate\\Http\\Request))
#20 E:\\SEMESTER 5\\Pemrograman Framework\\BELAJAR\\Inventory_system\\app\\Http\\Middleware\\RoleMiddleware.php(24): Illuminate\\Pipeline\\Pipeline->Illuminate\\Pipeline\\{closure}(Object(Illuminate\\Http\\Request))
#21 E:\\SEMESTER 5\\Pemrograman Framework\\BELAJAR\\Inventory_system\\vendor\\laravel\\framework\\src\\Illuminate\\Pipeline\\Pipeline.php(219): App\\Http\\Middleware\\RoleMiddleware->handle(Object(Illuminate\\Http\\Request), Object(Closure), 'gudang|kasir')
#22 E:\\SEMESTER 5\\Pemrograman Framework\\BELAJAR\\Inventory_system\\vendor\\laravel\\framework\\src\\Illuminate\\Routing\\Middleware\\SubstituteBindings.php(50): Illuminate\\Pipeline\\Pipeline->Illuminate\\Pipeline\\{closure}(Object(Illuminate\\Http\\Request))
#23 E:\\SEMESTER 5\\Pemrograman Framework\\BELAJAR\\Inventory_system\\vendor\\laravel\\framework\\src\\Illuminate\\Pipeline\\Pipeline.php(219): Illuminate\\Routing\\Middleware\\SubstituteBindings->handle(Object(Illuminate\\Http\\Request), Object(Closure))
#24 E:\\SEMESTER 5\\Pemrograman Framework\\BELAJAR\\Inventory_system\\vendor\\laravel\\framework\\src\\Illuminate\\Auth\\Middleware\\Authenticate.php(63): Illuminate\\Pipeline\\Pipeline->Illuminate\\Pipeline\\{closure}(Object(Illuminate\\Http\\Request))
#25 E:\\SEMESTER 5\\Pemrograman Framework\\BELAJAR\\Inventory_system\\vendor\\laravel\\framework\\src\\Illuminate\\Pipeline\\Pipeline.php(219): Illuminate\\Auth\\Middleware\\Authenticate->handle(Object(Illuminate\\Http\\Request), Object(Closure))
#26 E:\\SEMESTER 5\\Pemrograman Framework\\BELAJAR\\Inventory_system\\vendor\\laravel\\framework\\src\\Illuminate\\Foundation\\Http\\Middleware\\VerifyCsrfToken.php(87): Illuminate\\Pipeline\\Pipeline->Illuminate\\Pipeline\\{closure}(Object(Illuminate\\Http\\Request))
#27 E:\\SEMESTER 5\\Pemrograman Framework\\BELAJAR\\Inventory_system\\vendor\\laravel\\framework\\src\\Illuminate\\Pipeline\\Pipeline.php(219): Illuminate\\Foundation\\Http\\Middleware\\VerifyCsrfToken->handle(Object(Illuminate\\Http\\Request), Object(Closure))
#28 E:\\SEMESTER 5\\Pemrograman Framework\\BELAJAR\\Inventory_system\\vendor\\laravel\\framework\\src\\Illuminate\\View\\Middleware\\ShareErrorsFromSession.php(48): Illuminate\\Pipeline\\Pipeline->Illuminate\\Pipeline\\{closure}(Object(Illuminate\\Http\\Request))
#29 E:\\SEMESTER 5\\Pemrograman Framework\\BELAJAR\\Inventory_system\\vendor\\laravel\\framework\\src\\Illuminate\\Pipeline\\Pipeline.php(219): Illuminate\\View\\Middleware\\ShareErrorsFromSession->handle(Object(Illuminate\\Http\\Request), Object(Closure))
#30 E:\\SEMESTER 5\\Pemrograman Framework\\BELAJAR\\Inventory_system\\vendor\\laravel\\framework\\src\\Illuminate\\Session\\Middleware\\StartSession.php(120): Illuminate\\Pipeline\\Pipeline->Illuminate\\Pipeline\\{closure}(Object(Illuminate\\Http\\Request))
#31 E:\\SEMESTER 5\\Pemrograman Framework\\BELAJAR\\Inventory_system\\vendor\\laravel\\framework\\src\\Illuminate\\Session\\Middleware\\StartSession.php(63): Illuminate\\Session\\Middleware\\StartSession->handleStatefulRequest(Object(Illuminate\\Http\\Request), Object(Illuminate\\Session\\Store), Object(Closure))
#32 E:\\SEMESTER 5\\Pemrograman Framework\\BELAJAR\\Inventory_system\\vendor\\laravel\\framework\\src\\Illuminate\\Pipeline\\Pipeline.php(219): Illuminate\\Session\\Middleware\\StartSession->handle(Object(Illuminate\\Http\\Request), Object(Closure))
#33 E:\\SEMESTER 5\\Pemrograman Framework\\BELAJAR\\Inventory_system\\vendor\\laravel\\framework\\src\\Illuminate\\Cookie\\Middleware\\AddQueuedCookiesToResponse.php(36): Illuminate\\Pipeline\\Pipeline->Illuminate\\Pipeline\\{closure}(Object(Illuminate\\Http\\Request))
#34 E:\\SEMESTER 5\\Pemrograman Framework\\BELAJAR\\Inventory_system\\vendor\\laravel\\framework\\src\\Illuminate\\Pipeline\\Pipeline.php(219): Illuminate\\Cookie\\Middleware\\AddQueuedCookiesToResponse->handle(Object(Illuminate\\Http\\Request), Object(Closure))
#35 E:\\SEMESTER 5\\Pemrograman Framework\\BELAJAR\\Inventory_system\\vendor\\laravel\\framework\\src\\Illuminate\\Cookie\\Middleware\\EncryptCookies.php(74): Illuminate\\Pipeline\\Pipeline->Illuminate\\Pipeline\\{closure}(Object(Illuminate\\Http\\Request))
#36 E:\\SEMESTER 5\\Pemrograman Framework\\BELAJAR\\Inventory_system\\vendor\\laravel\\framework\\src\\Illuminate\\Pipeline\\Pipeline.php(219): Illuminate\\Cookie\\Middleware\\EncryptCookies->handle(Object(Illuminate\\Http\\Request), Object(Closure))
#37 E:\\SEMESTER 5\\Pemrograman Framework\\BELAJAR\\Inventory_system\\vendor\\laravel\\framework\\src\\Illuminate\\Pipeline\\Pipeline.php(137): Illuminate\\Pipeline\\Pipeline->Illuminate\\Pipeline\\{closure}(Object(Illuminate\\Http\\Request))
#38 E:\\SEMESTER 5\\Pemrograman Framework\\BELAJAR\\Inventory_system\\vendor\\laravel\\framework\\src\\Illuminate\\Routing\\Router.php(821): Illuminate\\Pipeline\\Pipeline->then(Object(Closure))
#39 E:\\SEMESTER 5\\Pemrograman Framework\\BELAJAR\\Inventory_system\\vendor\\laravel\\framework\\src\\Illuminate\\Routing\\Router.php(800): Illuminate\\Routing\\Router->runRouteWithinStack(Object(Illuminate\\Routing\\Route), Object(Illuminate\\Http\\Request))
#40 E:\\SEMESTER 5\\Pemrograman Framework\\BELAJAR\\Inventory_system\\vendor\\laravel\\framework\\src\\Illuminate\\Routing\\Router.php(764): Illuminate\\Routing\\Router->runRoute(Object(Illuminate\\Http\\Request), Object(Illuminate\\Routing\\Route))
#41 E:\\SEMESTER 5\\Pemrograman Framework\\BELAJAR\\Inventory_system\\vendor\\laravel\\framework\\src\\Illuminate\\Routing\\Router.php(753): Illuminate\\Routing\\Router->dispatchToRoute(Object(Illuminate\\Http\\Request))
#42 E:\\SEMESTER 5\\Pemrograman Framework\\BELAJAR\\Inventory_system\\vendor\\laravel\\framework\\src\\Illuminate\\Foundation\\Http\\Kernel.php(200): Illuminate\\Routing\\Router->dispatch(Object(Illuminate\\Http\\Request))
#43 E:\\SEMESTER 5\\Pemrograman Framework\\BELAJAR\\Inventory_system\\vendor\\laravel\\framework\\src\\Illuminate\\Pipeline\\Pipeline.php(180): Illuminate\\Foundation\\Http\\Kernel->Illuminate\\Foundation\\Http\\{closure}(Object(Illuminate\\Http\\Request))
#44 E:\\SEMESTER 5\\Pemrograman Framework\\BELAJAR\\Inventory_system\\vendor\\laravel\\framework\\src\\Illuminate\\Foundation\\Http\\Middleware\\TransformsRequest.php(21): Illuminate\\Pipeline\\Pipeline->Illuminate\\Pipeline\\{closure}(Object(Illuminate\\Http\\Request))
#45 E:\\SEMESTER 5\\Pemrograman Framework\\BELAJAR\\Inventory_system\\vendor\\laravel\\framework\\src\\Illuminate\\Foundation\\Http\\Middleware\\ConvertEmptyStringsToNull.php(31): Illuminate\\Foundation\\Http\\Middleware\\TransformsRequest->handle(Object(Illuminate\\Http\\Request), Object(Closure))
#46 E:\\SEMESTER 5\\Pemrograman Framework\\BELAJAR\\Inventory_system\\vendor\\laravel\\framework\\src\\Illuminate\\Pipeline\\Pipeline.php(219): Illuminate\\Foundation\\Http\\Middleware\\ConvertEmptyStringsToNull->handle(Object(Illuminate\\Http\\Request), Object(Closure))
#47 E:\\SEMESTER 5\\Pemrograman Framework\\BELAJAR\\Inventory_system\\vendor\\laravel\\framework\\src\\Illuminate\\Foundation\\Http\\Middleware\\TransformsRequest.php(21): Illuminate\\Pipeline\\Pipeline->Illuminate\\Pipeline\\{closure}(Object(Illuminate\\Http\\Request))
#48 E:\\SEMESTER 5\\Pemrograman Framework\\BELAJAR\\Inventory_system\\vendor\\laravel\\framework\\src\\Illuminate\\Foundation\\Http\\Middleware\\TrimStrings.php(51): Illuminate\\Foundation\\Http\\Middleware\\TransformsRequest->handle(Object(Illuminate\\Http\\Request), Object(Closure))
#49 E:\\SEMESTER 5\\Pemrograman Framework\\BELAJAR\\Inventory_system\\vendor\\laravel\\framework\\src\\Illuminate\\Pipeline\\Pipeline.php(219): Illuminate\\Foundation\\Http\\Middleware\\TrimStrings->handle(Object(Illuminate\\Http\\Request), Object(Closure))
#50 E:\\SEMESTER 5\\Pemrograman Framework\\BELAJAR\\Inventory_system\\vendor\\laravel\\framework\\src\\Illuminate\\Http\\Middleware\\ValidatePostSize.php(27): Illuminate\\Pipeline\\Pipeline->Illuminate\\Pipeline\\{closure}(Object(Illuminate\\Http\\Request))
#51 E:\\SEMESTER 5\\Pemrograman Framework\\BELAJAR\\Inventory_system\\vendor\\laravel\\framework\\src\\Illuminate\\Pipeline\\Pipeline.php(219): Illuminate\\Http\\Middleware\\ValidatePostSize->handle(Object(Illuminate\\Http\\Request), Object(Closure))
#52 E:\\SEMESTER 5\\Pemrograman Framework\\BELAJAR\\Inventory_system\\vendor\\laravel\\framework\\src\\Illuminate\\Foundation\\Http\\Middleware\\PreventRequestsDuringMaintenance.php(109): Illuminate\\Pipeline\\Pipeline->Illuminate\\Pipeline\\{closure}(Object(Illuminate\\Http\\Request))
#53 E:\\SEMESTER 5\\Pemrograman Framework\\BELAJAR\\Inventory_system\\vendor\\laravel\\framework\\src\\Illuminate\\Pipeline\\Pipeline.php(219): Illuminate\\Foundation\\Http\\Middleware\\PreventRequestsDuringMaintenance->handle(Object(Illuminate\\Http\\Request), Object(Closure))
#54 E:\\SEMESTER 5\\Pemrograman Framework\\BELAJAR\\Inventory_system\\vendor\\laravel\\framework\\src\\Illuminate\\Http\\Middleware\\HandleCors.php(48): Illuminate\\Pipeline\\Pipeline->Illuminate\\Pipeline\\{closure}(Object(Illuminate\\Http\\Request))
#55 E:\\SEMESTER 5\\Pemrograman Framework\\BELAJAR\\Inventory_system\\vendor\\laravel\\framework\\src\\Illuminate\\Pipeline\\Pipeline.php(219): Illuminate\\Http\\Middleware\\HandleCors->handle(Object(Illuminate\\Http\\Request), Object(Closure))
#56 E:\\SEMESTER 5\\Pemrograman Framework\\BELAJAR\\Inventory_system\\vendor\\laravel\\framework\\src\\Illuminate\\Http\\Middleware\\TrustProxies.php(58): Illuminate\\Pipeline\\Pipeline->Illuminate\\Pipeline\\{closure}(Object(Illuminate\\Http\\Request))
#57 E:\\SEMESTER 5\\Pemrograman Framework\\BELAJAR\\Inventory_system\\vendor\\laravel\\framework\\src\\Illuminate\\Pipeline\\Pipeline.php(219): Illuminate\\Http\\Middleware\\TrustProxies->handle(Object(Illuminate\\Http\\Request), Object(Closure))
#58 E:\\SEMESTER 5\\Pemrograman Framework\\BELAJAR\\Inventory_system\\vendor\\laravel\\framework\\src\\Illuminate\\Foundation\\Http\\Middleware\\InvokeDeferredCallbacks.php(22): Illuminate\\Pipeline\\Pipeline->Illuminate\\Pipeline\\{closure}(Object(Illuminate\\Http\\Request))
#59 E:\\SEMESTER 5\\Pemrograman Framework\\BELAJAR\\Inventory_system\\vendor\\laravel\\framework\\src\\Illuminate\\Pipeline\\Pipeline.php(219): Illuminate\\Foundation\\Http\\Middleware\\InvokeDeferredCallbacks->handle(Object(Illuminate\\Http\\Request), Object(Closure))
#60 E:\\SEMESTER 5\\Pemrograman Framework\\BELAJAR\\Inventory_system\\vendor\\laravel\\framework\\src\\Illuminate\\Http\\Middleware\\ValidatePathEncoding.php(26): Illuminate\\Pipeline\\Pipeline->Illuminate\\Pipeline\\{closure}(Object(Illuminate\\Http\\Request))
#61 E:\\SEMESTER 5\\Pemrograman Framework\\BELAJAR\\Inventory_system\\vendor\\laravel\\framework\\src\\Illuminate\\Pipeline\\Pipeline.php(219): Illuminate\\Http\\Middleware\\ValidatePathEncoding->handle(Object(Illuminate\\Http\\Request), Object(Closure))
#62 E:\\SEMESTER 5\\Pemrograman Framework\\BELAJAR\\Inventory_system\\vendor\\laravel\\framework\\src\\Illuminate\\Pipeline\\Pipeline.php(137): Illuminate\\Pipeline\\Pipeline->Illuminate\\Pipeline\\{closure}(Object(Illuminate\\Http\\Request))
#63 E:\\SEMESTER 5\\Pemrograman Framework\\BELAJAR\\Inventory_system\\vendor\\laravel\\framework\\src\\Illuminate\\Foundation\\Http\\Kernel.php(175): Illuminate\\Pipeline\\Pipeline->then(Object(Closure))
#64 E:\\SEMESTER 5\\Pemrograman Framework\\BELAJAR\\Inventory_system\\vendor\\laravel\\framework\\src\\Illuminate\\Foundation\\Http\\Kernel.php(144): Illuminate\\Foundation\\Http\\Kernel->sendRequestThroughRouter(Object(Illuminate\\Http\\Request))
#65 E:\\SEMESTER 5\\Pemrograman Framework\\BELAJAR\\Inventory_system\\vendor\\laravel\\framework\\src\\Illuminate\\Foundation\\Application.php(1220): Illuminate\\Foundation\\Http\\Kernel->handle(Object(Illuminate\\Http\\Request))
#66 E:\\SEMESTER 5\\Pemrograman Framework\\BELAJAR\\Inventory_system\\public\\index.php(20): Illuminate\\Foundation\\Application->handleRequest(Object(Illuminate\\Http\\Request))
#67 E:\\SEMESTER 5\\Pemrograman Framework\\BELAJAR\\Inventory_system\\vendor\\laravel\\framework\\src\\Illuminate\\Foundation\\resources\\server.php(23): require_once('E:\\\\SEMESTER 5\\\\P...')
#68 {main}

[previous exception] [object] (Illuminate\\View\\ViewException(code: 0): Route [transactions.hisory] not defined. (View: E:\\SEMESTER 5\\Pemrograman Framework\\BELAJAR\\Inventory_system\\resources\\views\\layouts\\navigation.blade.php) at E:\\SEMESTER 5\\Pemrograman Framework\\BELAJAR\\Inventory_system\\vendor\\laravel\\framework\\src\\Illuminate\\Routing\\UrlGenerator.php:526)
[stacktrace]
#0 E:\\SEMESTER 5\\Pemrograman Framework\\BELAJAR\\Inventory_system\\vendor\\laravel\\framework\\src\\Illuminate\\View\\Engines\\PhpEngine.php(59): Illuminate\\View\\Engines\\CompilerEngine->handleViewException(Object(Symfony\\Component\\Routing\\Exception\\RouteNotFoundException), 3)
#1 E:\\SEMESTER 5\\Pemrograman Framework\\BELAJAR\\Inventory_system\\vendor\\laravel\\framework\\src\\Illuminate\\View\\Engines\\CompilerEngine.php(76): Illuminate\\View\\Engines\\PhpEngine->evaluatePath('E:\\\\SEMESTER 5\\\\P...', Array)
#2 E:\\SEMESTER 5\\Pemrograman Framework\\BELAJAR\\Inventory_system\\vendor\\laravel\\framework\\src\\Illuminate\\View\\View.php(208): Illuminate\\View\\Engines\\CompilerEngine->get('E:\\\\SEMESTER 5\\\\P...', Array)
#3 E:\\SEMESTER 5\\Pemrograman Framework\\BELAJAR\\Inventory_system\\vendor\\laravel\\framework\\src\\Illuminate\\View\\View.php(191): Illuminate\\View\\View->getContents()
#4 E:\\SEMESTER 5\\Pemrograman Framework\\BELAJAR\\Inventory_system\\vendor\\laravel\\framework\\src\\Illuminate\\View\\View.php(160): Illuminate\\View\\View->renderContents()
#5 E:\\SEMESTER 5\\Pemrograman Framework\\BELAJAR\\Inventory_system\\storage\\framework\\views\\bf3cd0f124c6d8e0025d621cdfb55a26.php(38): Illuminate\\View\\View->render()
#6 E:\\SEMESTER 5\\Pemrograman Framework\\BELAJAR\\Inventory_system\\vendor\\laravel\\framework\\src\\Illuminate\\Filesystem\\Filesystem.php(123): require('E:\\\\SEMESTER 5\\\\P...')
#7 E:\\SEMESTER 5\\Pemrograman Framework\\BELAJAR\\Inventory_system\\vendor\\laravel\\framework\\src\\Illuminate\\Filesystem\\Filesystem.php(124): Illuminate\\Filesystem\\Filesystem::Illuminate\\Filesystem\\{closure}()
#8 E:\\SEMESTER 5\\Pemrograman Framework\\BELAJAR\\Inventory_system\\vendor\\laravel\\framework\\src\\Illuminate\\View\\Engines\\PhpEngine.php(57): Illuminate\\Filesystem\\Filesystem->getRequire('E:\\\\SEMESTER 5\\\\P...', Array)
#9 E:\\SEMESTER 5\\Pemrograman Framework\\BELAJAR\\Inventory_system\\vendor\\laravel\\framework\\src\\Illuminate\\View\\Engines\\CompilerEngine.php(76): Illuminate\\View\\Engines\\PhpEngine->evaluatePath('E:\\\\SEMESTER 5\\\\P...', Array)
#10 E:\\SEMESTER 5\\Pemrograman Framework\\BELAJAR\\Inventory_system\\vendor\\laravel\\framework\\src\\Illuminate\\View\\View.php(208): Illuminate\\View\\Engines\\CompilerEngine->get('E:\\\\SEMESTER 5\\\\P...', Array)
#11 E:\\SEMESTER 5\\Pemrograman Framework\\BELAJAR\\Inventory_system\\vendor\\laravel\\framework\\src\\Illuminate\\View\\View.php(191): Illuminate\\View\\View->getContents()
#12 E:\\SEMESTER 5\\Pemrograman Framework\\BELAJAR\\Inventory_system\\vendor\\laravel\\framework\\src\\Illuminate\\View\\View.php(160): Illuminate\\View\\View->renderContents()
#13 E:\\SEMESTER 5\\Pemrograman Framework\\BELAJAR\\Inventory_system\\vendor\\laravel\\framework\\src\\Illuminate\\View\\Concerns\\ManagesComponents.php(99): Illuminate\\View\\View->render()
#14 E:\\SEMESTER 5\\Pemrograman Framework\\BELAJAR\\Inventory_system\\storage\\framework\\views\\0226a6adee4fb1b45d7edd65ffb74958.php(147): Illuminate\\View\\Factory->renderComponent()
#15 E:\\SEMESTER 5\\Pemrograman Framework\\BELAJAR\\Inventory_system\\vendor\\laravel\\framework\\src\\Illuminate\\Filesystem\\Filesystem.php(123): require('E:\\\\SEMESTER 5\\\\P...')
#16 E:\\SEMESTER 5\\Pemrograman Framework\\BELAJAR\\Inventory_system\\vendor\\laravel\\framework\\src\\Illuminate\\Filesystem\\Filesystem.php(124): Illuminate\\Filesystem\\Filesystem::Illuminate\\Filesystem\\{closure}()
#17 E:\\SEMESTER 5\\Pemrograman Framework\\BELAJAR\\Inventory_system\\vendor\\laravel\\framework\\src\\Illuminate\\View\\Engines\\PhpEngine.php(57): Illuminate\\Filesystem\\Filesystem->getRequire('E:\\\\SEMESTER 5\\\\P...', Array)
#18 E:\\SEMESTER 5\\Pemrograman Framework\\BELAJAR\\Inventory_system\\vendor\\laravel\\framework\\src\\Illuminate\\View\\Engines\\CompilerEngine.php(76): Illuminate\\View\\Engines\\PhpEngine->evaluatePath('E:\\\\SEMESTER 5\\\\P...', Array)
#19 E:\\SEMESTER 5\\Pemrograman Framework\\BELAJAR\\Inventory_system\\vendor\\laravel\\framework\\src\\Illuminate\\View\\View.php(208): Illuminate\\View\\Engines\\CompilerEngine->get('E:\\\\SEMESTER 5\\\\P...', Array)
#20 E:\\SEMESTER 5\\Pemrograman Framework\\BELAJAR\\Inventory_system\\vendor\\laravel\\framework\\src\\Illuminate\\View\\View.php(191): Illuminate\\View\\View->getContents()
#21 E:\\SEMESTER 5\\Pemrograman Framework\\BELAJAR\\Inventory_system\\vendor\\laravel\\framework\\src\\Illuminate\\View\\View.php(160): Illuminate\\View\\View->renderContents()
#22 E:\\SEMESTER 5\\Pemrograman Framework\\BELAJAR\\Inventory_system\\vendor\\laravel\\framework\\src\\Illuminate\\Http\\Response.php(78): Illuminate\\View\\View->render()
#23 E:\\SEMESTER 5\\Pemrograman Framework\\BELAJAR\\Inventory_system\\vendor\\laravel\\framework\\src\\Illuminate\\Http\\Response.php(34): Illuminate\\Http\\Response->setContent(Object(Illuminate\\View\\View))
#24 E:\\SEMESTER 5\\Pemrograman Framework\\BELAJAR\\Inventory_system\\vendor\\laravel\\framework\\src\\Illuminate\\Routing\\Router.php(939): Illuminate\\Http\\Response->__construct(Object(Illuminate\\View\\View), 200, Array)
#25 E:\\SEMESTER 5\\Pemrograman Framework\\BELAJAR\\Inventory_system\\vendor\\laravel\\framework\\src\\Illuminate\\Routing\\Router.php(906): Illuminate\\Routing\\Router::toResponse(Object(Illuminate\\Http\\Request), Object(Illuminate\\View\\View))
#26 E:\\SEMESTER 5\\Pemrograman Framework\\BELAJAR\\Inventory_system\\vendor\\laravel\\framework\\src\\Illuminate\\Routing\\Router.php(821): Illuminate\\Routing\\Router->prepareResponse(Object(Illuminate\\Http\\Request), Object(Illuminate\\View\\View))
#27 E:\\SEMESTER 5\\Pemrograman Framework\\BELAJAR\\Inventory_system\\vendor\\laravel\\framework\\src\\Illuminate\\Pipeline\\Pipeline.php(180): Illuminate\\Routing\\Router->Illuminate\\Routing\\{closure}(Object(Illuminate\\Http\\Request))
#28 E:\\SEMESTER 5\\Pemrograman Framework\\BELAJAR\\Inventory_system\\app\\Http\\Middleware\\RoleMiddleware.php(24): Illuminate\\Pipeline\\Pipeline->Illuminate\\Pipeline\\{closure}(Object(Illuminate\\Http\\Request))
#29 E:\\SEMESTER 5\\Pemrograman Framework\\BELAJAR\\Inventory_system\\vendor\\laravel\\framework\\src\\Illuminate\\Pipeline\\Pipeline.php(219): App\\Http\\Middleware\\RoleMiddleware->handle(Object(Illuminate\\Http\\Request), Object(Closure), 'gudang|kasir')
#30 E:\\SEMESTER 5\\Pemrograman Framework\\BELAJAR\\Inventory_system\\vendor\\laravel\\framework\\src\\Illuminate\\Routing\\Middleware\\SubstituteBindings.php(50): Illuminate\\Pipeline\\Pipeline->Illuminate\\Pipeline\\{closure}(Object(Illuminate\\Http\\Request))
#31 E:\\SEMESTER 5\\Pemrograman Framework\\BELAJAR\\Inventory_system\\vendor\\laravel\\framework\\src\\Illuminate\\Pipeline\\Pipeline.php(219): Illuminate\\Routing\\Middleware\\SubstituteBindings->handle(Object(Illuminate\\Http\\Request), Object(Closure))
#32 E:\\SEMESTER 5\\Pemrograman Framework\\BELAJAR\\Inventory_system\\vendor\\laravel\\framework\\src\\Illuminate\\Auth\\Middleware\\Authenticate.php(63): Illuminate\\Pipeline\\Pipeline->Illuminate\\Pipeline\\{closure}(Object(Illuminate\\Http\\Request))
#33 E:\\SEMESTER 5\\Pemrograman Framework\\BELAJAR\\Inventory_system\\vendor\\laravel\\framework\\src\\Illuminate\\Pipeline\\Pipeline.php(219): Illuminate\\Auth\\Middleware\\Authenticate->handle(Object(Illuminate\\Http\\Request), Object(Closure))
#34 E:\\SEMESTER 5\\Pemrograman Framework\\BELAJAR\\Inventory_system\\vendor\\laravel\\framework\\src\\Illuminate\\Foundation\\Http\\Middleware\\VerifyCsrfToken.php(87): Illuminate\\Pipeline\\Pipeline->Illuminate\\Pipeline\\{closure}(Object(Illuminate\\Http\\Request))
#35 E:\\SEMESTER 5\\Pemrograman Framework\\BELAJAR\\Inventory_system\\vendor\\laravel\\framework\\src\\Illuminate\\Pipeline\\Pipeline.php(219): Illuminate\\Foundation\\Http\\Middleware\\VerifyCsrfToken->handle(Object(Illuminate\\Http\\Request), Object(Closure))
#36 E:\\SEMESTER 5\\Pemrograman Framework\\BELAJAR\\Inventory_system\\vendor\\laravel\\framework\\src\\Illuminate\\View\\Middleware\\ShareErrorsFromSession.php(48): Illuminate\\Pipeline\\Pipeline->Illuminate\\Pipeline\\{closure}(Object(Illuminate\\Http\\Request))
#37 E:\\SEMESTER 5\\Pemrograman Framework\\BELAJAR\\Inventory_system\\vendor\\laravel\\framework\\src\\Illuminate\\Pipeline\\Pipeline.php(219): Illuminate\\View\\Middleware\\ShareErrorsFromSession->handle(Object(Illuminate\\Http\\Request), Object(Closure))
#38 E:\\SEMESTER 5\\Pemrograman Framework\\BELAJAR\\Inventory_system\\vendor\\laravel\\framework\\src\\Illuminate\\Session\\Middleware\\StartSession.php(120): Illuminate\\Pipeline\\Pipeline->Illuminate\\Pipeline\\{closure}(Object(Illuminate\\Http\\Request))
#39 E:\\SEMESTER 5\\Pemrograman Framework\\BELAJAR\\Inventory_system\\vendor\\laravel\\framework\\src\\Illuminate\\Session\\Middleware\\StartSession.php(63): Illuminate\\Session\\Middleware\\StartSession->handleStatefulRequest(Object(Illuminate\\Http\\Request), Object(Illuminate\\Session\\Store), Object(Closure))
#40 E:\\SEMESTER 5\\Pemrograman Framework\\BELAJAR\\Inventory_system\\vendor\\laravel\\framework\\src\\Illuminate\\Pipeline\\Pipeline.php(219): Illuminate\\Session\\Middleware\\StartSession->handle(Object(Illuminate\\Http\\Request), Object(Closure))
#41 E:\\SEMESTER 5\\Pemrograman Framework\\BELAJAR\\Inventory_system\\vendor\\laravel\\framework\\src\\Illuminate\\Cookie\\Middleware\\AddQueuedCookiesToResponse.php(36): Illuminate\\Pipeline\\Pipeline->Illuminate\\Pipeline\\{closure}(Object(Illuminate\\Http\\Request))
#42 E:\\SEMESTER 5\\Pemrograman Framework\\BELAJAR\\Inventory_system\\vendor\\laravel\\framework\\src\\Illuminate\\Pipeline\\Pipeline.php(219): Illuminate\\Cookie\\Middleware\\AddQueuedCookiesToResponse->handle(Object(Illuminate\\Http\\Request), Object(Closure))
#43 E:\\SEMESTER 5\\Pemrograman Framework\\BELAJAR\\Inventory_system\\vendor\\laravel\\framework\\src\\Illuminate\\Cookie\\Middleware\\EncryptCookies.php(74): Illuminate\\Pipeline\\Pipeline->Illuminate\\Pipeline\\{closure}(Object(Illuminate\\Http\\Request))
#44 E:\\SEMESTER 5\\Pemrograman Framework\\BELAJAR\\Inventory_system\\vendor\\laravel\\framework\\src\\Illuminate\\Pipeline\\Pipeline.php(219): Illuminate\\Cookie\\Middleware\\EncryptCookies->handle(Object(Illuminate\\Http\\Request), Object(Closure))
#45 E:\\SEMESTER 5\\Pemrograman Framework\\BELAJAR\\Inventory_system\\vendor\\laravel\\framework\\src\\Illuminate\\Pipeline\\Pipeline.php(137): Illuminate\\Pipeline\\Pipeline->Illuminate\\Pipeline\\{closure}(Object(Illuminate\\Http\\Request))
#46 E:\\SEMESTER 5\\Pemrograman Framework\\BELAJAR\\Inventory_system\\vendor\\laravel\\framework\\src\\Illuminate\\Routing\\Router.php(821): Illuminate\\Pipeline\\Pipeline->then(Object(Closure))
#47 E:\\SEMESTER 5\\Pemrograman Framework\\BELAJAR\\Inventory_system\\vendor\\laravel\\framework\\src\\Illuminate\\Routing\\Router.php(800): Illuminate\\Routing\\Router->runRouteWithinStack(Object(Illuminate\\Routing\\Route), Object(Illuminate\\Http\\Request))
#48 E:\\SEMESTER 5\\Pemrograman Framework\\BELAJAR\\Inventory_system\\vendor\\laravel\\framework\\src\\Illuminate\\Routing\\Router.php(764): Illuminate\\Routing\\Router->runRoute(Object(Illuminate\\Http\\Request), Object(Illuminate\\Routing\\Route))
#49 E:\\SEMESTER 5\\Pemrograman Framework\\BELAJAR\\Inventory_system\\vendor\\laravel\\framework\\src\\Illuminate\\Routing\\Router.php(753): Illuminate\\Routing\\Router->dispatchToRoute(Object(Illuminate\\Http\\Request))
#50 E:\\SEMESTER 5\\Pemrograman Framework\\BELAJAR\\Inventory_system\\vendor\\laravel\\framework\\src\\Illuminate\\Foundation\\Http\\Kernel.php(200): Illuminate\\Routing\\Router->dispatch(Object(Illuminate\\Http\\Request))
#51 E:\\SEMESTER 5\\Pemrograman Framework\\BELAJAR\\Inventory_system\\vendor\\laravel\\framework\\src\\Illuminate\\Pipeline\\Pipeline.php(180): Illuminate\\Foundation\\Http\\Kernel->Illuminate\\Foundation\\Http\\{closure}(Object(Illuminate\\Http\\Request))
#52 E:\\SEMESTER 5\\Pemrograman Framework\\BELAJAR\\Inventory_system\\vendor\\laravel\\framework\\src\\Illuminate\\Foundation\\Http\\Middleware\\TransformsRequest.php(21): Illuminate\\Pipeline\\Pipeline->Illuminate\\Pipeline\\{closure}(Object(Illuminate\\Http\\Request))
#53 E:\\SEMESTER 5\\Pemrograman Framework\\BELAJAR\\Inventory_system\\vendor\\laravel\\framework\\src\\Illuminate\\Foundation\\Http\\Middleware\\ConvertEmptyStringsToNull.php(31): Illuminate\\Foundation\\Http\\Middleware\\TransformsRequest->handle(Object(Illuminate\\Http\\Request), Object(Closure))
#54 E:\\SEMESTER 5\\Pemrograman Framework\\BELAJAR\\Inventory_system\\vendor\\laravel\\framework\\src\\Illuminate\\Pipeline\\Pipeline.php(219): Illuminate\\Foundation\\Http\\Middleware\\ConvertEmptyStringsToNull->handle(Object(Illuminate\\Http\\Request), Object(Closure))
#55 E:\\SEMESTER 5\\Pemrograman Framework\\BELAJAR\\Inventory_system\\vendor\\laravel\\framework\\src\\Illuminate\\Foundation\\Http\\Middleware\\TransformsRequest.php(21): Illuminate\\Pipeline\\Pipeline->Illuminate\\Pipeline\\{closure}(Object(Illuminate\\Http\\Request))
#56 E:\\SEMESTER 5\\Pemrograman Framework\\BELAJAR\\Inventory_system\\vendor\\laravel\\framework\\src\\Illuminate\\Foundation\\Http\\Middleware\\TrimStrings.php(51): Illuminate\\Foundation\\Http\\Middleware\\TransformsRequest->handle(Object(Illuminate\\Http\\Request), Object(Closure))
#57 E:\\SEMESTER 5\\Pemrograman Framework\\BELAJAR\\Inventory_system\\vendor\\laravel\\framework\\src\\Illuminate\\Pipeline\\Pipeline.php(219): Illuminate\\Foundation\\Http\\Middleware\\TrimStrings->handle(Object(Illuminate\\Http\\Request), Object(Closure))
#58 E:\\SEMESTER 5\\Pemrograman Framework\\BELAJAR\\Inventory_system\\vendor\\laravel\\framework\\src\\Illuminate\\Http\\Middleware\\ValidatePostSize.php(27): Illuminate\\Pipeline\\Pipeline->Illuminate\\Pipeline\\{closure}(Object(Illuminate\\Http\\Request))
#59 E:\\SEMESTER 5\\Pemrograman Framework\\BELAJAR\\Inventory_system\\vendor\\laravel\\framework\\src\\Illuminate\\Pipeline\\Pipeline.php(219): Illuminate\\Http\\Middleware\\ValidatePostSize->handle(Object(Illuminate\\Http\\Request), Object(Closure))
#60 E:\\SEMESTER 5\\Pemrograman Framework\\BELAJAR\\Inventory_system\\vendor\\laravel\\framework\\src\\Illuminate\\Foundation\\Http\\Middleware\\PreventRequestsDuringMaintenance.php(109): Illuminate\\Pipeline\\Pipeline->Illuminate\\Pipeline\\{closure}(Object(Illuminate\\Http\\Request))
#61 E:\\SEMESTER 5\\Pemrograman Framework\\BELAJAR\\Inventory_system\\vendor\\laravel\\framework\\src\\Illuminate\\Pipeline\\Pipeline.php(219): Illuminate\\Foundation\\Http\\Middleware\\PreventRequestsDuringMaintenance->handle(Object(Illuminate\\Http\\Request), Object(Closure))
#62 E:\\SEMESTER 5\\Pemrograman Framework\\BELAJAR\\Inventory_system\\vendor\\laravel\\framework\\src\\Illuminate\\Http\\Middleware\\HandleCors.php(48): Illuminate\\Pipeline\\Pipeline->Illuminate\\Pipeline\\{closure}(Object(Illuminate\\Http\\Request))
#63 E:\\SEMESTER 5\\Pemrograman Framework\\BELAJAR\\Inventory_system\\vendor\\laravel\\framework\\src\\Illuminate\\Pipeline\\Pipeline.php(219): Illuminate\\Http\\Middleware\\HandleCors->handle(Object(Illuminate\\Http\\Request), Object(Closure))
#64 E:\\SEMESTER 5\\Pemrograman Framework\\BELAJAR\\Inventory_system\\vendor\\laravel\\framework\\src\\Illuminate\\Http\\Middleware\\TrustProxies.php(58): Illuminate\\Pipeline\\Pipeline->Illuminate\\Pipeline\\{closure}(Object(Illuminate\\Http\\Request))
#65 E:\\SEMESTER 5\\Pemrograman Framework\\BELAJAR\\Inventory_system\\vendor\\laravel\\framework\\src\\Illuminate\\Pipeline\\Pipeline.php(219): Illuminate\\Http\\Middleware\\TrustProxies->handle(Object(Illuminate\\Http\\Request), Object(Closure))
#66 E:\\SEMESTER 5\\Pemrograman Framework\\BELAJAR\\Inventory_system\\vendor\\laravel\\framework\\src\\Illuminate\\Foundation\\Http\\Middleware\\InvokeDeferredCallbacks.php(22): Illuminate\\Pipeline\\Pipeline->Illuminate\\Pipeline\\{closure}(Object(Illuminate\\Http\\Request))
#67 E:\\SEMESTER 5\\Pemrograman Framework\\BELAJAR\\Inventory_system\\vendor\\laravel\\framework\\src\\Illuminate\\Pipeline\\Pipeline.php(219): Illuminate\\Foundation\\Http\\Middleware\\InvokeDeferredCallbacks->handle(Object(Illuminate\\Http\\Request), Object(Closure))
#68 E:\\SEMESTER 5\\Pemrograman Framework\\BELAJAR\\Inventory_system\\vendor\\laravel\\framework\\src\\Illuminate\\Http\\Middleware\\ValidatePathEncoding.php(26): Illuminate\\Pipeline\\Pipeline->Illuminate\\Pipeline\\{closure}(Object(Illuminate\\Http\\Request))
#69 E:\\SEMESTER 5\\Pemrograman Framework\\BELAJAR\\Inventory_system\\vendor\\laravel\\framework\\src\\Illuminate\\Pipeline\\Pipeline.php(219): Illuminate\\Http\\Middleware\\ValidatePathEncoding->handle(Object(Illuminate\\Http\\Request), Object(Closure))
#70 E:\\SEMESTER 5\\Pemrograman Framework\\BELAJAR\\Inventory_system\\vendor\\laravel\\framework\\src\\Illuminate\\Pipeline\\Pipeline.php(137): Illuminate\\Pipeline\\Pipeline->Illuminate\\Pipeline\\{closure}(Object(Illuminate\\Http\\Request))
#71 E:\\SEMESTER 5\\Pemrograman Framework\\BELAJAR\\Inventory_system\\vendor\\laravel\\framework\\src\\Illuminate\\Foundation\\Http\\Kernel.php(175): Illuminate\\Pipeline\\Pipeline->then(Object(Closure))
#72 E:\\SEMESTER 5\\Pemrograman Framework\\BELAJAR\\Inventory_system\\vendor\\laravel\\framework\\src\\Illuminate\\Foundation\\Http\\Kernel.php(144): Illuminate\\Foundation\\Http\\Kernel->sendRequestThroughRouter(Object(Illuminate\\Http\\Request))
#73 E:\\SEMESTER 5\\Pemrograman Framework\\BELAJAR\\Inventory_system\\vendor\\laravel\\framework\\src\\Illuminate\\Foundation\\Application.php(1220): Illuminate\\Foundation\\Http\\Kernel->handle(Object(Illuminate\\Http\\Request))
#74 E:\\SEMESTER 5\\Pemrograman Framework\\BELAJAR\\Inventory_system\\public\\index.php(20): Illuminate\\Foundation\\Application->handleRequest(Object(Illuminate\\Http\\Request))
#75 E:\\SEMESTER 5\\Pemrograman Framework\\BELAJAR\\Inventory_system\\vendor\\laravel\\framework\\src\\Illuminate\\Foundation\\resources\\server.php(23): require_once('E:\\\\SEMESTER 5\\\\P...')
#76 {main}

[previous exception] [object] (Symfony\\Component\\Routing\\Exception\\RouteNotFoundException(code: 0): Route [transactions.hisory] not defined. at E:\\SEMESTER 5\\Pemrograman Framework\\BELAJAR\\Inventory_system\\vendor\\laravel\\framework\\src\\Illuminate\\Routing\\UrlGenerator.php:526)
[stacktrace]
#0 E:\\SEMESTER 5\\Pemrograman Framework\\BELAJAR\\Inventory_system\\vendor\\laravel\\framework\\src\\Illuminate\\Foundation\\helpers.php(871): Illuminate\\Routing\\UrlGenerator->route('transactions.hi...', Array, true)
#1 E:\\SEMESTER 5\\Pemrograman Framework\\BELAJAR\\Inventory_system\\storage\\framework\\views\\15a9e15fefbfa55ab6240e2f0ed1e353.php(91): route('transactions.hi...')
#2 E:\\SEMESTER 5\\Pemrograman Framework\\BELAJAR\\Inventory_system\\vendor\\laravel\\framework\\src\\Illuminate\\Filesystem\\Filesystem.php(123): require('E:\\\\SEMESTER 5\\\\P...')
#3 E:\\SEMESTER 5\\Pemrograman Framework\\BELAJAR\\Inventory_system\\vendor\\laravel\\framework\\src\\Illuminate\\Filesystem\\Filesystem.php(124): Illuminate\\Filesystem\\Filesystem::Illuminate\\Filesystem\\{closure}()
#4 E:\\SEMESTER 5\\Pemrograman Framework\\BELAJAR\\Inventory_system\\vendor\\laravel\\framework\\src\\Illuminate\\View\\Engines\\PhpEngine.php(57): Illuminate\\Filesystem\\Filesystem->getRequire('E:\\\\SEMESTER 5\\\\P...', Array)
#5 E:\\SEMESTER 5\\Pemrograman Framework\\BELAJAR\\Inventory_system\\vendor\\laravel\\framework\\src\\Illuminate\\View\\Engines\\CompilerEngine.php(76): Illuminate\\View\\Engines\\PhpEngine->evaluatePath('E:\\\\SEMESTER 5\\\\P...', Array)
#6 E:\\SEMESTER 5\\Pemrograman Framework\\BELAJAR\\Inventory_system\\vendor\\laravel\\framework\\src\\Illuminate\\View\\View.php(208): Illuminate\\View\\Engines\\CompilerEngine->get('E:\\\\SEMESTER 5\\\\P...', Array)
#7 E:\\SEMESTER 5\\Pemrograman Framework\\BELAJAR\\Inventory_system\\vendor\\laravel\\framework\\src\\Illuminate\\View\\View.php(191): Illuminate\\View\\View->getContents()
#8 E:\\SEMESTER 5\\Pemrograman Framework\\BELAJAR\\Inventory_system\\vendor\\laravel\\framework\\src\\Illuminate\\View\\View.php(160): Illuminate\\View\\View->renderContents()
#9 E:\\SEMESTER 5\\Pemrograman Framework\\BELAJAR\\Inventory_system\\storage\\framework\\views\\bf3cd0f124c6d8e0025d621cdfb55a26.php(38): Illuminate\\View\\View->render()
#10 E:\\SEMESTER 5\\Pemrograman Framework\\BELAJAR\\Inventory_system\\vendor\\laravel\\framework\\src\\Illuminate\\Filesystem\\Filesystem.php(123): require('E:\\\\SEMESTER 5\\\\P...')
#11 E:\\SEMESTER 5\\Pemrograman Framework\\BELAJAR\\Inventory_system\\vendor\\laravel\\framework\\src\\Illuminate\\Filesystem\\Filesystem.php(124): Illuminate\\Filesystem\\Filesystem::Illuminate\\Filesystem\\{closure}()
#12 E:\\SEMESTER 5\\Pemrograman Framework\\BELAJAR\\Inventory_system\\vendor\\laravel\\framework\\src\\Illuminate\\View\\Engines\\PhpEngine.php(57): Illuminate\\Filesystem\\Filesystem->getRequire('E:\\\\SEMESTER 5\\\\P...', Array)
#13 E:\\SEMESTER 5\\Pemrograman Framework\\BELAJAR\\Inventory_system\\vendor\\laravel\\framework\\src\\Illuminate\\View\\Engines\\CompilerEngine.php(76): Illuminate\\View\\Engines\\PhpEngine->evaluatePath('E:\\\\SEMESTER 5\\\\P...', Array)
#14 E:\\SEMESTER 5\\Pemrograman Framework\\BELAJAR\\Inventory_system\\vendor\\laravel\\framework\\src\\Illuminate\\View\\View.php(208): Illuminate\\View\\Engines\\CompilerEngine->get('E:\\\\SEMESTER 5\\\\P...', Array)
#15 E:\\SEMESTER 5\\Pemrograman Framework\\BELAJAR\\Inventory_system\\vendor\\laravel\\framework\\src\\Illuminate\\View\\View.php(191): Illuminate\\View\\View->getContents()
#16 E:\\SEMESTER 5\\Pemrograman Framework\\BELAJAR\\Inventory_system\\vendor\\laravel\\framework\\src\\Illuminate\\View\\View.php(160): Illuminate\\View\\View->renderContents()
#17 E:\\SEMESTER 5\\Pemrograman Framework\\BELAJAR\\Inventory_system\\vendor\\laravel\\framework\\src\\Illuminate\\View\\Concerns\\ManagesComponents.php(99): Illuminate\\View\\View->render()
#18 E:\\SEMESTER 5\\Pemrograman Framework\\BELAJAR\\Inventory_system\\storage\\framework\\views\\0226a6adee4fb1b45d7edd65ffb74958.php(147): Illuminate\\View\\Factory->renderComponent()
#19 E:\\SEMESTER 5\\Pemrograman Framework\\BELAJAR\\Inventory_system\\vendor\\laravel\\framework\\src\\Illuminate\\Filesystem\\Filesystem.php(123): require('E:\\\\SEMESTER 5\\\\P...')
#20 E:\\SEMESTER 5\\Pemrograman Framework\\BELAJAR\\Inventory_system\\vendor\\laravel\\framework\\src\\Illuminate\\Filesystem\\Filesystem.php(124): Illuminate\\Filesystem\\Filesystem::Illuminate\\Filesystem\\{closure}()
#21 E:\\SEMESTER 5\\Pemrograman Framework\\BELAJAR\\Inventory_system\\vendor\\laravel\\framework\\src\\Illuminate\\View\\Engines\\PhpEngine.php(57): Illuminate\\Filesystem\\Filesystem->getRequire('E:\\\\SEMESTER 5\\\\P...', Array)
#22 E:\\SEMESTER 5\\Pemrograman Framework\\BELAJAR\\Inventory_system\\vendor\\laravel\\framework\\src\\Illuminate\\View\\Engines\\CompilerEngine.php(76): Illuminate\\View\\Engines\\PhpEngine->evaluatePath('E:\\\\SEMESTER 5\\\\P...', Array)
#23 E:\\SEMESTER 5\\Pemrograman Framework\\BELAJAR\\Inventory_system\\vendor\\laravel\\framework\\src\\Illuminate\\View\\View.php(208): Illuminate\\View\\Engines\\CompilerEngine->get('E:\\\\SEMESTER 5\\\\P...', Array)
#24 E:\\SEMESTER 5\\Pemrograman Framework\\BELAJAR\\Inventory_system\\vendor\\laravel\\framework\\src\\Illuminate\\View\\View.php(191): Illuminate\\View\\View->getContents()
#25 E:\\SEMESTER 5\\Pemrograman Framework\\BELAJAR\\Inventory_system\\vendor\\laravel\\framework\\src\\Illuminate\\View\\View.php(160): Illuminate\\View\\View->renderContents()
#26 E:\\SEMESTER 5\\Pemrograman Framework\\BELAJAR\\Inventory_system\\vendor\\laravel\\framework\\src\\Illuminate\\Http\\Response.php(78): Illuminate\\View\\View->render()
#27 E:\\SEMESTER 5\\Pemrograman Framework\\BELAJAR\\Inventory_system\\vendor\\laravel\\framework\\src\\Illuminate\\Http\\Response.php(34): Illuminate\\Http\\Response->setContent(Object(Illuminate\\View\\View))
#28 E:\\SEMESTER 5\\Pemrograman Framework\\BELAJAR\\Inventory_system\\vendor\\laravel\\framework\\src\\Illuminate\\Routing\\Router.php(939): Illuminate\\Http\\Response->__construct(Object(Illuminate\\View\\View), 200, Array)
#29 E:\\SEMESTER 5\\Pemrograman Framework\\BELAJAR\\Inventory_system\\vendor\\laravel\\framework\\src\\Illuminate\\Routing\\Router.php(906): Illuminate\\Routing\\Router::toResponse(Object(Illuminate\\Http\\Request), Object(Illuminate\\View\\View))
#30 E:\\SEMESTER 5\\Pemrograman Framework\\BELAJAR\\Inventory_system\\vendor\\laravel\\framework\\src\\Illuminate\\Routing\\Router.php(821): Illuminate\\Routing\\Router->prepareResponse(Object(Illuminate\\Http\\Request), Object(Illuminate\\View\\View))
#31 E:\\SEMESTER 5\\Pemrograman Framework\\BELAJAR\\Inventory_system\\vendor\\laravel\\framework\\src\\Illuminate\\Pipeline\\Pipeline.php(180): Illuminate\\Routing\\Router->Illuminate\\Routing\\{closure}(Object(Illuminate\\Http\\Request))
#32 E:\\SEMESTER 5\\Pemrograman Framework\\BELAJAR\\Inventory_system\\app\\Http\\Middleware\\RoleMiddleware.php(24): Illuminate\\Pipeline\\Pipeline->Illuminate\\Pipeline\\{closure}(Object(Illuminate\\Http\\Request))
#33 E:\\SEMESTER 5\\Pemrograman Framework\\BELAJAR\\Inventory_system\\vendor\\laravel\\framework\\src\\Illuminate\\Pipeline\\Pipeline.php(219): App\\Http\\Middleware\\RoleMiddleware->handle(Object(Illuminate\\Http\\Request), Object(Closure), 'gudang|kasir')
#34 E:\\SEMESTER 5\\Pemrograman Framework\\BELAJAR\\Inventory_system\\vendor\\laravel\\framework\\src\\Illuminate\\Routing\\Middleware\\SubstituteBindings.php(50): Illuminate\\Pipeline\\Pipeline->Illuminate\\Pipeline\\{closure}(Object(Illuminate\\Http\\Request))
#35 E:\\SEMESTER 5\\Pemrograman Framework\\BELAJAR\\Inventory_system\\vendor\\laravel\\framework\\src\\Illuminate\\Pipeline\\Pipeline.php(219): Illuminate\\Routing\\Middleware\\SubstituteBindings->handle(Object(Illuminate\\Http\\Request), Object(Closure))
#36 E:\\SEMESTER 5\\Pemrograman Framework\\BELAJAR\\Inventory_system\\vendor\\laravel\\framework\\src\\Illuminate\\Auth\\Middleware\\Authenticate.php(63): Illuminate\\Pipeline\\Pipeline->Illuminate\\Pipeline\\{closure}(Object(Illuminate\\Http\\Request))
#37 E:\\SEMESTER 5\\Pemrograman Framework\\BELAJAR\\Inventory_system\\vendor\\laravel\\framework\\src\\Illuminate\\Pipeline\\Pipeline.php(219): Illuminate\\Auth\\Middleware\\Authenticate->handle(Object(Illuminate\\Http\\Request), Object(Closure))
#38 E:\\SEMESTER 5\\Pemrograman Framework\\BELAJAR\\Inventory_system\\vendor\\laravel\\framework\\src\\Illuminate\\Foundation\\Http\\Middleware\\VerifyCsrfToken.php(87): Illuminate\\Pipeline\\Pipeline->Illuminate\\Pipeline\\{closure}(Object(Illuminate\\Http\\Request))
#39 E:\\SEMESTER 5\\Pemrograman Framework\\BELAJAR\\Inventory_system\\vendor\\laravel\\framework\\src\\Illuminate\\Pipeline\\Pipeline.php(219): Illuminate\\Foundation\\Http\\Middleware\\VerifyCsrfToken->handle(Object(Illuminate\\Http\\Request), Object(Closure))
#40 E:\\SEMESTER 5\\Pemrograman Framework\\BELAJAR\\Inventory_system\\vendor\\laravel\\framework\\src\\Illuminate\\View\\Middleware\\ShareErrorsFromSession.php(48): Illuminate\\Pipeline\\Pipeline->Illuminate\\Pipeline\\{closure}(Object(Illuminate\\Http\\Request))
#41 E:\\SEMESTER 5\\Pemrograman Framework\\BELAJAR\\Inventory_system\\vendor\\laravel\\framework\\src\\Illuminate\\Pipeline\\Pipeline.php(219): Illuminate\\View\\Middleware\\ShareErrorsFromSession->handle(Object(Illuminate\\Http\\Request), Object(Closure))
#42 E:\\SEMESTER 5\\Pemrograman Framework\\BELAJAR\\Inventory_system\\vendor\\laravel\\framework\\src\\Illuminate\\Session\\Middleware\\StartSession.php(120): Illuminate\\Pipeline\\Pipeline->Illuminate\\Pipeline\\{closure}(Object(Illuminate\\Http\\Request))
#43 E:\\SEMESTER 5\\Pemrograman Framework\\BELAJAR\\Inventory_system\\vendor\\laravel\\framework\\src\\Illuminate\\Session\\Middleware\\StartSession.php(63): Illuminate\\Session\\Middleware\\StartSession->handleStatefulRequest(Object(Illuminate\\Http\\Request), Object(Illuminate\\Session\\Store), Object(Closure))
#44 E:\\SEMESTER 5\\Pemrograman Framework\\BELAJAR\\Inventory_system\\vendor\\laravel\\framework\\src\\Illuminate\\Pipeline\\Pipeline.php(219): Illuminate\\Session\\Middleware\\StartSession->handle(Object(Illuminate\\Http\\Request), Object(Closure))
#45 E:\\SEMESTER 5\\Pemrograman Framework\\BELAJAR\\Inventory_system\\vendor\\laravel\\framework\\src\\Illuminate\\Cookie\\Middleware\\AddQueuedCookiesToResponse.php(36): Illuminate\\Pipeline\\Pipeline->Illuminate\\Pipeline\\{closure}(Object(Illuminate\\Http\\Request))
#46 E:\\SEMESTER 5\\Pemrograman Framework\\BELAJAR\\Inventory_system\\vendor\\laravel\\framework\\src\\Illuminate\\Pipeline\\Pipeline.php(219): Illuminate\\Cookie\\Middleware\\AddQueuedCookiesToResponse->handle(Object(Illuminate\\Http\\Request), Object(Closure))
#47 E:\\SEMESTER 5\\Pemrograman Framework\\BELAJAR\\Inventory_system\\vendor\\laravel\\framework\\src\\Illuminate\\Cookie\\Middleware\\EncryptCookies.php(74): Illuminate\\Pipeline\\Pipeline->Illuminate\\Pipeline\\{closure}(Object(Illuminate\\Http\\Request))
#48 E:\\SEMESTER 5\\Pemrograman Framework\\BELAJAR\\Inventory_system\\vendor\\laravel\\framework\\src\\Illuminate\\Pipeline\\Pipeline.php(219): Illuminate\\Cookie\\Middleware\\EncryptCookies->handle(Object(Illuminate\\Http\\Request), Object(Closure))
#49 E:\\SEMESTER 5\\Pemrograman Framework\\BELAJAR\\Inventory_system\\vendor\\laravel\\framework\\src\\Illuminate\\Pipeline\\Pipeline.php(137): Illuminate\\Pipeline\\Pipeline->Illuminate\\Pipeline\\{closure}(Object(Illuminate\\Http\\Request))
#50 E:\\SEMESTER 5\\Pemrograman Framework\\BELAJAR\\Inventory_system\\vendor\\laravel\\framework\\src\\Illuminate\\Routing\\Router.php(821): Illuminate\\Pipeline\\Pipeline->then(Object(Closure))
#51 E:\\SEMESTER 5\\Pemrograman Framework\\BELAJAR\\Inventory_system\\vendor\\laravel\\framework\\src\\Illuminate\\Routing\\Router.php(800): Illuminate\\Routing\\Router->runRouteWithinStack(Object(Illuminate\\Routing\\Route), Object(Illuminate\\Http\\Request))
#52 E:\\SEMESTER 5\\Pemrograman Framework\\BELAJAR\\Inventory_system\\vendor\\laravel\\framework\\src\\Illuminate\\Routing\\Router.php(764): Illuminate\\Routing\\Router->runRoute(Object(Illuminate\\Http\\Request), Object(Illuminate\\Routing\\Route))
#53 E:\\SEMESTER 5\\Pemrograman Framework\\BELAJAR\\Inventory_system\\vendor\\laravel\\framework\\src\\Illuminate\\Routing\\Router.php(753): Illuminate\\Routing\\Router->dispatchToRoute(Object(Illuminate\\Http\\Request))
#54 E:\\SEMESTER 5\\Pemrograman Framework\\BELAJAR\\Inventory_system\\vendor\\laravel\\framework\\src\\Illuminate\\Foundation\\Http\\Kernel.php(200): Illuminate\\Routing\\Router->dispatch(Object(Illuminate\\Http\\Request))
#55 E:\\SEMESTER 5\\Pemrograman Framework\\BELAJAR\\Inventory_system\\vendor\\laravel\\framework\\src\\Illuminate\\Pipeline\\Pipeline.php(180): Illuminate\\Foundation\\Http\\Kernel->Illuminate\\Foundation\\Http\\{closure}(Object(Illuminate\\Http\\Request))
#56 E:\\SEMESTER 5\\Pemrograman Framework\\BELAJAR\\Inventory_system\\vendor\\laravel\\framework\\src\\Illuminate\\Foundation\\Http\\Middleware\\TransformsRequest.php(21): Illuminate\\Pipeline\\Pipeline->Illuminate\\Pipeline\\{closure}(Object(Illuminate\\Http\\Request))
#57 E:\\SEMESTER 5\\Pemrograman Framework\\BELAJAR\\Inventory_system\\vendor\\laravel\\framework\\src\\Illuminate\\Foundation\\Http\\Middleware\\ConvertEmptyStringsToNull.php(31): Illuminate\\Foundation\\Http\\Middleware\\TransformsRequest->handle(Object(Illuminate\\Http\\Request), Object(Closure))
#58 E:\\SEMESTER 5\\Pemrograman Framework\\BELAJAR\\Inventory_system\\vendor\\laravel\\framework\\src\\Illuminate\\Pipeline\\Pipeline.php(219): Illuminate\\Foundation\\Http\\Middleware\\ConvertEmptyStringsToNull->handle(Object(Illuminate\\Http\\Request), Object(Closure))
#59 E:\\SEMESTER 5\\Pemrograman Framework\\BELAJAR\\Inventory_system\\vendor\\laravel\\framework\\src\\Illuminate\\Foundation\\Http\\Middleware\\TransformsRequest.php(21): Illuminate\\Pipeline\\Pipeline->Illuminate\\Pipeline\\{closure}(Object(Illuminate\\Http\\Request))
#60 E:\\SEMESTER 5\\Pemrograman Framework\\BELAJAR\\Inventory_system\\vendor\\laravel\\framework\\src\\Illuminate\\Foundation\\Http\\Middleware\\TrimStrings.php(51): Illuminate\\Foundation\\Http\\Middleware\\TransformsRequest->handle(Object(Illuminate\\Http\\Request), Object(Closure))
#61 E:\\SEMESTER 5\\Pemrograman Framework\\BELAJAR\\Inventory_system\\vendor\\laravel\\framework\\src\\Illuminate\\Pipeline\\Pipeline.php(219): Illuminate\\Foundation\\Http\\Middleware\\TrimStrings->handle(Object(Illuminate\\Http\\Request), Object(Closure))
#62 E:\\SEMESTER 5\\Pemrograman Framework\\BELAJAR\\Inventory_system\\vendor\\laravel\\framework\\src\\Illuminate\\Http\\Middleware\\ValidatePostSize.php(27): Illuminate\\Pipeline\\Pipeline->Illuminate\\Pipeline\\{closure}(Object(Illuminate\\Http\\Request))
#63 E:\\SEMESTER 5\\Pemrograman Framework\\BELAJAR\\Inventory_system\\vendor\\laravel\\framework\\src\\Illuminate\\Pipeline\\Pipeline.php(219): Illuminate\\Http\\Middleware\\ValidatePostSize->handle(Object(Illuminate\\Http\\Request), Object(Closure))
#64 E:\\SEMESTER 5\\Pemrograman Framework\\BELAJAR\\Inventory_system\\vendor\\laravel\\framework\\src\\Illuminate\\Foundation\\Http\\Middleware\\PreventRequestsDuringMaintenance.php(109): Illuminate\\Pipeline\\Pipeline->Illuminate\\Pipeline\\{closure}(Object(Illuminate\\Http\\Request))
#65 E:\\SEMESTER 5\\Pemrograman Framework\\BELAJAR\\Inventory_system\\vendor\\laravel\\framework\\src\\Illuminate\\Pipeline\\Pipeline.php(219): Illuminate\\Foundation\\Http\\Middleware\\PreventRequestsDuringMaintenance->handle(Object(Illuminate\\Http\\Request), Object(Closure))
#66 E:\\SEMESTER 5\\Pemrograman Framework\\BELAJAR\\Inventory_system\\vendor\\laravel\\framework\\src\\Illuminate\\Http\\Middleware\\HandleCors.php(48): Illuminate\\Pipeline\\Pipeline->Illuminate\\Pipeline\\{closure}(Object(Illuminate\\Http\\Request))
#67 E:\\SEMESTER 5\\Pemrograman Framework\\BELAJAR\\Inventory_system\\vendor\\laravel\\framework\\src\\Illuminate\\Pipeline\\Pipeline.php(219): Illuminate\\Http\\Middleware\\HandleCors->handle(Object(Illuminate\\Http\\Request), Object(Closure))
#68 E:\\SEMESTER 5\\Pemrograman Framework\\BELAJAR\\Inventory_system\\vendor\\laravel\\framework\\src\\Illuminate\\Http\\Middleware\\TrustProxies.php(58): Illuminate\\Pipeline\\Pipeline->Illuminate\\Pipeline\\{closure}(Object(Illuminate\\Http\\Request))
#69 E:\\SEMESTER 5\\Pemrograman Framework\\BELAJAR\\Inventory_system\\vendor\\laravel\\framework\\src\\Illuminate\\Pipeline\\Pipeline.php(219): Illuminate\\Http\\Middleware\\TrustProxies->handle(Object(Illuminate\\Http\\Request), Object(Closure))
#70 E:\\SEMESTER 5\\Pemrograman Framework\\BELAJAR\\Inventory_system\\vendor\\laravel\\framework\\src\\Illuminate\\Foundation\\Http\\Middleware\\InvokeDeferredCallbacks.php(22): Illuminate\\Pipeline\\Pipeline->Illuminate\\Pipeline\\{closure}(Object(Illuminate\\Http\\Request))
#71 E:\\SEMESTER 5\\Pemrograman Framework\\BELAJAR\\Inventory_system\\vendor\\laravel\\framework\\src\\Illuminate\\Pipeline\\Pipeline.php(219): Illuminate\\Foundation\\Http\\Middleware\\InvokeDeferredCallbacks->handle(Object(Illuminate\\Http\\Request), Object(Closure))
#72 E:\\SEMESTER 5\\Pemrograman Framework\\BELAJAR\\Inventory_system\\vendor\\laravel\\framework\\src\\Illuminate\\Http\\Middleware\\ValidatePathEncoding.php(26): Illuminate\\Pipeline\\Pipeline->Illuminate\\Pipeline\\{closure}(Object(Illuminate\\Http\\Request))
#73 E:\\SEMESTER 5\\Pemrograman Framework\\BELAJAR\\Inventory_system\\vendor\\laravel\\framework\\src\\Illuminate\\Pipeline\\Pipeline.php(219): Illuminate\\Http\\Middleware\\ValidatePathEncoding->handle(Object(Illuminate\\Http\\Request), Object(Closure))
#74 E:\\SEMESTER 5\\Pemrograman Framework\\BELAJAR\\Inventory_system\\vendor\\laravel\\framework\\src\\Illuminate\\Pipeline\\Pipeline.php(137): Illuminate\\Pipeline\\Pipeline->Illuminate\\Pipeline\\{closure}(Object(Illuminate\\Http\\Request))
#75 E:\\SEMESTER 5\\Pemrograman Framework\\BELAJAR\\Inventory_system\\vendor\\laravel\\framework\\src\\Illuminate\\Foundation\\Http\\Kernel.php(175): Illuminate\\Pipeline\\Pipeline->then(Object(Closure))
#76 E:\\SEMESTER 5\\Pemrograman Framework\\BELAJAR\\Inventory_system\\vendor\\laravel\\framework\\src\\Illuminate\\Foundation\\Http\\Kernel.php(144): Illuminate\\Foundation\\Http\\Kernel->sendRequestThroughRouter(Object(Illuminate\\Http\\Request))
#77 E:\\SEMESTER 5\\Pemrograman Framework\\BELAJAR\\Inventory_system\\vendor\\laravel\\framework\\src\\Illuminate\\Foundation\\Application.php(1220): Illuminate\\Foundation\\Http\\Kernel->handle(Object(Illuminate\\Http\\Request))
#78 E:\\SEMESTER 5\\Pemrograman Framework\\BELAJAR\\Inventory_system\\public\\index.php(20): Illuminate\\Foundation\\Application->handleRequest(Object(Illuminate\\Http\\Request))
#79 E:\\SEMESTER 5\\Pemrograman Framework\\BELAJAR\\Inventory_system\\vendor\\laravel\\framework\\src\\Illuminate\\Foundation\\resources\\server.php(23): require_once('E:\\\\SEMESTER 5\\\\P...')
#80 {main}
"} 
[2025-11-25 17:34:46] local.ERROR: Call to undefined method App\Http\Controllers\TransactionController::create() {"userId":2,"exception":"[object] (Error(code: 0): Call to undefined method App\\Http\\Controllers\\TransactionController::create() at E:\\SEMESTER 5\\Pemrograman Framework\\BELAJAR\\Inventory_system\\vendor\\laravel\\framework\\src\\Illuminate\\Routing\\ControllerDispatcher.php:46)
[stacktrace]
#0 E:\\SEMESTER 5\\Pemrograman Framework\\BELAJAR\\Inventory_system\\vendor\\laravel\\framework\\src\\Illuminate\\Routing\\Route.php(265): Illuminate\\Routing\\ControllerDispatcher->dispatch(Object(Illuminate\\Routing\\Route), Object(App\\Http\\Controllers\\TransactionController), 'create')
#1 E:\\SEMESTER 5\\Pemrograman Framework\\BELAJAR\\Inventory_system\\vendor\\laravel\\framework\\src\\Illuminate\\Routing\\Route.php(211): Illuminate\\Routing\\Route->runController()
#2 E:\\SEMESTER 5\\Pemrograman Framework\\BELAJAR\\Inventory_system\\vendor\\laravel\\framework\\src\\Illuminate\\Routing\\Router.php(822): Illuminate\\Routing\\Route->run()
#3 E:\\SEMESTER 5\\Pemrograman Framework\\BELAJAR\\Inventory_system\\vendor\\laravel\\framework\\src\\Illuminate\\Pipeline\\Pipeline.php(180): Illuminate\\Routing\\Router->Illuminate\\Routing\\{closure}(Object(Illuminate\\Http\\Request))
#4 E:\\SEMESTER 5\\Pemrograman Framework\\BELAJAR\\Inventory_system\\app\\Http\\Middleware\\RoleMiddleware.php(24): Illuminate\\Pipeline\\Pipeline->Illuminate\\Pipeline\\{closure}(Object(Illuminate\\Http\\Request))
#5 E:\\SEMESTER 5\\Pemrograman Framework\\BELAJAR\\Inventory_system\\vendor\\laravel\\framework\\src\\Illuminate\\Pipeline\\Pipeline.php(219): App\\Http\\Middleware\\RoleMiddleware->handle(Object(Illuminate\\Http\\Request), Object(Closure), 'gudang|kasir')
#6 E:\\SEMESTER 5\\Pemrograman Framework\\BELAJAR\\Inventory_system\\vendor\\laravel\\framework\\src\\Illuminate\\Routing\\Middleware\\SubstituteBindings.php(50): Illuminate\\Pipeline\\Pipeline->Illuminate\\Pipeline\\{closure}(Object(Illuminate\\Http\\Request))
#7 E:\\SEMESTER 5\\Pemrograman Framework\\BELAJAR\\Inventory_system\\vendor\\laravel\\framework\\src\\Illuminate\\Pipeline\\Pipeline.php(219): Illuminate\\Routing\\Middleware\\SubstituteBindings->handle(Object(Illuminate\\Http\\Request), Object(Closure))
#8 E:\\SEMESTER 5\\Pemrograman Framework\\BELAJAR\\Inventory_system\\vendor\\laravel\\framework\\src\\Illuminate\\Auth\\Middleware\\Authenticate.php(63): Illuminate\\Pipeline\\Pipeline->Illuminate\\Pipeline\\{closure}(Object(Illuminate\\Http\\Request))
#9 E:\\SEMESTER 5\\Pemrograman Framework\\BELAJAR\\Inventory_system\\vendor\\laravel\\framework\\src\\Illuminate\\Pipeline\\Pipeline.php(219): Illuminate\\Auth\\Middleware\\Authenticate->handle(Object(Illuminate\\Http\\Request), Object(Closure))
#10 E:\\SEMESTER 5\\Pemrograman Framework\\BELAJAR\\Inventory_system\\vendor\\laravel\\framework\\src\\Illuminate\\Foundation\\Http\\Middleware\\VerifyCsrfToken.php(87): Illuminate\\Pipeline\\Pipeline->Illuminate\\Pipeline\\{closure}(Object(Illuminate\\Http\\Request))
#11 E:\\SEMESTER 5\\Pemrograman Framework\\BELAJAR\\Inventory_system\\vendor\\laravel\\framework\\src\\Illuminate\\Pipeline\\Pipeline.php(219): Illuminate\\Foundation\\Http\\Middleware\\VerifyCsrfToken->handle(Object(Illuminate\\Http\\Request), Object(Closure))
#12 E:\\SEMESTER 5\\Pemrograman Framework\\BELAJAR\\Inventory_system\\vendor\\laravel\\framework\\src\\Illuminate\\View\\Middleware\\ShareErrorsFromSession.php(48): Illuminate\\Pipeline\\Pipeline->Illuminate\\Pipeline\\{closure}(Object(Illuminate\\Http\\Request))
#13 E:\\SEMESTER 5\\Pemrograman Framework\\BELAJAR\\Inventory_system\\vendor\\laravel\\framework\\src\\Illuminate\\Pipeline\\Pipeline.php(219): Illuminate\\View\\Middleware\\ShareErrorsFromSession->handle(Object(Illuminate\\Http\\Request), Object(Closure))
#14 E:\\SEMESTER 5\\Pemrograman Framework\\BELAJAR\\Inventory_system\\vendor\\laravel\\framework\\src\\Illuminate\\Session\\Middleware\\StartSession.php(120): Illuminate\\Pipeline\\Pipeline->Illuminate\\Pipeline\\{closure}(Object(Illuminate\\Http\\Request))
#15 E:\\SEMESTER 5\\Pemrograman Framework\\BELAJAR\\Inventory_system\\vendor\\laravel\\framework\\src\\Illuminate\\Session\\Middleware\\StartSession.php(63): Illuminate\\Session\\Middleware\\StartSession->handleStatefulRequest(Object(Illuminate\\Http\\Request), Object(Illuminate\\Session\\Store), Object(Closure))
#16 E:\\SEMESTER 5\\Pemrograman Framework\\BELAJAR\\Inventory_system\\vendor\\laravel\\framework\\src\\Illuminate\\Pipeline\\Pipeline.php(219): Illuminate\\Session\\Middleware\\StartSession->handle(Object(Illuminate\\Http\\Request), Object(Closure))
#17 E:\\SEMESTER 5\\Pemrograman Framework\\BELAJAR\\Inventory_system\\vendor\\laravel\\framework\\src\\Illuminate\\Cookie\\Middleware\\AddQueuedCookiesToResponse.php(36): Illuminate\\Pipeline\\Pipeline->Illuminate\\Pipeline\\{closure}(Object(Illuminate\\Http\\Request))
#18 E:\\SEMESTER 5\\Pemrograman Framework\\BELAJAR\\Inventory_system\\vendor\\laravel\\framework\\src\\Illuminate\\Pipeline\\Pipeline.php(219): Illuminate\\Cookie\\Middleware\\AddQueuedCookiesToResponse->handle(Object(Illuminate\\Http\\Request), Object(Closure))
#19 E:\\SEMESTER 5\\Pemrograman Framework\\BELAJAR\\Inventory_system\\vendor\\laravel\\framework\\src\\Illuminate\\Cookie\\Middleware\\EncryptCookies.php(74): Illuminate\\Pipeline\\Pipeline->Illuminate\\Pipeline\\{closure}(Object(Illuminate\\Http\\Request))
#20 E:\\SEMESTER 5\\Pemrograman Framework\\BELAJAR\\Inventory_system\\vendor\\laravel\\framework\\src\\Illuminate\\Pipeline\\Pipeline.php(219): Illuminate\\Cookie\\Middleware\\EncryptCookies->handle(Object(Illuminate\\Http\\Request), Object(Closure))
#21 E:\\SEMESTER 5\\Pemrograman Framework\\BELAJAR\\Inventory_system\\vendor\\laravel\\framework\\src\\Illuminate\\Pipeline\\Pipeline.php(137): Illuminate\\Pipeline\\Pipeline->Illuminate\\Pipeline\\{closure}(Object(Illuminate\\Http\\Request))
#22 E:\\SEMESTER 5\\Pemrograman Framework\\BELAJAR\\Inventory_system\\vendor\\laravel\\framework\\src\\Illuminate\\Routing\\Router.php(821): Illuminate\\Pipeline\\Pipeline->then(Object(Closure))
#23 E:\\SEMESTER 5\\Pemrograman Framework\\BELAJAR\\Inventory_system\\vendor\\laravel\\framework\\src\\Illuminate\\Routing\\Router.php(800): Illuminate\\Routing\\Router->runRouteWithinStack(Object(Illuminate\\Routing\\Route), Object(Illuminate\\Http\\Request))
#24 E:\\SEMESTER 5\\Pemrograman Framework\\BELAJAR\\Inventory_system\\vendor\\laravel\\framework\\src\\Illuminate\\Routing\\Router.php(764): Illuminate\\Routing\\Router->runRoute(Object(Illuminate\\Http\\Request), Object(Illuminate\\Routing\\Route))
#25 E:\\SEMESTER 5\\Pemrograman Framework\\BELAJAR\\Inventory_system\\vendor\\laravel\\framework\\src\\Illuminate\\Routing\\Router.php(753): Illuminate\\Routing\\Router->dispatchToRoute(Object(Illuminate\\Http\\Request))
#26 E:\\SEMESTER 5\\Pemrograman Framework\\BELAJAR\\Inventory_system\\vendor\\laravel\\framework\\src\\Illuminate\\Foundation\\Http\\Kernel.php(200): Illuminate\\Routing\\Router->dispatch(Object(Illuminate\\Http\\Request))
#27 E:\\SEMESTER 5\\Pemrograman Framework\\BELAJAR\\Inventory_system\\vendor\\laravel\\framework\\src\\Illuminate\\Pipeline\\Pipeline.php(180): Illuminate\\Foundation\\Http\\Kernel->Illuminate\\Foundation\\Http\\{closure}(Object(Illuminate\\Http\\Request))
#28 E:\\SEMESTER 5\\Pemrograman Framework\\BELAJAR\\Inventory_system\\vendor\\laravel\\framework\\src\\Illuminate\\Foundation\\Http\\Middleware\\TransformsRequest.php(21): Illuminate\\Pipeline\\Pipeline->Illuminate\\Pipeline\\{closure}(Object(Illuminate\\Http\\Request))
#29 E:\\SEMESTER 5\\Pemrograman Framework\\BELAJAR\\Inventory_system\\vendor\\laravel\\framework\\src\\Illuminate\\Foundation\\Http\\Middleware\\ConvertEmptyStringsToNull.php(31): Illuminate\\Foundation\\Http\\Middleware\\TransformsRequest->handle(Object(Illuminate\\Http\\Request), Object(Closure))
#30 E:\\SEMESTER 5\\Pemrograman Framework\\BELAJAR\\Inventory_system\\vendor\\laravel\\framework\\src\\Illuminate\\Pipeline\\Pipeline.php(219): Illuminate\\Foundation\\Http\\Middleware\\ConvertEmptyStringsToNull->handle(Object(Illuminate\\Http\\Request), Object(Closure))
#31 E:\\SEMESTER 5\\Pemrograman Framework\\BELAJAR\\Inventory_system\\vendor\\laravel\\framework\\src\\Illuminate\\Foundation\\Http\\Middleware\\TransformsRequest.php(21): Illuminate\\Pipeline\\Pipeline->Illuminate\\Pipeline\\{closure}(Object(Illuminate\\Http\\Request))
#32 E:\\SEMESTER 5\\Pemrograman Framework\\BELAJAR\\Inventory_system\\vendor\\laravel\\framework\\src\\Illuminate\\Foundation\\Http\\Middleware\\TrimStrings.php(51): Illuminate\\Foundation\\Http\\Middleware\\TransformsRequest->handle(Object(Illuminate\\Http\\Request), Object(Closure))
#33 E:\\SEMESTER 5\\Pemrograman Framework\\BELAJAR\\Inventory_system\\vendor\\laravel\\framework\\src\\Illuminate\\Pipeline\\Pipeline.php(219): Illuminate\\Foundation\\Http\\Middleware\\TrimStrings->handle(Object(Illuminate\\Http\\Request), Object(Closure))
#34 E:\\SEMESTER 5\\Pemrograman Framework\\BELAJAR\\Inventory_system\\vendor\\laravel\\framework\\src\\Illuminate\\Http\\Middleware\\ValidatePostSize.php(27): Illuminate\\Pipeline\\Pipeline->Illuminate\\Pipeline\\{closure}(Object(Illuminate\\Http\\Request))
#35 E:\\SEMESTER 5\\Pemrograman Framework\\BELAJAR\\Inventory_system\\vendor\\laravel\\framework\\src\\Illuminate\\Pipeline\\Pipeline.php(219): Illuminate\\Http\\Middleware\\ValidatePostSize->handle(Object(Illuminate\\Http\\Request), Object(Closure))
#36 E:\\SEMESTER 5\\Pemrograman Framework\\BELAJAR\\Inventory_system\\vendor\\laravel\\framework\\src\\Illuminate\\Foundation\\Http\\Middleware\\PreventRequestsDuringMaintenance.php(109): Illuminate\\Pipeline\\Pipeline->Illuminate\\Pipeline\\{closure}(Object(Illuminate\\Http\\Request))
#37 E:\\SEMESTER 5\\Pemrograman Framework\\BELAJAR\\Inventory_system\\vendor\\laravel\\framework\\src\\Illuminate\\Pipeline\\Pipeline.php(219): Illuminate\\Foundation\\Http\\Middleware\\PreventRequestsDuringMaintenance->handle(Object(Illuminate\\Http\\Request), Object(Closure))
#38 E:\\SEMESTER 5\\Pemrograman Framework\\BELAJAR\\Inventory_system\\vendor\\laravel\\framework\\src\\Illuminate\\Http\\Middleware\\HandleCors.php(48): Illuminate\\Pipeline\\Pipeline->Illuminate\\Pipeline\\{closure}(Object(Illuminate\\Http\\Request))
#39 E:\\SEMESTER 5\\Pemrograman Framework\\BELAJAR\\Inventory_system\\vendor\\laravel\\framework\\src\\Illuminate\\Pipeline\\Pipeline.php(219): Illuminate\\Http\\Middleware\\HandleCors->handle(Object(Illuminate\\Http\\Request), Object(Closure))
#40 E:\\SEMESTER 5\\Pemrograman Framework\\BELAJAR\\Inventory_system\\vendor\\laravel\\framework\\src\\Illuminate\\Http\\Middleware\\TrustProxies.php(58): Illuminate\\Pipeline\\Pipeline->Illuminate\\Pipeline\\{closure}(Object(Illuminate\\Http\\Request))
#41 E:\\SEMESTER 5\\Pemrograman Framework\\BELAJAR\\Inventory_system\\vendor\\laravel\\framework\\src\\Illuminate\\Pipeline\\Pipeline.php(219): Illuminate\\Http\\Middleware\\TrustProxies->handle(Object(Illuminate\\Http\\Request), Object(Closure))
#42 E:\\SEMESTER 5\\Pemrograman Framework\\BELAJAR\\Inventory_system\\vendor\\laravel\\framework\\src\\Illuminate\\Foundation\\Http\\Middleware\\InvokeDeferredCallbacks.php(22): Illuminate\\Pipeline\\Pipeline->Illuminate\\Pipeline\\{closure}(Object(Illuminate\\Http\\Request))
#43 E:\\SEMESTER 5\\Pemrograman Framework\\BELAJAR\\Inventory_system\\vendor\\laravel\\framework\\src\\Illuminate\\Pipeline\\Pipeline.php(219): Illuminate\\Foundation\\Http\\Middleware\\InvokeDeferredCallbacks->handle(Object(Illuminate\\Http\\Request), Object(Closure))
#44 E:\\SEMESTER 5\\Pemrograman Framework\\BELAJAR\\Inventory_system\\vendor\\laravel\\framework\\src\\Illuminate\\Http\\Middleware\\ValidatePathEncoding.php(26): Illuminate\\Pipeline\\Pipeline->Illuminate\\Pipeline\\{closure}(Object(Illuminate\\Http\\Request))
#45 E:\\SEMESTER 5\\Pemrograman Framework\\BELAJAR\\Inventory_system\\vendor\\laravel\\framework\\src\\Illuminate\\Pipeline\\Pipeline.php(219): Illuminate\\Http\\Middleware\\ValidatePathEncoding->handle(Object(Illuminate\\Http\\Request), Object(Closure))
#46 E:\\SEMESTER 5\\Pemrograman Framework\\BELAJAR\\Inventory_system\\vendor\\laravel\\framework\\src\\Illuminate\\Pipeline\\Pipeline.php(137): Illuminate\\Pipeline\\Pipeline->Illuminate\\Pipeline\\{closure}(Object(Illuminate\\Http\\Request))
#47 E:\\SEMESTER 5\\Pemrograman Framework\\BELAJAR\\Inventory_system\\vendor\\laravel\\framework\\src\\Illuminate\\Foundation\\Http\\Kernel.php(175): Illuminate\\Pipeline\\Pipeline->then(Object(Closure))
#48 E:\\SEMESTER 5\\Pemrograman Framework\\BELAJAR\\Inventory_system\\vendor\\laravel\\framework\\src\\Illuminate\\Foundation\\Http\\Kernel.php(144): Illuminate\\Foundation\\Http\\Kernel->sendRequestThroughRouter(Object(Illuminate\\Http\\Request))
#49 E:\\SEMESTER 5\\Pemrograman Framework\\BELAJAR\\Inventory_system\\vendor\\laravel\\framework\\src\\Illuminate\\Foundation\\Application.php(1220): Illuminate\\Foundation\\Http\\Kernel->handle(Object(Illuminate\\Http\\Request))
#50 E:\\SEMESTER 5\\Pemrograman Framework\\BELAJAR\\Inventory_system\\public\\index.php(20): Illuminate\\Foundation\\Application->handleRequest(Object(Illuminate\\Http\\Request))
#51 E:\\SEMESTER 5\\Pemrograman Framework\\BELAJAR\\Inventory_system\\vendor\\laravel\\framework\\src\\Illuminate\\Foundation\\resources\\server.php(23): require_once('E:\\\\SEMESTER 5\\\\P...')
#52 {main}
"} 
[2025-11-25 17:34:53] local.ERROR: Call to undefined method App\Http\Controllers\TransactionController::create() {"userId":2,"exception":"[object] (Error(code: 0): Call to undefined method App\\Http\\Controllers\\TransactionController::create() at E:\\SEMESTER 5\\Pemrograman Framework\\BELAJAR\\Inventory_system\\vendor\\laravel\\framework\\src\\Illuminate\\Routing\\ControllerDispatcher.php:46)
[stacktrace]
#0 E:\\SEMESTER 5\\Pemrograman Framework\\BELAJAR\\Inventory_system\\vendor\\laravel\\framework\\src\\Illuminate\\Routing\\Route.php(265): Illuminate\\Routing\\ControllerDispatcher->dispatch(Object(Illuminate\\Routing\\Route), Object(App\\Http\\Controllers\\TransactionController), 'create')
#1 E:\\SEMESTER 5\\Pemrograman Framework\\BELAJAR\\Inventory_system\\vendor\\laravel\\framework\\src\\Illuminate\\Routing\\Route.php(211): Illuminate\\Routing\\Route->runController()
#2 E:\\SEMESTER 5\\Pemrograman Framework\\BELAJAR\\Inventory_system\\vendor\\laravel\\framework\\src\\Illuminate\\Routing\\Router.php(822): Illuminate\\Routing\\Route->run()
#3 E:\\SEMESTER 5\\Pemrograman Framework\\BELAJAR\\Inventory_system\\vendor\\laravel\\framework\\src\\Illuminate\\Pipeline\\Pipeline.php(180): Illuminate\\Routing\\Router->Illuminate\\Routing\\{closure}(Object(Illuminate\\Http\\Request))
#4 E:\\SEMESTER 5\\Pemrograman Framework\\BELAJAR\\Inventory_system\\app\\Http\\Middleware\\RoleMiddleware.php(24): Illuminate\\Pipeline\\Pipeline->Illuminate\\Pipeline\\{closure}(Object(Illuminate\\Http\\Request))
#5 E:\\SEMESTER 5\\Pemrograman Framework\\BELAJAR\\Inventory_system\\vendor\\laravel\\framework\\src\\Illuminate\\Pipeline\\Pipeline.php(219): App\\Http\\Middleware\\RoleMiddleware->handle(Object(Illuminate\\Http\\Request), Object(Closure), 'gudang|kasir')
#6 E:\\SEMESTER 5\\Pemrograman Framework\\BELAJAR\\Inventory_system\\vendor\\laravel\\framework\\src\\Illuminate\\Routing\\Middleware\\SubstituteBindings.php(50): Illuminate\\Pipeline\\Pipeline->Illuminate\\Pipeline\\{closure}(Object(Illuminate\\Http\\Request))
#7 E:\\SEMESTER 5\\Pemrograman Framework\\BELAJAR\\Inventory_system\\vendor\\laravel\\framework\\src\\Illuminate\\Pipeline\\Pipeline.php(219): Illuminate\\Routing\\Middleware\\SubstituteBindings->handle(Object(Illuminate\\Http\\Request), Object(Closure))
#8 E:\\SEMESTER 5\\Pemrograman Framework\\BELAJAR\\Inventory_system\\vendor\\laravel\\framework\\src\\Illuminate\\Auth\\Middleware\\Authenticate.php(63): Illuminate\\Pipeline\\Pipeline->Illuminate\\Pipeline\\{closure}(Object(Illuminate\\Http\\Request))
#9 E:\\SEMESTER 5\\Pemrograman Framework\\BELAJAR\\Inventory_system\\vendor\\laravel\\framework\\src\\Illuminate\\Pipeline\\Pipeline.php(219): Illuminate\\Auth\\Middleware\\Authenticate->handle(Object(Illuminate\\Http\\Request), Object(Closure))
#10 E:\\SEMESTER 5\\Pemrograman Framework\\BELAJAR\\Inventory_system\\vendor\\laravel\\framework\\src\\Illuminate\\Foundation\\Http\\Middleware\\VerifyCsrfToken.php(87): Illuminate\\Pipeline\\Pipeline->Illuminate\\Pipeline\\{closure}(Object(Illuminate\\Http\\Request))
#11 E:\\SEMESTER 5\\Pemrograman Framework\\BELAJAR\\Inventory_system\\vendor\\laravel\\framework\\src\\Illuminate\\Pipeline\\Pipeline.php(219): Illuminate\\Foundation\\Http\\Middleware\\VerifyCsrfToken->handle(Object(Illuminate\\Http\\Request), Object(Closure))
#12 E:\\SEMESTER 5\\Pemrograman Framework\\BELAJAR\\Inventory_system\\vendor\\laravel\\framework\\src\\Illuminate\\View\\Middleware\\ShareErrorsFromSession.php(48): Illuminate\\Pipeline\\Pipeline->Illuminate\\Pipeline\\{closure}(Object(Illuminate\\Http\\Request))
#13 E:\\SEMESTER 5\\Pemrograman Framework\\BELAJAR\\Inventory_system\\vendor\\laravel\\framework\\src\\Illuminate\\Pipeline\\Pipeline.php(219): Illuminate\\View\\Middleware\\ShareErrorsFromSession->handle(Object(Illuminate\\Http\\Request), Object(Closure))
#14 E:\\SEMESTER 5\\Pemrograman Framework\\BELAJAR\\Inventory_system\\vendor\\laravel\\framework\\src\\Illuminate\\Session\\Middleware\\StartSession.php(120): Illuminate\\Pipeline\\Pipeline->Illuminate\\Pipeline\\{closure}(Object(Illuminate\\Http\\Request))
#15 E:\\SEMESTER 5\\Pemrograman Framework\\BELAJAR\\Inventory_system\\vendor\\laravel\\framework\\src\\Illuminate\\Session\\Middleware\\StartSession.php(63): Illuminate\\Session\\Middleware\\StartSession->handleStatefulRequest(Object(Illuminate\\Http\\Request), Object(Illuminate\\Session\\Store), Object(Closure))
#16 E:\\SEMESTER 5\\Pemrograman Framework\\BELAJAR\\Inventory_system\\vendor\\laravel\\framework\\src\\Illuminate\\Pipeline\\Pipeline.php(219): Illuminate\\Session\\Middleware\\StartSession->handle(Object(Illuminate\\Http\\Request), Object(Closure))
#17 E:\\SEMESTER 5\\Pemrograman Framework\\BELAJAR\\Inventory_system\\vendor\\laravel\\framework\\src\\Illuminate\\Cookie\\Middleware\\AddQueuedCookiesToResponse.php(36): Illuminate\\Pipeline\\Pipeline->Illuminate\\Pipeline\\{closure}(Object(Illuminate\\Http\\Request))
#18 E:\\SEMESTER 5\\Pemrograman Framework\\BELAJAR\\Inventory_system\\vendor\\laravel\\framework\\src\\Illuminate\\Pipeline\\Pipeline.php(219): Illuminate\\Cookie\\Middleware\\AddQueuedCookiesToResponse->handle(Object(Illuminate\\Http\\Request), Object(Closure))
#19 E:\\SEMESTER 5\\Pemrograman Framework\\BELAJAR\\Inventory_system\\vendor\\laravel\\framework\\src\\Illuminate\\Cookie\\Middleware\\EncryptCookies.php(74): Illuminate\\Pipeline\\Pipeline->Illuminate\\Pipeline\\{closure}(Object(Illuminate\\Http\\Request))
#20 E:\\SEMESTER 5\\Pemrograman Framework\\BELAJAR\\Inventory_system\\vendor\\laravel\\framework\\src\\Illuminate\\Pipeline\\Pipeline.php(219): Illuminate\\Cookie\\Middleware\\EncryptCookies->handle(Object(Illuminate\\Http\\Request), Object(Closure))
#21 E:\\SEMESTER 5\\Pemrograman Framework\\BELAJAR\\Inventory_system\\vendor\\laravel\\framework\\src\\Illuminate\\Pipeline\\Pipeline.php(137): Illuminate\\Pipeline\\Pipeline->Illuminate\\Pipeline\\{closure}(Object(Illuminate\\Http\\Request))
#22 E:\\SEMESTER 5\\Pemrograman Framework\\BELAJAR\\Inventory_system\\vendor\\laravel\\framework\\src\\Illuminate\\Routing\\Router.php(821): Illuminate\\Pipeline\\Pipeline->then(Object(Closure))
#23 E:\\SEMESTER 5\\Pemrograman Framework\\BELAJAR\\Inventory_system\\vendor\\laravel\\framework\\src\\Illuminate\\Routing\\Router.php(800): Illuminate\\Routing\\Router->runRouteWithinStack(Object(Illuminate\\Routing\\Route), Object(Illuminate\\Http\\Request))
#24 E:\\SEMESTER 5\\Pemrograman Framework\\BELAJAR\\Inventory_system\\vendor\\laravel\\framework\\src\\Illuminate\\Routing\\Router.php(764): Illuminate\\Routing\\Router->runRoute(Object(Illuminate\\Http\\Request), Object(Illuminate\\Routing\\Route))
#25 E:\\SEMESTER 5\\Pemrograman Framework\\BELAJAR\\Inventory_system\\vendor\\laravel\\framework\\src\\Illuminate\\Routing\\Router.php(753): Illuminate\\Routing\\Router->dispatchToRoute(Object(Illuminate\\Http\\Request))
#26 E:\\SEMESTER 5\\Pemrograman Framework\\BELAJAR\\Inventory_system\\vendor\\laravel\\framework\\src\\Illuminate\\Foundation\\Http\\Kernel.php(200): Illuminate\\Routing\\Router->dispatch(Object(Illuminate\\Http\\Request))
#27 E:\\SEMESTER 5\\Pemrograman Framework\\BELAJAR\\Inventory_system\\vendor\\laravel\\framework\\src\\Illuminate\\Pipeline\\Pipeline.php(180): Illuminate\\Foundation\\Http\\Kernel->Illuminate\\Foundation\\Http\\{closure}(Object(Illuminate\\Http\\Request))
#28 E:\\SEMESTER 5\\Pemrograman Framework\\BELAJAR\\Inventory_system\\vendor\\laravel\\framework\\src\\Illuminate\\Foundation\\Http\\Middleware\\TransformsRequest.php(21): Illuminate\\Pipeline\\Pipeline->Illuminate\\Pipeline\\{closure}(Object(Illuminate\\Http\\Request))
#29 E:\\SEMESTER 5\\Pemrograman Framework\\BELAJAR\\Inventory_system\\vendor\\laravel\\framework\\src\\Illuminate\\Foundation\\Http\\Middleware\\ConvertEmptyStringsToNull.php(31): Illuminate\\Foundation\\Http\\Middleware\\TransformsRequest->handle(Object(Illuminate\\Http\\Request), Object(Closure))
#30 E:\\SEMESTER 5\\Pemrograman Framework\\BELAJAR\\Inventory_system\\vendor\\laravel\\framework\\src\\Illuminate\\Pipeline\\Pipeline.php(219): Illuminate\\Foundation\\Http\\Middleware\\ConvertEmptyStringsToNull->handle(Object(Illuminate\\Http\\Request), Object(Closure))
#31 E:\\SEMESTER 5\\Pemrograman Framework\\BELAJAR\\Inventory_system\\vendor\\laravel\\framework\\src\\Illuminate\\Foundation\\Http\\Middleware\\TransformsRequest.php(21): Illuminate\\Pipeline\\Pipeline->Illuminate\\Pipeline\\{closure}(Object(Illuminate\\Http\\Request))
#32 E:\\SEMESTER 5\\Pemrograman Framework\\BELAJAR\\Inventory_system\\vendor\\laravel\\framework\\src\\Illuminate\\Foundation\\Http\\Middleware\\TrimStrings.php(51): Illuminate\\Foundation\\Http\\Middleware\\TransformsRequest->handle(Object(Illuminate\\Http\\Request), Object(Closure))
#33 E:\\SEMESTER 5\\Pemrograman Framework\\BELAJAR\\Inventory_system\\vendor\\laravel\\framework\\src\\Illuminate\\Pipeline\\Pipeline.php(219): Illuminate\\Foundation\\Http\\Middleware\\TrimStrings->handle(Object(Illuminate\\Http\\Request), Object(Closure))
#34 E:\\SEMESTER 5\\Pemrograman Framework\\BELAJAR\\Inventory_system\\vendor\\laravel\\framework\\src\\Illuminate\\Http\\Middleware\\ValidatePostSize.php(27): Illuminate\\Pipeline\\Pipeline->Illuminate\\Pipeline\\{closure}(Object(Illuminate\\Http\\Request))
#35 E:\\SEMESTER 5\\Pemrograman Framework\\BELAJAR\\Inventory_system\\vendor\\laravel\\framework\\src\\Illuminate\\Pipeline\\Pipeline.php(219): Illuminate\\Http\\Middleware\\ValidatePostSize->handle(Object(Illuminate\\Http\\Request), Object(Closure))
#36 E:\\SEMESTER 5\\Pemrograman Framework\\BELAJAR\\Inventory_system\\vendor\\laravel\\framework\\src\\Illuminate\\Foundation\\Http\\Middleware\\PreventRequestsDuringMaintenance.php(109): Illuminate\\Pipeline\\Pipeline->Illuminate\\Pipeline\\{closure}(Object(Illuminate\\Http\\Request))
#37 E:\\SEMESTER 5\\Pemrograman Framework\\BELAJAR\\Inventory_system\\vendor\\laravel\\framework\\src\\Illuminate\\Pipeline\\Pipeline.php(219): Illuminate\\Foundation\\Http\\Middleware\\PreventRequestsDuringMaintenance->handle(Object(Illuminate\\Http\\Request), Object(Closure))
#38 E:\\SEMESTER 5\\Pemrograman Framework\\BELAJAR\\Inventory_system\\vendor\\laravel\\framework\\src\\Illuminate\\Http\\Middleware\\HandleCors.php(48): Illuminate\\Pipeline\\Pipeline->Illuminate\\Pipeline\\{closure}(Object(Illuminate\\Http\\Request))
#39 E:\\SEMESTER 5\\Pemrograman Framework\\BELAJAR\\Inventory_system\\vendor\\laravel\\framework\\src\\Illuminate\\Pipeline\\Pipeline.php(219): Illuminate\\Http\\Middleware\\HandleCors->handle(Object(Illuminate\\Http\\Request), Object(Closure))
#40 E:\\SEMESTER 5\\Pemrograman Framework\\BELAJAR\\Inventory_system\\vendor\\laravel\\framework\\src\\Illuminate\\Http\\Middleware\\TrustProxies.php(58): Illuminate\\Pipeline\\Pipeline->Illuminate\\Pipeline\\{closure}(Object(Illuminate\\Http\\Request))
#41 E:\\SEMESTER 5\\Pemrograman Framework\\BELAJAR\\Inventory_system\\vendor\\laravel\\framework\\src\\Illuminate\\Pipeline\\Pipeline.php(219): Illuminate\\Http\\Middleware\\TrustProxies->handle(Object(Illuminate\\Http\\Request), Object(Closure))
#42 E:\\SEMESTER 5\\Pemrograman Framework\\BELAJAR\\Inventory_system\\vendor\\laravel\\framework\\src\\Illuminate\\Foundation\\Http\\Middleware\\InvokeDeferredCallbacks.php(22): Illuminate\\Pipeline\\Pipeline->Illuminate\\Pipeline\\{closure}(Object(Illuminate\\Http\\Request))
#43 E:\\SEMESTER 5\\Pemrograman Framework\\BELAJAR\\Inventory_system\\vendor\\laravel\\framework\\src\\Illuminate\\Pipeline\\Pipeline.php(219): Illuminate\\Foundation\\Http\\Middleware\\InvokeDeferredCallbacks->handle(Object(Illuminate\\Http\\Request), Object(Closure))
#44 E:\\SEMESTER 5\\Pemrograman Framework\\BELAJAR\\Inventory_system\\vendor\\laravel\\framework\\src\\Illuminate\\Http\\Middleware\\ValidatePathEncoding.php(26): Illuminate\\Pipeline\\Pipeline->Illuminate\\Pipeline\\{closure}(Object(Illuminate\\Http\\Request))
#45 E:\\SEMESTER 5\\Pemrograman Framework\\BELAJAR\\Inventory_system\\vendor\\laravel\\framework\\src\\Illuminate\\Pipeline\\Pipeline.php(219): Illuminate\\Http\\Middleware\\ValidatePathEncoding->handle(Object(Illuminate\\Http\\Request), Object(Closure))
#46 E:\\SEMESTER 5\\Pemrograman Framework\\BELAJAR\\Inventory_system\\vendor\\laravel\\framework\\src\\Illuminate\\Pipeline\\Pipeline.php(137): Illuminate\\Pipeline\\Pipeline->Illuminate\\Pipeline\\{closure}(Object(Illuminate\\Http\\Request))
#47 E:\\SEMESTER 5\\Pemrograman Framework\\BELAJAR\\Inventory_system\\vendor\\laravel\\framework\\src\\Illuminate\\Foundation\\Http\\Kernel.php(175): Illuminate\\Pipeline\\Pipeline->then(Object(Closure))
#48 E:\\SEMESTER 5\\Pemrograman Framework\\BELAJAR\\Inventory_system\\vendor\\laravel\\framework\\src\\Illuminate\\Foundation\\Http\\Kernel.php(144): Illuminate\\Foundation\\Http\\Kernel->sendRequestThroughRouter(Object(Illuminate\\Http\\Request))
#49 E:\\SEMESTER 5\\Pemrograman Framework\\BELAJAR\\Inventory_system\\vendor\\laravel\\framework\\src\\Illuminate\\Foundation\\Application.php(1220): Illuminate\\Foundation\\Http\\Kernel->handle(Object(Illuminate\\Http\\Request))
#50 E:\\SEMESTER 5\\Pemrograman Framework\\BELAJAR\\Inventory_system\\public\\index.php(20): Illuminate\\Foundation\\Application->handleRequest(Object(Illuminate\\Http\\Request))
#51 E:\\SEMESTER 5\\Pemrograman Framework\\BELAJAR\\Inventory_system\\vendor\\laravel\\framework\\src\\Illuminate\\Foundation\\resources\\server.php(23): require_once('E:\\\\SEMESTER 5\\\\P...')
#52 {main}
"} 
[2025-11-25 17:38:13] local.ERROR: Route [transactions.create] not defined. (View: E:\SEMESTER 5\Pemrograman Framework\BELAJAR\Inventory_system\resources\views\transactions\history.blade.php) {"userId":2,"exception":"[object] (Illuminate\\View\\ViewException(code: 0): Route [transactions.create] not defined. (View: E:\\SEMESTER 5\\Pemrograman Framework\\BELAJAR\\Inventory_system\\resources\\views\\transactions\\history.blade.php) at E:\\SEMESTER 5\\Pemrograman Framework\\BELAJAR\\Inventory_system\\vendor\\laravel\\framework\\src\\Illuminate\\Routing\\UrlGenerator.php:526)
[stacktrace]
#0 E:\\SEMESTER 5\\Pemrograman Framework\\BELAJAR\\Inventory_system\\vendor\\laravel\\framework\\src\\Illuminate\\View\\Engines\\PhpEngine.php(59): Illuminate\\View\\Engines\\CompilerEngine->handleViewException(Object(Symfony\\Component\\Routing\\Exception\\RouteNotFoundException), 1)
#1 E:\\SEMESTER 5\\Pemrograman Framework\\BELAJAR\\Inventory_system\\vendor\\laravel\\framework\\src\\Illuminate\\View\\Engines\\CompilerEngine.php(76): Illuminate\\View\\Engines\\PhpEngine->evaluatePath('E:\\\\SEMESTER 5\\\\P...', Array)
#2 E:\\SEMESTER 5\\Pemrograman Framework\\BELAJAR\\Inventory_system\\vendor\\laravel\\framework\\src\\Illuminate\\View\\View.php(208): Illuminate\\View\\Engines\\CompilerEngine->get('E:\\\\SEMESTER 5\\\\P...', Array)
#3 E:\\SEMESTER 5\\Pemrograman Framework\\BELAJAR\\Inventory_system\\vendor\\laravel\\framework\\src\\Illuminate\\View\\View.php(191): Illuminate\\View\\View->getContents()
#4 E:\\SEMESTER 5\\Pemrograman Framework\\BELAJAR\\Inventory_system\\vendor\\laravel\\framework\\src\\Illuminate\\View\\View.php(160): Illuminate\\View\\View->renderContents()
#5 E:\\SEMESTER 5\\Pemrograman Framework\\BELAJAR\\Inventory_system\\vendor\\laravel\\framework\\src\\Illuminate\\Http\\Response.php(78): Illuminate\\View\\View->render()
#6 E:\\SEMESTER 5\\Pemrograman Framework\\BELAJAR\\Inventory_system\\vendor\\laravel\\framework\\src\\Illuminate\\Http\\Response.php(34): Illuminate\\Http\\Response->setContent(Object(Illuminate\\View\\View))
#7 E:\\SEMESTER 5\\Pemrograman Framework\\BELAJAR\\Inventory_system\\vendor\\laravel\\framework\\src\\Illuminate\\Routing\\Router.php(939): Illuminate\\Http\\Response->__construct(Object(Illuminate\\View\\View), 200, Array)
#8 E:\\SEMESTER 5\\Pemrograman Framework\\BELAJAR\\Inventory_system\\vendor\\laravel\\framework\\src\\Illuminate\\Routing\\Router.php(906): Illuminate\\Routing\\Router::toResponse(Object(Illuminate\\Http\\Request), Object(Illuminate\\View\\View))
#9 E:\\SEMESTER 5\\Pemrograman Framework\\BELAJAR\\Inventory_system\\vendor\\laravel\\framework\\src\\Illuminate\\Routing\\Router.php(821): Illuminate\\Routing\\Router->prepareResponse(Object(Illuminate\\Http\\Request), Object(Illuminate\\View\\View))
#10 E:\\SEMESTER 5\\Pemrograman Framework\\BELAJAR\\Inventory_system\\vendor\\laravel\\framework\\src\\Illuminate\\Pipeline\\Pipeline.php(180): Illuminate\\Routing\\Router->Illuminate\\Routing\\{closure}(Object(Illuminate\\Http\\Request))
#11 E:\\SEMESTER 5\\Pemrograman Framework\\BELAJAR\\Inventory_system\\app\\Http\\Middleware\\RoleMiddleware.php(24): Illuminate\\Pipeline\\Pipeline->Illuminate\\Pipeline\\{closure}(Object(Illuminate\\Http\\Request))
#12 E:\\SEMESTER 5\\Pemrograman Framework\\BELAJAR\\Inventory_system\\vendor\\laravel\\framework\\src\\Illuminate\\Pipeline\\Pipeline.php(219): App\\Http\\Middleware\\RoleMiddleware->handle(Object(Illuminate\\Http\\Request), Object(Closure), 'gudang|kasir')
#13 E:\\SEMESTER 5\\Pemrograman Framework\\BELAJAR\\Inventory_system\\vendor\\laravel\\framework\\src\\Illuminate\\Routing\\Middleware\\SubstituteBindings.php(50): Illuminate\\Pipeline\\Pipeline->Illuminate\\Pipeline\\{closure}(Object(Illuminate\\Http\\Request))
#14 E:\\SEMESTER 5\\Pemrograman Framework\\BELAJAR\\Inventory_system\\vendor\\laravel\\framework\\src\\Illuminate\\Pipeline\\Pipeline.php(219): Illuminate\\Routing\\Middleware\\SubstituteBindings->handle(Object(Illuminate\\Http\\Request), Object(Closure))
#15 E:\\SEMESTER 5\\Pemrograman Framework\\BELAJAR\\Inventory_system\\vendor\\laravel\\framework\\src\\Illuminate\\Auth\\Middleware\\Authenticate.php(63): Illuminate\\Pipeline\\Pipeline->Illuminate\\Pipeline\\{closure}(Object(Illuminate\\Http\\Request))
#16 E:\\SEMESTER 5\\Pemrograman Framework\\BELAJAR\\Inventory_system\\vendor\\laravel\\framework\\src\\Illuminate\\Pipeline\\Pipeline.php(219): Illuminate\\Auth\\Middleware\\Authenticate->handle(Object(Illuminate\\Http\\Request), Object(Closure))
#17 E:\\SEMESTER 5\\Pemrograman Framework\\BELAJAR\\Inventory_system\\vendor\\laravel\\framework\\src\\Illuminate\\Foundation\\Http\\Middleware\\VerifyCsrfToken.php(87): Illuminate\\Pipeline\\Pipeline->Illuminate\\Pipeline\\{closure}(Object(Illuminate\\Http\\Request))
#18 E:\\SEMESTER 5\\Pemrograman Framework\\BELAJAR\\Inventory_system\\vendor\\laravel\\framework\\src\\Illuminate\\Pipeline\\Pipeline.php(219): Illuminate\\Foundation\\Http\\Middleware\\VerifyCsrfToken->handle(Object(Illuminate\\Http\\Request), Object(Closure))
#19 E:\\SEMESTER 5\\Pemrograman Framework\\BELAJAR\\Inventory_system\\vendor\\laravel\\framework\\src\\Illuminate\\View\\Middleware\\ShareErrorsFromSession.php(48): Illuminate\\Pipeline\\Pipeline->Illuminate\\Pipeline\\{closure}(Object(Illuminate\\Http\\Request))
#20 E:\\SEMESTER 5\\Pemrograman Framework\\BELAJAR\\Inventory_system\\vendor\\laravel\\framework\\src\\Illuminate\\Pipeline\\Pipeline.php(219): Illuminate\\View\\Middleware\\ShareErrorsFromSession->handle(Object(Illuminate\\Http\\Request), Object(Closure))
#21 E:\\SEMESTER 5\\Pemrograman Framework\\BELAJAR\\Inventory_system\\vendor\\laravel\\framework\\src\\Illuminate\\Session\\Middleware\\StartSession.php(120): Illuminate\\Pipeline\\Pipeline->Illuminate\\Pipeline\\{closure}(Object(Illuminate\\Http\\Request))
#22 E:\\SEMESTER 5\\Pemrograman Framework\\BELAJAR\\Inventory_system\\vendor\\laravel\\framework\\src\\Illuminate\\Session\\Middleware\\StartSession.php(63): Illuminate\\Session\\Middleware\\StartSession->handleStatefulRequest(Object(Illuminate\\Http\\Request), Object(Illuminate\\Session\\Store), Object(Closure))
#23 E:\\SEMESTER 5\\Pemrograman Framework\\BELAJAR\\Inventory_system\\vendor\\laravel\\framework\\src\\Illuminate\\Pipeline\\Pipeline.php(219): Illuminate\\Session\\Middleware\\StartSession->handle(Object(Illuminate\\Http\\Request), Object(Closure))
#24 E:\\SEMESTER 5\\Pemrograman Framework\\BELAJAR\\Inventory_system\\vendor\\laravel\\framework\\src\\Illuminate\\Cookie\\Middleware\\AddQueuedCookiesToResponse.php(36): Illuminate\\Pipeline\\Pipeline->Illuminate\\Pipeline\\{closure}(Object(Illuminate\\Http\\Request))
#25 E:\\SEMESTER 5\\Pemrograman Framework\\BELAJAR\\Inventory_system\\vendor\\laravel\\framework\\src\\Illuminate\\Pipeline\\Pipeline.php(219): Illuminate\\Cookie\\Middleware\\AddQueuedCookiesToResponse->handle(Object(Illuminate\\Http\\Request), Object(Closure))
#26 E:\\SEMESTER 5\\Pemrograman Framework\\BELAJAR\\Inventory_system\\vendor\\laravel\\framework\\src\\Illuminate\\Cookie\\Middleware\\EncryptCookies.php(74): Illuminate\\Pipeline\\Pipeline->Illuminate\\Pipeline\\{closure}(Object(Illuminate\\Http\\Request))
#27 E:\\SEMESTER 5\\Pemrograman Framework\\BELAJAR\\Inventory_system\\vendor\\laravel\\framework\\src\\Illuminate\\Pipeline\\Pipeline.php(219): Illuminate\\Cookie\\Middleware\\EncryptCookies->handle(Object(Illuminate\\Http\\Request), Object(Closure))
#28 E:\\SEMESTER 5\\Pemrograman Framework\\BELAJAR\\Inventory_system\\vendor\\laravel\\framework\\src\\Illuminate\\Pipeline\\Pipeline.php(137): Illuminate\\Pipeline\\Pipeline->Illuminate\\Pipeline\\{closure}(Object(Illuminate\\Http\\Request))
#29 E:\\SEMESTER 5\\Pemrograman Framework\\BELAJAR\\Inventory_system\\vendor\\laravel\\framework\\src\\Illuminate\\Routing\\Router.php(821): Illuminate\\Pipeline\\Pipeline->then(Object(Closure))
#30 E:\\SEMESTER 5\\Pemrograman Framework\\BELAJAR\\Inventory_system\\vendor\\laravel\\framework\\src\\Illuminate\\Routing\\Router.php(800): Illuminate\\Routing\\Router->runRouteWithinStack(Object(Illuminate\\Routing\\Route), Object(Illuminate\\Http\\Request))
#31 E:\\SEMESTER 5\\Pemrograman Framework\\BELAJAR\\Inventory_system\\vendor\\laravel\\framework\\src\\Illuminate\\Routing\\Router.php(764): Illuminate\\Routing\\Router->runRoute(Object(Illuminate\\Http\\Request), Object(Illuminate\\Routing\\Route))
#32 E:\\SEMESTER 5\\Pemrograman Framework\\BELAJAR\\Inventory_system\\vendor\\laravel\\framework\\src\\Illuminate\\Routing\\Router.php(753): Illuminate\\Routing\\Router->dispatchToRoute(Object(Illuminate\\Http\\Request))
#33 E:\\SEMESTER 5\\Pemrograman Framework\\BELAJAR\\Inventory_system\\vendor\\laravel\\framework\\src\\Illuminate\\Foundation\\Http\\Kernel.php(200): Illuminate\\Routing\\Router->dispatch(Object(Illuminate\\Http\\Request))
#34 E:\\SEMESTER 5\\Pemrograman Framework\\BELAJAR\\Inventory_system\\vendor\\laravel\\framework\\src\\Illuminate\\Pipeline\\Pipeline.php(180): Illuminate\\Foundation\\Http\\Kernel->Illuminate\\Foundation\\Http\\{closure}(Object(Illuminate\\Http\\Request))
#35 E:\\SEMESTER 5\\Pemrograman Framework\\BELAJAR\\Inventory_system\\vendor\\laravel\\framework\\src\\Illuminate\\Foundation\\Http\\Middleware\\TransformsRequest.php(21): Illuminate\\Pipeline\\Pipeline->Illuminate\\Pipeline\\{closure}(Object(Illuminate\\Http\\Request))
#36 E:\\SEMESTER 5\\Pemrograman Framework\\BELAJAR\\Inventory_system\\vendor\\laravel\\framework\\src\\Illuminate\\Foundation\\Http\\Middleware\\ConvertEmptyStringsToNull.php(31): Illuminate\\Foundation\\Http\\Middleware\\TransformsRequest->handle(Object(Illuminate\\Http\\Request), Object(Closure))
#37 E:\\SEMESTER 5\\Pemrograman Framework\\BELAJAR\\Inventory_system\\vendor\\laravel\\framework\\src\\Illuminate\\Pipeline\\Pipeline.php(219): Illuminate\\Foundation\\Http\\Middleware\\ConvertEmptyStringsToNull->handle(Object(Illuminate\\Http\\Request), Object(Closure))
#38 E:\\SEMESTER 5\\Pemrograman Framework\\BELAJAR\\Inventory_system\\vendor\\laravel\\framework\\src\\Illuminate\\Foundation\\Http\\Middleware\\TransformsRequest.php(21): Illuminate\\Pipeline\\Pipeline->Illuminate\\Pipeline\\{closure}(Object(Illuminate\\Http\\Request))
#39 E:\\SEMESTER 5\\Pemrograman Framework\\BELAJAR\\Inventory_system\\vendor\\laravel\\framework\\src\\Illuminate\\Foundation\\Http\\Middleware\\TrimStrings.php(51): Illuminate\\Foundation\\Http\\Middleware\\TransformsRequest->handle(Object(Illuminate\\Http\\Request), Object(Closure))
#40 E:\\SEMESTER 5\\Pemrograman Framework\\BELAJAR\\Inventory_system\\vendor\\laravel\\framework\\src\\Illuminate\\Pipeline\\Pipeline.php(219): Illuminate\\Foundation\\Http\\Middleware\\TrimStrings->handle(Object(Illuminate\\Http\\Request), Object(Closure))
#41 E:\\SEMESTER 5\\Pemrograman Framework\\BELAJAR\\Inventory_system\\vendor\\laravel\\framework\\src\\Illuminate\\Http\\Middleware\\ValidatePostSize.php(27): Illuminate\\Pipeline\\Pipeline->Illuminate\\Pipeline\\{closure}(Object(Illuminate\\Http\\Request))
#42 E:\\SEMESTER 5\\Pemrograman Framework\\BELAJAR\\Inventory_system\\vendor\\laravel\\framework\\src\\Illuminate\\Pipeline\\Pipeline.php(219): Illuminate\\Http\\Middleware\\ValidatePostSize->handle(Object(Illuminate\\Http\\Request), Object(Closure))
#43 E:\\SEMESTER 5\\Pemrograman Framework\\BELAJAR\\Inventory_system\\vendor\\laravel\\framework\\src\\Illuminate\\Foundation\\Http\\Middleware\\PreventRequestsDuringMaintenance.php(109): Illuminate\\Pipeline\\Pipeline->Illuminate\\Pipeline\\{closure}(Object(Illuminate\\Http\\Request))
#44 E:\\SEMESTER 5\\Pemrograman Framework\\BELAJAR\\Inventory_system\\vendor\\laravel\\framework\\src\\Illuminate\\Pipeline\\Pipeline.php(219): Illuminate\\Foundation\\Http\\Middleware\\PreventRequestsDuringMaintenance->handle(Object(Illuminate\\Http\\Request), Object(Closure))
#45 E:\\SEMESTER 5\\Pemrograman Framework\\BELAJAR\\Inventory_system\\vendor\\laravel\\framework\\src\\Illuminate\\Http\\Middleware\\HandleCors.php(48): Illuminate\\Pipeline\\Pipeline->Illuminate\\Pipeline\\{closure}(Object(Illuminate\\Http\\Request))
#46 E:\\SEMESTER 5\\Pemrograman Framework\\BELAJAR\\Inventory_system\\vendor\\laravel\\framework\\src\\Illuminate\\Pipeline\\Pipeline.php(219): Illuminate\\Http\\Middleware\\HandleCors->handle(Object(Illuminate\\Http\\Request), Object(Closure))
#47 E:\\SEMESTER 5\\Pemrograman Framework\\BELAJAR\\Inventory_system\\vendor\\laravel\\framework\\src\\Illuminate\\Http\\Middleware\\TrustProxies.php(58): Illuminate\\Pipeline\\Pipeline->Illuminate\\Pipeline\\{closure}(Object(Illuminate\\Http\\Request))
#48 E:\\SEMESTER 5\\Pemrograman Framework\\BELAJAR\\Inventory_system\\vendor\\laravel\\framework\\src\\Illuminate\\Pipeline\\Pipeline.php(219): Illuminate\\Http\\Middleware\\TrustProxies->handle(Object(Illuminate\\Http\\Request), Object(Closure))
#49 E:\\SEMESTER 5\\Pemrograman Framework\\BELAJAR\\Inventory_system\\vendor\\laravel\\framework\\src\\Illuminate\\Foundation\\Http\\Middleware\\InvokeDeferredCallbacks.php(22): Illuminate\\Pipeline\\Pipeline->Illuminate\\Pipeline\\{closure}(Object(Illuminate\\Http\\Request))
#50 E:\\SEMESTER 5\\Pemrograman Framework\\BELAJAR\\Inventory_system\\vendor\\laravel\\framework\\src\\Illuminate\\Pipeline\\Pipeline.php(219): Illuminate\\Foundation\\Http\\Middleware\\InvokeDeferredCallbacks->handle(Object(Illuminate\\Http\\Request), Object(Closure))
#51 E:\\SEMESTER 5\\Pemrograman Framework\\BELAJAR\\Inventory_system\\vendor\\laravel\\framework\\src\\Illuminate\\Http\\Middleware\\ValidatePathEncoding.php(26): Illuminate\\Pipeline\\Pipeline->Illuminate\\Pipeline\\{closure}(Object(Illuminate\\Http\\Request))
#52 E:\\SEMESTER 5\\Pemrograman Framework\\BELAJAR\\Inventory_system\\vendor\\laravel\\framework\\src\\Illuminate\\Pipeline\\Pipeline.php(219): Illuminate\\Http\\Middleware\\ValidatePathEncoding->handle(Object(Illuminate\\Http\\Request), Object(Closure))
#53 E:\\SEMESTER 5\\Pemrograman Framework\\BELAJAR\\Inventory_system\\vendor\\laravel\\framework\\src\\Illuminate\\Pipeline\\Pipeline.php(137): Illuminate\\Pipeline\\Pipeline->Illuminate\\Pipeline\\{closure}(Object(Illuminate\\Http\\Request))
#54 E:\\SEMESTER 5\\Pemrograman Framework\\BELAJAR\\Inventory_system\\vendor\\laravel\\framework\\src\\Illuminate\\Foundation\\Http\\Kernel.php(175): Illuminate\\Pipeline\\Pipeline->then(Object(Closure))
#55 E:\\SEMESTER 5\\Pemrograman Framework\\BELAJAR\\Inventory_system\\vendor\\laravel\\framework\\src\\Illuminate\\Foundation\\Http\\Kernel.php(144): Illuminate\\Foundation\\Http\\Kernel->sendRequestThroughRouter(Object(Illuminate\\Http\\Request))
#56 E:\\SEMESTER 5\\Pemrograman Framework\\BELAJAR\\Inventory_system\\vendor\\laravel\\framework\\src\\Illuminate\\Foundation\\Application.php(1220): Illuminate\\Foundation\\Http\\Kernel->handle(Object(Illuminate\\Http\\Request))
#57 E:\\SEMESTER 5\\Pemrograman Framework\\BELAJAR\\Inventory_system\\public\\index.php(20): Illuminate\\Foundation\\Application->handleRequest(Object(Illuminate\\Http\\Request))
#58 E:\\SEMESTER 5\\Pemrograman Framework\\BELAJAR\\Inventory_system\\vendor\\laravel\\framework\\src\\Illuminate\\Foundation\\resources\\server.php(23): require_once('E:\\\\SEMESTER 5\\\\P...')
#59 {main}

[previous exception] [object] (Symfony\\Component\\Routing\\Exception\\RouteNotFoundException(code: 0): Route [transactions.create] not defined. at E:\\SEMESTER 5\\Pemrograman Framework\\BELAJAR\\Inventory_system\\vendor\\laravel\\framework\\src\\Illuminate\\Routing\\UrlGenerator.php:526)
[stacktrace]
#0 E:\\SEMESTER 5\\Pemrograman Framework\\BELAJAR\\Inventory_system\\vendor\\laravel\\framework\\src\\Illuminate\\Foundation\\helpers.php(871): Illuminate\\Routing\\UrlGenerator->route('transactions.cr...', Array, true)
#1 E:\\SEMESTER 5\\Pemrograman Framework\\BELAJAR\\Inventory_system\\storage\\framework\\views\\2ec7892fbb164f8b13ff05de501e96a8.php(23): route('transactions.cr...')
#2 E:\\SEMESTER 5\\Pemrograman Framework\\BELAJAR\\Inventory_system\\vendor\\laravel\\framework\\src\\Illuminate\\Filesystem\\Filesystem.php(123): require('E:\\\\SEMESTER 5\\\\P...')
#3 E:\\SEMESTER 5\\Pemrograman Framework\\BELAJAR\\Inventory_system\\vendor\\laravel\\framework\\src\\Illuminate\\Filesystem\\Filesystem.php(124): Illuminate\\Filesystem\\Filesystem::Illuminate\\Filesystem\\{closure}()
#4 E:\\SEMESTER 5\\Pemrograman Framework\\BELAJAR\\Inventory_system\\vendor\\laravel\\framework\\src\\Illuminate\\View\\Engines\\PhpEngine.php(57): Illuminate\\Filesystem\\Filesystem->getRequire('E:\\\\SEMESTER 5\\\\P...', Array)
#5 E:\\SEMESTER 5\\Pemrograman Framework\\BELAJAR\\Inventory_system\\vendor\\laravel\\framework\\src\\Illuminate\\View\\Engines\\CompilerEngine.php(76): Illuminate\\View\\Engines\\PhpEngine->evaluatePath('E:\\\\SEMESTER 5\\\\P...', Array)
#6 E:\\SEMESTER 5\\Pemrograman Framework\\BELAJAR\\Inventory_system\\vendor\\laravel\\framework\\src\\Illuminate\\View\\View.php(208): Illuminate\\View\\Engines\\CompilerEngine->get('E:\\\\SEMESTER 5\\\\P...', Array)
#7 E:\\SEMESTER 5\\Pemrograman Framework\\BELAJAR\\Inventory_system\\vendor\\laravel\\framework\\src\\Illuminate\\View\\View.php(191): Illuminate\\View\\View->getContents()
#8 E:\\SEMESTER 5\\Pemrograman Framework\\BELAJAR\\Inventory_system\\vendor\\laravel\\framework\\src\\Illuminate\\View\\View.php(160): Illuminate\\View\\View->renderContents()
#9 E:\\SEMESTER 5\\Pemrograman Framework\\BELAJAR\\Inventory_system\\vendor\\laravel\\framework\\src\\Illuminate\\Http\\Response.php(78): Illuminate\\View\\View->render()
#10 E:\\SEMESTER 5\\Pemrograman Framework\\BELAJAR\\Inventory_system\\vendor\\laravel\\framework\\src\\Illuminate\\Http\\Response.php(34): Illuminate\\Http\\Response->setContent(Object(Illuminate\\View\\View))
#11 E:\\SEMESTER 5\\Pemrograman Framework\\BELAJAR\\Inventory_system\\vendor\\laravel\\framework\\src\\Illuminate\\Routing\\Router.php(939): Illuminate\\Http\\Response->__construct(Object(Illuminate\\View\\View), 200, Array)
#12 E:\\SEMESTER 5\\Pemrograman Framework\\BELAJAR\\Inventory_system\\vendor\\laravel\\framework\\src\\Illuminate\\Routing\\Router.php(906): Illuminate\\Routing\\Router::toResponse(Object(Illuminate\\Http\\Request), Object(Illuminate\\View\\View))
#13 E:\\SEMESTER 5\\Pemrograman Framework\\BELAJAR\\Inventory_system\\vendor\\laravel\\framework\\src\\Illuminate\\Routing\\Router.php(821): Illuminate\\Routing\\Router->prepareResponse(Object(Illuminate\\Http\\Request), Object(Illuminate\\View\\View))
#14 E:\\SEMESTER 5\\Pemrograman Framework\\BELAJAR\\Inventory_system\\vendor\\laravel\\framework\\src\\Illuminate\\Pipeline\\Pipeline.php(180): Illuminate\\Routing\\Router->Illuminate\\Routing\\{closure}(Object(Illuminate\\Http\\Request))
#15 E:\\SEMESTER 5\\Pemrograman Framework\\BELAJAR\\Inventory_system\\app\\Http\\Middleware\\RoleMiddleware.php(24): Illuminate\\Pipeline\\Pipeline->Illuminate\\Pipeline\\{closure}(Object(Illuminate\\Http\\Request))
#16 E:\\SEMESTER 5\\Pemrograman Framework\\BELAJAR\\Inventory_system\\vendor\\laravel\\framework\\src\\Illuminate\\Pipeline\\Pipeline.php(219): App\\Http\\Middleware\\RoleMiddleware->handle(Object(Illuminate\\Http\\Request), Object(Closure), 'gudang|kasir')
#17 E:\\SEMESTER 5\\Pemrograman Framework\\BELAJAR\\Inventory_system\\vendor\\laravel\\framework\\src\\Illuminate\\Routing\\Middleware\\SubstituteBindings.php(50): Illuminate\\Pipeline\\Pipeline->Illuminate\\Pipeline\\{closure}(Object(Illuminate\\Http\\Request))
#18 E:\\SEMESTER 5\\Pemrograman Framework\\BELAJAR\\Inventory_system\\vendor\\laravel\\framework\\src\\Illuminate\\Pipeline\\Pipeline.php(219): Illuminate\\Routing\\Middleware\\SubstituteBindings->handle(Object(Illuminate\\Http\\Request), Object(Closure))
#19 E:\\SEMESTER 5\\Pemrograman Framework\\BELAJAR\\Inventory_system\\vendor\\laravel\\framework\\src\\Illuminate\\Auth\\Middleware\\Authenticate.php(63): Illuminate\\Pipeline\\Pipeline->Illuminate\\Pipeline\\{closure}(Object(Illuminate\\Http\\Request))
#20 E:\\SEMESTER 5\\Pemrograman Framework\\BELAJAR\\Inventory_system\\vendor\\laravel\\framework\\src\\Illuminate\\Pipeline\\Pipeline.php(219): Illuminate\\Auth\\Middleware\\Authenticate->handle(Object(Illuminate\\Http\\Request), Object(Closure))
#21 E:\\SEMESTER 5\\Pemrograman Framework\\BELAJAR\\Inventory_system\\vendor\\laravel\\framework\\src\\Illuminate\\Foundation\\Http\\Middleware\\VerifyCsrfToken.php(87): Illuminate\\Pipeline\\Pipeline->Illuminate\\Pipeline\\{closure}(Object(Illuminate\\Http\\Request))
#22 E:\\SEMESTER 5\\Pemrograman Framework\\BELAJAR\\Inventory_system\\vendor\\laravel\\framework\\src\\Illuminate\\Pipeline\\Pipeline.php(219): Illuminate\\Foundation\\Http\\Middleware\\VerifyCsrfToken->handle(Object(Illuminate\\Http\\Request), Object(Closure))
#23 E:\\SEMESTER 5\\Pemrograman Framework\\BELAJAR\\Inventory_system\\vendor\\laravel\\framework\\src\\Illuminate\\View\\Middleware\\ShareErrorsFromSession.php(48): Illuminate\\Pipeline\\Pipeline->Illuminate\\Pipeline\\{closure}(Object(Illuminate\\Http\\Request))
#24 E:\\SEMESTER 5\\Pemrograman Framework\\BELAJAR\\Inventory_system\\vendor\\laravel\\framework\\src\\Illuminate\\Pipeline\\Pipeline.php(219): Illuminate\\View\\Middleware\\ShareErrorsFromSession->handle(Object(Illuminate\\Http\\Request), Object(Closure))
#25 E:\\SEMESTER 5\\Pemrograman Framework\\BELAJAR\\Inventory_system\\vendor\\laravel\\framework\\src\\Illuminate\\Session\\Middleware\\StartSession.php(120): Illuminate\\Pipeline\\Pipeline->Illuminate\\Pipeline\\{closure}(Object(Illuminate\\Http\\Request))
#26 E:\\SEMESTER 5\\Pemrograman Framework\\BELAJAR\\Inventory_system\\vendor\\laravel\\framework\\src\\Illuminate\\Session\\Middleware\\StartSession.php(63): Illuminate\\Session\\Middleware\\StartSession->handleStatefulRequest(Object(Illuminate\\Http\\Request), Object(Illuminate\\Session\\Store), Object(Closure))
#27 E:\\SEMESTER 5\\Pemrograman Framework\\BELAJAR\\Inventory_system\\vendor\\laravel\\framework\\src\\Illuminate\\Pipeline\\Pipeline.php(219): Illuminate\\Session\\Middleware\\StartSession->handle(Object(Illuminate\\Http\\Request), Object(Closure))
#28 E:\\SEMESTER 5\\Pemrograman Framework\\BELAJAR\\Inventory_system\\vendor\\laravel\\framework\\src\\Illuminate\\Cookie\\Middleware\\AddQueuedCookiesToResponse.php(36): Illuminate\\Pipeline\\Pipeline->Illuminate\\Pipeline\\{closure}(Object(Illuminate\\Http\\Request))
#29 E:\\SEMESTER 5\\Pemrograman Framework\\BELAJAR\\Inventory_system\\vendor\\laravel\\framework\\src\\Illuminate\\Pipeline\\Pipeline.php(219): Illuminate\\Cookie\\Middleware\\AddQueuedCookiesToResponse->handle(Object(Illuminate\\Http\\Request), Object(Closure))
#30 E:\\SEMESTER 5\\Pemrograman Framework\\BELAJAR\\Inventory_system\\vendor\\laravel\\framework\\src\\Illuminate\\Cookie\\Middleware\\EncryptCookies.php(74): Illuminate\\Pipeline\\Pipeline->Illuminate\\Pipeline\\{closure}(Object(Illuminate\\Http\\Request))
#31 E:\\SEMESTER 5\\Pemrograman Framework\\BELAJAR\\Inventory_system\\vendor\\laravel\\framework\\src\\Illuminate\\Pipeline\\Pipeline.php(219): Illuminate\\Cookie\\Middleware\\EncryptCookies->handle(Object(Illuminate\\Http\\Request), Object(Closure))
#32 E:\\SEMESTER 5\\Pemrograman Framework\\BELAJAR\\Inventory_system\\vendor\\laravel\\framework\\src\\Illuminate\\Pipeline\\Pipeline.php(137): Illuminate\\Pipeline\\Pipeline->Illuminate\\Pipeline\\{closure}(Object(Illuminate\\Http\\Request))
#33 E:\\SEMESTER 5\\Pemrograman Framework\\BELAJAR\\Inventory_system\\vendor\\laravel\\framework\\src\\Illuminate\\Routing\\Router.php(821): Illuminate\\Pipeline\\Pipeline->then(Object(Closure))
#34 E:\\SEMESTER 5\\Pemrograman Framework\\BELAJAR\\Inventory_system\\vendor\\laravel\\framework\\src\\Illuminate\\Routing\\Router.php(800): Illuminate\\Routing\\Router->runRouteWithinStack(Object(Illuminate\\Routing\\Route), Object(Illuminate\\Http\\Request))
#35 E:\\SEMESTER 5\\Pemrograman Framework\\BELAJAR\\Inventory_system\\vendor\\laravel\\framework\\src\\Illuminate\\Routing\\Router.php(764): Illuminate\\Routing\\Router->runRoute(Object(Illuminate\\Http\\Request), Object(Illuminate\\Routing\\Route))
#36 E:\\SEMESTER 5\\Pemrograman Framework\\BELAJAR\\Inventory_system\\vendor\\laravel\\framework\\src\\Illuminate\\Routing\\Router.php(753): Illuminate\\Routing\\Router->dispatchToRoute(Object(Illuminate\\Http\\Request))
#37 E:\\SEMESTER 5\\Pemrograman Framework\\BELAJAR\\Inventory_system\\vendor\\laravel\\framework\\src\\Illuminate\\Foundation\\Http\\Kernel.php(200): Illuminate\\Routing\\Router->dispatch(Object(Illuminate\\Http\\Request))
#38 E:\\SEMESTER 5\\Pemrograman Framework\\BELAJAR\\Inventory_system\\vendor\\laravel\\framework\\src\\Illuminate\\Pipeline\\Pipeline.php(180): Illuminate\\Foundation\\Http\\Kernel->Illuminate\\Foundation\\Http\\{closure}(Object(Illuminate\\Http\\Request))
#39 E:\\SEMESTER 5\\Pemrograman Framework\\BELAJAR\\Inventory_system\\vendor\\laravel\\framework\\src\\Illuminate\\Foundation\\Http\\Middleware\\TransformsRequest.php(21): Illuminate\\Pipeline\\Pipeline->Illuminate\\Pipeline\\{closure}(Object(Illuminate\\Http\\Request))
#40 E:\\SEMESTER 5\\Pemrograman Framework\\BELAJAR\\Inventory_system\\vendor\\laravel\\framework\\src\\Illuminate\\Foundation\\Http\\Middleware\\ConvertEmptyStringsToNull.php(31): Illuminate\\Foundation\\Http\\Middleware\\TransformsRequest->handle(Object(Illuminate\\Http\\Request), Object(Closure))
#41 E:\\SEMESTER 5\\Pemrograman Framework\\BELAJAR\\Inventory_system\\vendor\\laravel\\framework\\src\\Illuminate\\Pipeline\\Pipeline.php(219): Illuminate\\Foundation\\Http\\Middleware\\ConvertEmptyStringsToNull->handle(Object(Illuminate\\Http\\Request), Object(Closure))
#42 E:\\SEMESTER 5\\Pemrograman Framework\\BELAJAR\\Inventory_system\\vendor\\laravel\\framework\\src\\Illuminate\\Foundation\\Http\\Middleware\\TransformsRequest.php(21): Illuminate\\Pipeline\\Pipeline->Illuminate\\Pipeline\\{closure}(Object(Illuminate\\Http\\Request))
#43 E:\\SEMESTER 5\\Pemrograman Framework\\BELAJAR\\Inventory_system\\vendor\\laravel\\framework\\src\\Illuminate\\Foundation\\Http\\Middleware\\TrimStrings.php(51): Illuminate\\Foundation\\Http\\Middleware\\TransformsRequest->handle(Object(Illuminate\\Http\\Request), Object(Closure))
#44 E:\\SEMESTER 5\\Pemrograman Framework\\BELAJAR\\Inventory_system\\vendor\\laravel\\framework\\src\\Illuminate\\Pipeline\\Pipeline.php(219): Illuminate\\Foundation\\Http\\Middleware\\TrimStrings->handle(Object(Illuminate\\Http\\Request), Object(Closure))
#45 E:\\SEMESTER 5\\Pemrograman Framework\\BELAJAR\\Inventory_system\\vendor\\laravel\\framework\\src\\Illuminate\\Http\\Middleware\\ValidatePostSize.php(27): Illuminate\\Pipeline\\Pipeline->Illuminate\\Pipeline\\{closure}(Object(Illuminate\\Http\\Request))
#46 E:\\SEMESTER 5\\Pemrograman Framework\\BELAJAR\\Inventory_system\\vendor\\laravel\\framework\\src\\Illuminate\\Pipeline\\Pipeline.php(219): Illuminate\\Http\\Middleware\\ValidatePostSize->handle(Object(Illuminate\\Http\\Request), Object(Closure))
#47 E:\\SEMESTER 5\\Pemrograman Framework\\BELAJAR\\Inventory_system\\vendor\\laravel\\framework\\src\\Illuminate\\Foundation\\Http\\Middleware\\PreventRequestsDuringMaintenance.php(109): Illuminate\\Pipeline\\Pipeline->Illuminate\\Pipeline\\{closure}(Object(Illuminate\\Http\\Request))
#48 E:\\SEMESTER 5\\Pemrograman Framework\\BELAJAR\\Inventory_system\\vendor\\laravel\\framework\\src\\Illuminate\\Pipeline\\Pipeline.php(219): Illuminate\\Foundation\\Http\\Middleware\\PreventRequestsDuringMaintenance->handle(Object(Illuminate\\Http\\Request), Object(Closure))
#49 E:\\SEMESTER 5\\Pemrograman Framework\\BELAJAR\\Inventory_system\\vendor\\laravel\\framework\\src\\Illuminate\\Http\\Middleware\\HandleCors.php(48): Illuminate\\Pipeline\\Pipeline->Illuminate\\Pipeline\\{closure}(Object(Illuminate\\Http\\Request))
#50 E:\\SEMESTER 5\\Pemrograman Framework\\BELAJAR\\Inventory_system\\vendor\\laravel\\framework\\src\\Illuminate\\Pipeline\\Pipeline.php(219): Illuminate\\Http\\Middleware\\HandleCors->handle(Object(Illuminate\\Http\\Request), Object(Closure))
#51 E:\\SEMESTER 5\\Pemrograman Framework\\BELAJAR\\Inventory_system\\vendor\\laravel\\framework\\src\\Illuminate\\Http\\Middleware\\TrustProxies.php(58): Illuminate\\Pipeline\\Pipeline->Illuminate\\Pipeline\\{closure}(Object(Illuminate\\Http\\Request))
#52 E:\\SEMESTER 5\\Pemrograman Framework\\BELAJAR\\Inventory_system\\vendor\\laravel\\framework\\src\\Illuminate\\Pipeline\\Pipeline.php(219): Illuminate\\Http\\Middleware\\TrustProxies->handle(Object(Illuminate\\Http\\Request), Object(Closure))
#53 E:\\SEMESTER 5\\Pemrograman Framework\\BELAJAR\\Inventory_system\\vendor\\laravel\\framework\\src\\Illuminate\\Foundation\\Http\\Middleware\\InvokeDeferredCallbacks.php(22): Illuminate\\Pipeline\\Pipeline->Illuminate\\Pipeline\\{closure}(Object(Illuminate\\Http\\Request))
#54 E:\\SEMESTER 5\\Pemrograman Framework\\BELAJAR\\Inventory_system\\vendor\\laravel\\framework\\src\\Illuminate\\Pipeline\\Pipeline.php(219): Illuminate\\Foundation\\Http\\Middleware\\InvokeDeferredCallbacks->handle(Object(Illuminate\\Http\\Request), Object(Closure))
#55 E:\\SEMESTER 5\\Pemrograman Framework\\BELAJAR\\Inventory_system\\vendor\\laravel\\framework\\src\\Illuminate\\Http\\Middleware\\ValidatePathEncoding.php(26): Illuminate\\Pipeline\\Pipeline->Illuminate\\Pipeline\\{closure}(Object(Illuminate\\Http\\Request))
#56 E:\\SEMESTER 5\\Pemrograman Framework\\BELAJAR\\Inventory_system\\vendor\\laravel\\framework\\src\\Illuminate\\Pipeline\\Pipeline.php(219): Illuminate\\Http\\Middleware\\ValidatePathEncoding->handle(Object(Illuminate\\Http\\Request), Object(Closure))
#57 E:\\SEMESTER 5\\Pemrograman Framework\\BELAJAR\\Inventory_system\\vendor\\laravel\\framework\\src\\Illuminate\\Pipeline\\Pipeline.php(137): Illuminate\\Pipeline\\Pipeline->Illuminate\\Pipeline\\{closure}(Object(Illuminate\\Http\\Request))
#58 E:\\SEMESTER 5\\Pemrograman Framework\\BELAJAR\\Inventory_system\\vendor\\laravel\\framework\\src\\Illuminate\\Foundation\\Http\\Kernel.php(175): Illuminate\\Pipeline\\Pipeline->then(Object(Closure))
#59 E:\\SEMESTER 5\\Pemrograman Framework\\BELAJAR\\Inventory_system\\vendor\\laravel\\framework\\src\\Illuminate\\Foundation\\Http\\Kernel.php(144): Illuminate\\Foundation\\Http\\Kernel->sendRequestThroughRouter(Object(Illuminate\\Http\\Request))
#60 E:\\SEMESTER 5\\Pemrograman Framework\\BELAJAR\\Inventory_system\\vendor\\laravel\\framework\\src\\Illuminate\\Foundation\\Application.php(1220): Illuminate\\Foundation\\Http\\Kernel->handle(Object(Illuminate\\Http\\Request))
#61 E:\\SEMESTER 5\\Pemrograman Framework\\BELAJAR\\Inventory_system\\public\\index.php(20): Illuminate\\Foundation\\Application->handleRequest(Object(Illuminate\\Http\\Request))
#62 E:\\SEMESTER 5\\Pemrograman Framework\\BELAJAR\\Inventory_system\\vendor\\laravel\\framework\\src\\Illuminate\\Foundation\\resources\\server.php(23): require_once('E:\\\\SEMESTER 5\\\\P...')
#63 {main}
"} 
[2025-11-25 17:38:40] local.ERROR: Route [transactions.create] not defined. (View: E:\SEMESTER 5\Pemrograman Framework\BELAJAR\Inventory_system\resources\views\transactions\history.blade.php) {"userId":2,"exception":"[object] (Illuminate\\View\\ViewException(code: 0): Route [transactions.create] not defined. (View: E:\\SEMESTER 5\\Pemrograman Framework\\BELAJAR\\Inventory_system\\resources\\views\\transactions\\history.blade.php) at E:\\SEMESTER 5\\Pemrograman Framework\\BELAJAR\\Inventory_system\\vendor\\laravel\\framework\\src\\Illuminate\\Routing\\UrlGenerator.php:526)
[stacktrace]
#0 E:\\SEMESTER 5\\Pemrograman Framework\\BELAJAR\\Inventory_system\\vendor\\laravel\\framework\\src\\Illuminate\\View\\Engines\\PhpEngine.php(59): Illuminate\\View\\Engines\\CompilerEngine->handleViewException(Object(Symfony\\Component\\Routing\\Exception\\RouteNotFoundException), 1)
#1 E:\\SEMESTER 5\\Pemrograman Framework\\BELAJAR\\Inventory_system\\vendor\\laravel\\framework\\src\\Illuminate\\View\\Engines\\CompilerEngine.php(76): Illuminate\\View\\Engines\\PhpEngine->evaluatePath('E:\\\\SEMESTER 5\\\\P...', Array)
#2 E:\\SEMESTER 5\\Pemrograman Framework\\BELAJAR\\Inventory_system\\vendor\\laravel\\framework\\src\\Illuminate\\View\\View.php(208): Illuminate\\View\\Engines\\CompilerEngine->get('E:\\\\SEMESTER 5\\\\P...', Array)
#3 E:\\SEMESTER 5\\Pemrograman Framework\\BELAJAR\\Inventory_system\\vendor\\laravel\\framework\\src\\Illuminate\\View\\View.php(191): Illuminate\\View\\View->getContents()
#4 E:\\SEMESTER 5\\Pemrograman Framework\\BELAJAR\\Inventory_system\\vendor\\laravel\\framework\\src\\Illuminate\\View\\View.php(160): Illuminate\\View\\View->renderContents()
#5 E:\\SEMESTER 5\\Pemrograman Framework\\BELAJAR\\Inventory_system\\vendor\\laravel\\framework\\src\\Illuminate\\Http\\Response.php(78): Illuminate\\View\\View->render()
#6 E:\\SEMESTER 5\\Pemrograman Framework\\BELAJAR\\Inventory_system\\vendor\\laravel\\framework\\src\\Illuminate\\Http\\Response.php(34): Illuminate\\Http\\Response->setContent(Object(Illuminate\\View\\View))
#7 E:\\SEMESTER 5\\Pemrograman Framework\\BELAJAR\\Inventory_system\\vendor\\laravel\\framework\\src\\Illuminate\\Routing\\Router.php(939): Illuminate\\Http\\Response->__construct(Object(Illuminate\\View\\View), 200, Array)
#8 E:\\SEMESTER 5\\Pemrograman Framework\\BELAJAR\\Inventory_system\\vendor\\laravel\\framework\\src\\Illuminate\\Routing\\Router.php(906): Illuminate\\Routing\\Router::toResponse(Object(Illuminate\\Http\\Request), Object(Illuminate\\View\\View))
#9 E:\\SEMESTER 5\\Pemrograman Framework\\BELAJAR\\Inventory_system\\vendor\\laravel\\framework\\src\\Illuminate\\Routing\\Router.php(821): Illuminate\\Routing\\Router->prepareResponse(Object(Illuminate\\Http\\Request), Object(Illuminate\\View\\View))
#10 E:\\SEMESTER 5\\Pemrograman Framework\\BELAJAR\\Inventory_system\\vendor\\laravel\\framework\\src\\Illuminate\\Pipeline\\Pipeline.php(180): Illuminate\\Routing\\Router->Illuminate\\Routing\\{closure}(Object(Illuminate\\Http\\Request))
#11 E:\\SEMESTER 5\\Pemrograman Framework\\BELAJAR\\Inventory_system\\app\\Http\\Middleware\\RoleMiddleware.php(24): Illuminate\\Pipeline\\Pipeline->Illuminate\\Pipeline\\{closure}(Object(Illuminate\\Http\\Request))
#12 E:\\SEMESTER 5\\Pemrograman Framework\\BELAJAR\\Inventory_system\\vendor\\laravel\\framework\\src\\Illuminate\\Pipeline\\Pipeline.php(219): App\\Http\\Middleware\\RoleMiddleware->handle(Object(Illuminate\\Http\\Request), Object(Closure), 'gudang|kasir')
#13 E:\\SEMESTER 5\\Pemrograman Framework\\BELAJAR\\Inventory_system\\vendor\\laravel\\framework\\src\\Illuminate\\Routing\\Middleware\\SubstituteBindings.php(50): Illuminate\\Pipeline\\Pipeline->Illuminate\\Pipeline\\{closure}(Object(Illuminate\\Http\\Request))
#14 E:\\SEMESTER 5\\Pemrograman Framework\\BELAJAR\\Inventory_system\\vendor\\laravel\\framework\\src\\Illuminate\\Pipeline\\Pipeline.php(219): Illuminate\\Routing\\Middleware\\SubstituteBindings->handle(Object(Illuminate\\Http\\Request), Object(Closure))
#15 E:\\SEMESTER 5\\Pemrograman Framework\\BELAJAR\\Inventory_system\\vendor\\laravel\\framework\\src\\Illuminate\\Auth\\Middleware\\Authenticate.php(63): Illuminate\\Pipeline\\Pipeline->Illuminate\\Pipeline\\{closure}(Object(Illuminate\\Http\\Request))
#16 E:\\SEMESTER 5\\Pemrograman Framework\\BELAJAR\\Inventory_system\\vendor\\laravel\\framework\\src\\Illuminate\\Pipeline\\Pipeline.php(219): Illuminate\\Auth\\Middleware\\Authenticate->handle(Object(Illuminate\\Http\\Request), Object(Closure))
#17 E:\\SEMESTER 5\\Pemrograman Framework\\BELAJAR\\Inventory_system\\vendor\\laravel\\framework\\src\\Illuminate\\Foundation\\Http\\Middleware\\VerifyCsrfToken.php(87): Illuminate\\Pipeline\\Pipeline->Illuminate\\Pipeline\\{closure}(Object(Illuminate\\Http\\Request))
#18 E:\\SEMESTER 5\\Pemrograman Framework\\BELAJAR\\Inventory_system\\vendor\\laravel\\framework\\src\\Illuminate\\Pipeline\\Pipeline.php(219): Illuminate\\Foundation\\Http\\Middleware\\VerifyCsrfToken->handle(Object(Illuminate\\Http\\Request), Object(Closure))
#19 E:\\SEMESTER 5\\Pemrograman Framework\\BELAJAR\\Inventory_system\\vendor\\laravel\\framework\\src\\Illuminate\\View\\Middleware\\ShareErrorsFromSession.php(48): Illuminate\\Pipeline\\Pipeline->Illuminate\\Pipeline\\{closure}(Object(Illuminate\\Http\\Request))
#20 E:\\SEMESTER 5\\Pemrograman Framework\\BELAJAR\\Inventory_system\\vendor\\laravel\\framework\\src\\Illuminate\\Pipeline\\Pipeline.php(219): Illuminate\\View\\Middleware\\ShareErrorsFromSession->handle(Object(Illuminate\\Http\\Request), Object(Closure))
#21 E:\\SEMESTER 5\\Pemrograman Framework\\BELAJAR\\Inventory_system\\vendor\\laravel\\framework\\src\\Illuminate\\Session\\Middleware\\StartSession.php(120): Illuminate\\Pipeline\\Pipeline->Illuminate\\Pipeline\\{closure}(Object(Illuminate\\Http\\Request))
#22 E:\\SEMESTER 5\\Pemrograman Framework\\BELAJAR\\Inventory_system\\vendor\\laravel\\framework\\src\\Illuminate\\Session\\Middleware\\StartSession.php(63): Illuminate\\Session\\Middleware\\StartSession->handleStatefulRequest(Object(Illuminate\\Http\\Request), Object(Illuminate\\Session\\Store), Object(Closure))
#23 E:\\SEMESTER 5\\Pemrograman Framework\\BELAJAR\\Inventory_system\\vendor\\laravel\\framework\\src\\Illuminate\\Pipeline\\Pipeline.php(219): Illuminate\\Session\\Middleware\\StartSession->handle(Object(Illuminate\\Http\\Request), Object(Closure))
#24 E:\\SEMESTER 5\\Pemrograman Framework\\BELAJAR\\Inventory_system\\vendor\\laravel\\framework\\src\\Illuminate\\Cookie\\Middleware\\AddQueuedCookiesToResponse.php(36): Illuminate\\Pipeline\\Pipeline->Illuminate\\Pipeline\\{closure}(Object(Illuminate\\Http\\Request))
#25 E:\\SEMESTER 5\\Pemrograman Framework\\BELAJAR\\Inventory_system\\vendor\\laravel\\framework\\src\\Illuminate\\Pipeline\\Pipeline.php(219): Illuminate\\Cookie\\Middleware\\AddQueuedCookiesToResponse->handle(Object(Illuminate\\Http\\Request), Object(Closure))
#26 E:\\SEMESTER 5\\Pemrograman Framework\\BELAJAR\\Inventory_system\\vendor\\laravel\\framework\\src\\Illuminate\\Cookie\\Middleware\\EncryptCookies.php(74): Illuminate\\Pipeline\\Pipeline->Illuminate\\Pipeline\\{closure}(Object(Illuminate\\Http\\Request))
#27 E:\\SEMESTER 5\\Pemrograman Framework\\BELAJAR\\Inventory_system\\vendor\\laravel\\framework\\src\\Illuminate\\Pipeline\\Pipeline.php(219): Illuminate\\Cookie\\Middleware\\EncryptCookies->handle(Object(Illuminate\\Http\\Request), Object(Closure))
#28 E:\\SEMESTER 5\\Pemrograman Framework\\BELAJAR\\Inventory_system\\vendor\\laravel\\framework\\src\\Illuminate\\Pipeline\\Pipeline.php(137): Illuminate\\Pipeline\\Pipeline->Illuminate\\Pipeline\\{closure}(Object(Illuminate\\Http\\Request))
#29 E:\\SEMESTER 5\\Pemrograman Framework\\BELAJAR\\Inventory_system\\vendor\\laravel\\framework\\src\\Illuminate\\Routing\\Router.php(821): Illuminate\\Pipeline\\Pipeline->then(Object(Closure))
#30 E:\\SEMESTER 5\\Pemrograman Framework\\BELAJAR\\Inventory_system\\vendor\\laravel\\framework\\src\\Illuminate\\Routing\\Router.php(800): Illuminate\\Routing\\Router->runRouteWithinStack(Object(Illuminate\\Routing\\Route), Object(Illuminate\\Http\\Request))
#31 E:\\SEMESTER 5\\Pemrograman Framework\\BELAJAR\\Inventory_system\\vendor\\laravel\\framework\\src\\Illuminate\\Routing\\Router.php(764): Illuminate\\Routing\\Router->runRoute(Object(Illuminate\\Http\\Request), Object(Illuminate\\Routing\\Route))
#32 E:\\SEMESTER 5\\Pemrograman Framework\\BELAJAR\\Inventory_system\\vendor\\laravel\\framework\\src\\Illuminate\\Routing\\Router.php(753): Illuminate\\Routing\\Router->dispatchToRoute(Object(Illuminate\\Http\\Request))
#33 E:\\SEMESTER 5\\Pemrograman Framework\\BELAJAR\\Inventory_system\\vendor\\laravel\\framework\\src\\Illuminate\\Foundation\\Http\\Kernel.php(200): Illuminate\\Routing\\Router->dispatch(Object(Illuminate\\Http\\Request))
#34 E:\\SEMESTER 5\\Pemrograman Framework\\BELAJAR\\Inventory_system\\vendor\\laravel\\framework\\src\\Illuminate\\Pipeline\\Pipeline.php(180): Illuminate\\Foundation\\Http\\Kernel->Illuminate\\Foundation\\Http\\{closure}(Object(Illuminate\\Http\\Request))
#35 E:\\SEMESTER 5\\Pemrograman Framework\\BELAJAR\\Inventory_system\\vendor\\laravel\\framework\\src\\Illuminate\\Foundation\\Http\\Middleware\\TransformsRequest.php(21): Illuminate\\Pipeline\\Pipeline->Illuminate\\Pipeline\\{closure}(Object(Illuminate\\Http\\Request))
#36 E:\\SEMESTER 5\\Pemrograman Framework\\BELAJAR\\Inventory_system\\vendor\\laravel\\framework\\src\\Illuminate\\Foundation\\Http\\Middleware\\ConvertEmptyStringsToNull.php(31): Illuminate\\Foundation\\Http\\Middleware\\TransformsRequest->handle(Object(Illuminate\\Http\\Request), Object(Closure))
#37 E:\\SEMESTER 5\\Pemrograman Framework\\BELAJAR\\Inventory_system\\vendor\\laravel\\framework\\src\\Illuminate\\Pipeline\\Pipeline.php(219): Illuminate\\Foundation\\Http\\Middleware\\ConvertEmptyStringsToNull->handle(Object(Illuminate\\Http\\Request), Object(Closure))
#38 E:\\SEMESTER 5\\Pemrograman Framework\\BELAJAR\\Inventory_system\\vendor\\laravel\\framework\\src\\Illuminate\\Foundation\\Http\\Middleware\\TransformsRequest.php(21): Illuminate\\Pipeline\\Pipeline->Illuminate\\Pipeline\\{closure}(Object(Illuminate\\Http\\Request))
#39 E:\\SEMESTER 5\\Pemrograman Framework\\BELAJAR\\Inventory_system\\vendor\\laravel\\framework\\src\\Illuminate\\Foundation\\Http\\Middleware\\TrimStrings.php(51): Illuminate\\Foundation\\Http\\Middleware\\TransformsRequest->handle(Object(Illuminate\\Http\\Request), Object(Closure))
#40 E:\\SEMESTER 5\\Pemrograman Framework\\BELAJAR\\Inventory_system\\vendor\\laravel\\framework\\src\\Illuminate\\Pipeline\\Pipeline.php(219): Illuminate\\Foundation\\Http\\Middleware\\TrimStrings->handle(Object(Illuminate\\Http\\Request), Object(Closure))
#41 E:\\SEMESTER 5\\Pemrograman Framework\\BELAJAR\\Inventory_system\\vendor\\laravel\\framework\\src\\Illuminate\\Http\\Middleware\\ValidatePostSize.php(27): Illuminate\\Pipeline\\Pipeline->Illuminate\\Pipeline\\{closure}(Object(Illuminate\\Http\\Request))
#42 E:\\SEMESTER 5\\Pemrograman Framework\\BELAJAR\\Inventory_system\\vendor\\laravel\\framework\\src\\Illuminate\\Pipeline\\Pipeline.php(219): Illuminate\\Http\\Middleware\\ValidatePostSize->handle(Object(Illuminate\\Http\\Request), Object(Closure))
#43 E:\\SEMESTER 5\\Pemrograman Framework\\BELAJAR\\Inventory_system\\vendor\\laravel\\framework\\src\\Illuminate\\Foundation\\Http\\Middleware\\PreventRequestsDuringMaintenance.php(109): Illuminate\\Pipeline\\Pipeline->Illuminate\\Pipeline\\{closure}(Object(Illuminate\\Http\\Request))
#44 E:\\SEMESTER 5\\Pemrograman Framework\\BELAJAR\\Inventory_system\\vendor\\laravel\\framework\\src\\Illuminate\\Pipeline\\Pipeline.php(219): Illuminate\\Foundation\\Http\\Middleware\\PreventRequestsDuringMaintenance->handle(Object(Illuminate\\Http\\Request), Object(Closure))
#45 E:\\SEMESTER 5\\Pemrograman Framework\\BELAJAR\\Inventory_system\\vendor\\laravel\\framework\\src\\Illuminate\\Http\\Middleware\\HandleCors.php(48): Illuminate\\Pipeline\\Pipeline->Illuminate\\Pipeline\\{closure}(Object(Illuminate\\Http\\Request))
#46 E:\\SEMESTER 5\\Pemrograman Framework\\BELAJAR\\Inventory_system\\vendor\\laravel\\framework\\src\\Illuminate\\Pipeline\\Pipeline.php(219): Illuminate\\Http\\Middleware\\HandleCors->handle(Object(Illuminate\\Http\\Request), Object(Closure))
#47 E:\\SEMESTER 5\\Pemrograman Framework\\BELAJAR\\Inventory_system\\vendor\\laravel\\framework\\src\\Illuminate\\Http\\Middleware\\TrustProxies.php(58): Illuminate\\Pipeline\\Pipeline->Illuminate\\Pipeline\\{closure}(Object(Illuminate\\Http\\Request))
#48 E:\\SEMESTER 5\\Pemrograman Framework\\BELAJAR\\Inventory_system\\vendor\\laravel\\framework\\src\\Illuminate\\Pipeline\\Pipeline.php(219): Illuminate\\Http\\Middleware\\TrustProxies->handle(Object(Illuminate\\Http\\Request), Object(Closure))
#49 E:\\SEMESTER 5\\Pemrograman Framework\\BELAJAR\\Inventory_system\\vendor\\laravel\\framework\\src\\Illuminate\\Foundation\\Http\\Middleware\\InvokeDeferredCallbacks.php(22): Illuminate\\Pipeline\\Pipeline->Illuminate\\Pipeline\\{closure}(Object(Illuminate\\Http\\Request))
#50 E:\\SEMESTER 5\\Pemrograman Framework\\BELAJAR\\Inventory_system\\vendor\\laravel\\framework\\src\\Illuminate\\Pipeline\\Pipeline.php(219): Illuminate\\Foundation\\Http\\Middleware\\InvokeDeferredCallbacks->handle(Object(Illuminate\\Http\\Request), Object(Closure))
#51 E:\\SEMESTER 5\\Pemrograman Framework\\BELAJAR\\Inventory_system\\vendor\\laravel\\framework\\src\\Illuminate\\Http\\Middleware\\ValidatePathEncoding.php(26): Illuminate\\Pipeline\\Pipeline->Illuminate\\Pipeline\\{closure}(Object(Illuminate\\Http\\Request))
#52 E:\\SEMESTER 5\\Pemrograman Framework\\BELAJAR\\Inventory_system\\vendor\\laravel\\framework\\src\\Illuminate\\Pipeline\\Pipeline.php(219): Illuminate\\Http\\Middleware\\ValidatePathEncoding->handle(Object(Illuminate\\Http\\Request), Object(Closure))
#53 E:\\SEMESTER 5\\Pemrograman Framework\\BELAJAR\\Inventory_system\\vendor\\laravel\\framework\\src\\Illuminate\\Pipeline\\Pipeline.php(137): Illuminate\\Pipeline\\Pipeline->Illuminate\\Pipeline\\{closure}(Object(Illuminate\\Http\\Request))
#54 E:\\SEMESTER 5\\Pemrograman Framework\\BELAJAR\\Inventory_system\\vendor\\laravel\\framework\\src\\Illuminate\\Foundation\\Http\\Kernel.php(175): Illuminate\\Pipeline\\Pipeline->then(Object(Closure))
#55 E:\\SEMESTER 5\\Pemrograman Framework\\BELAJAR\\Inventory_system\\vendor\\laravel\\framework\\src\\Illuminate\\Foundation\\Http\\Kernel.php(144): Illuminate\\Foundation\\Http\\Kernel->sendRequestThroughRouter(Object(Illuminate\\Http\\Request))
#56 E:\\SEMESTER 5\\Pemrograman Framework\\BELAJAR\\Inventory_system\\vendor\\laravel\\framework\\src\\Illuminate\\Foundation\\Application.php(1220): Illuminate\\Foundation\\Http\\Kernel->handle(Object(Illuminate\\Http\\Request))
#57 E:\\SEMESTER 5\\Pemrograman Framework\\BELAJAR\\Inventory_system\\public\\index.php(20): Illuminate\\Foundation\\Application->handleRequest(Object(Illuminate\\Http\\Request))
#58 E:\\SEMESTER 5\\Pemrograman Framework\\BELAJAR\\Inventory_system\\vendor\\laravel\\framework\\src\\Illuminate\\Foundation\\resources\\server.php(23): require_once('E:\\\\SEMESTER 5\\\\P...')
#59 {main}

[previous exception] [object] (Symfony\\Component\\Routing\\Exception\\RouteNotFoundException(code: 0): Route [transactions.create] not defined. at E:\\SEMESTER 5\\Pemrograman Framework\\BELAJAR\\Inventory_system\\vendor\\laravel\\framework\\src\\Illuminate\\Routing\\UrlGenerator.php:526)
[stacktrace]
#0 E:\\SEMESTER 5\\Pemrograman Framework\\BELAJAR\\Inventory_system\\vendor\\laravel\\framework\\src\\Illuminate\\Foundation\\helpers.php(871): Illuminate\\Routing\\UrlGenerator->route('transactions.cr...', Array, true)
#1 E:\\SEMESTER 5\\Pemrograman Framework\\BELAJAR\\Inventory_system\\storage\\framework\\views\\2ec7892fbb164f8b13ff05de501e96a8.php(23): route('transactions.cr...')
#2 E:\\SEMESTER 5\\Pemrograman Framework\\BELAJAR\\Inventory_system\\vendor\\laravel\\framework\\src\\Illuminate\\Filesystem\\Filesystem.php(123): require('E:\\\\SEMESTER 5\\\\P...')
#3 E:\\SEMESTER 5\\Pemrograman Framework\\BELAJAR\\Inventory_system\\vendor\\laravel\\framework\\src\\Illuminate\\Filesystem\\Filesystem.php(124): Illuminate\\Filesystem\\Filesystem::Illuminate\\Filesystem\\{closure}()
#4 E:\\SEMESTER 5\\Pemrograman Framework\\BELAJAR\\Inventory_system\\vendor\\laravel\\framework\\src\\Illuminate\\View\\Engines\\PhpEngine.php(57): Illuminate\\Filesystem\\Filesystem->getRequire('E:\\\\SEMESTER 5\\\\P...', Array)
#5 E:\\SEMESTER 5\\Pemrograman Framework\\BELAJAR\\Inventory_system\\vendor\\laravel\\framework\\src\\Illuminate\\View\\Engines\\CompilerEngine.php(76): Illuminate\\View\\Engines\\PhpEngine->evaluatePath('E:\\\\SEMESTER 5\\\\P...', Array)
#6 E:\\SEMESTER 5\\Pemrograman Framework\\BELAJAR\\Inventory_system\\vendor\\laravel\\framework\\src\\Illuminate\\View\\View.php(208): Illuminate\\View\\Engines\\CompilerEngine->get('E:\\\\SEMESTER 5\\\\P...', Array)
#7 E:\\SEMESTER 5\\Pemrograman Framework\\BELAJAR\\Inventory_system\\vendor\\laravel\\framework\\src\\Illuminate\\View\\View.php(191): Illuminate\\View\\View->getContents()
#8 E:\\SEMESTER 5\\Pemrograman Framework\\BELAJAR\\Inventory_system\\vendor\\laravel\\framework\\src\\Illuminate\\View\\View.php(160): Illuminate\\View\\View->renderContents()
#9 E:\\SEMESTER 5\\Pemrograman Framework\\BELAJAR\\Inventory_system\\vendor\\laravel\\framework\\src\\Illuminate\\Http\\Response.php(78): Illuminate\\View\\View->render()
#10 E:\\SEMESTER 5\\Pemrograman Framework\\BELAJAR\\Inventory_system\\vendor\\laravel\\framework\\src\\Illuminate\\Http\\Response.php(34): Illuminate\\Http\\Response->setContent(Object(Illuminate\\View\\View))
#11 E:\\SEMESTER 5\\Pemrograman Framework\\BELAJAR\\Inventory_system\\vendor\\laravel\\framework\\src\\Illuminate\\Routing\\Router.php(939): Illuminate\\Http\\Response->__construct(Object(Illuminate\\View\\View), 200, Array)
#12 E:\\SEMESTER 5\\Pemrograman Framework\\BELAJAR\\Inventory_system\\vendor\\laravel\\framework\\src\\Illuminate\\Routing\\Router.php(906): Illuminate\\Routing\\Router::toResponse(Object(Illuminate\\Http\\Request), Object(Illuminate\\View\\View))
#13 E:\\SEMESTER 5\\Pemrograman Framework\\BELAJAR\\Inventory_system\\vendor\\laravel\\framework\\src\\Illuminate\\Routing\\Router.php(821): Illuminate\\Routing\\Router->prepareResponse(Object(Illuminate\\Http\\Request), Object(Illuminate\\View\\View))
#14 E:\\SEMESTER 5\\Pemrograman Framework\\BELAJAR\\Inventory_system\\vendor\\laravel\\framework\\src\\Illuminate\\Pipeline\\Pipeline.php(180): Illuminate\\Routing\\Router->Illuminate\\Routing\\{closure}(Object(Illuminate\\Http\\Request))
#15 E:\\SEMESTER 5\\Pemrograman Framework\\BELAJAR\\Inventory_system\\app\\Http\\Middleware\\RoleMiddleware.php(24): Illuminate\\Pipeline\\Pipeline->Illuminate\\Pipeline\\{closure}(Object(Illuminate\\Http\\Request))
#16 E:\\SEMESTER 5\\Pemrograman Framework\\BELAJAR\\Inventory_system\\vendor\\laravel\\framework\\src\\Illuminate\\Pipeline\\Pipeline.php(219): App\\Http\\Middleware\\RoleMiddleware->handle(Object(Illuminate\\Http\\Request), Object(Closure), 'gudang|kasir')
#17 E:\\SEMESTER 5\\Pemrograman Framework\\BELAJAR\\Inventory_system\\vendor\\laravel\\framework\\src\\Illuminate\\Routing\\Middleware\\SubstituteBindings.php(50): Illuminate\\Pipeline\\Pipeline->Illuminate\\Pipeline\\{closure}(Object(Illuminate\\Http\\Request))
#18 E:\\SEMESTER 5\\Pemrograman Framework\\BELAJAR\\Inventory_system\\vendor\\laravel\\framework\\src\\Illuminate\\Pipeline\\Pipeline.php(219): Illuminate\\Routing\\Middleware\\SubstituteBindings->handle(Object(Illuminate\\Http\\Request), Object(Closure))
#19 E:\\SEMESTER 5\\Pemrograman Framework\\BELAJAR\\Inventory_system\\vendor\\laravel\\framework\\src\\Illuminate\\Auth\\Middleware\\Authenticate.php(63): Illuminate\\Pipeline\\Pipeline->Illuminate\\Pipeline\\{closure}(Object(Illuminate\\Http\\Request))
#20 E:\\SEMESTER 5\\Pemrograman Framework\\BELAJAR\\Inventory_system\\vendor\\laravel\\framework\\src\\Illuminate\\Pipeline\\Pipeline.php(219): Illuminate\\Auth\\Middleware\\Authenticate->handle(Object(Illuminate\\Http\\Request), Object(Closure))
#21 E:\\SEMESTER 5\\Pemrograman Framework\\BELAJAR\\Inventory_system\\vendor\\laravel\\framework\\src\\Illuminate\\Foundation\\Http\\Middleware\\VerifyCsrfToken.php(87): Illuminate\\Pipeline\\Pipeline->Illuminate\\Pipeline\\{closure}(Object(Illuminate\\Http\\Request))
#22 E:\\SEMESTER 5\\Pemrograman Framework\\BELAJAR\\Inventory_system\\vendor\\laravel\\framework\\src\\Illuminate\\Pipeline\\Pipeline.php(219): Illuminate\\Foundation\\Http\\Middleware\\VerifyCsrfToken->handle(Object(Illuminate\\Http\\Request), Object(Closure))
#23 E:\\SEMESTER 5\\Pemrograman Framework\\BELAJAR\\Inventory_system\\vendor\\laravel\\framework\\src\\Illuminate\\View\\Middleware\\ShareErrorsFromSession.php(48): Illuminate\\Pipeline\\Pipeline->Illuminate\\Pipeline\\{closure}(Object(Illuminate\\Http\\Request))
#24 E:\\SEMESTER 5\\Pemrograman Framework\\BELAJAR\\Inventory_system\\vendor\\laravel\\framework\\src\\Illuminate\\Pipeline\\Pipeline.php(219): Illuminate\\View\\Middleware\\ShareErrorsFromSession->handle(Object(Illuminate\\Http\\Request), Object(Closure))
#25 E:\\SEMESTER 5\\Pemrograman Framework\\BELAJAR\\Inventory_system\\vendor\\laravel\\framework\\src\\Illuminate\\Session\\Middleware\\StartSession.php(120): Illuminate\\Pipeline\\Pipeline->Illuminate\\Pipeline\\{closure}(Object(Illuminate\\Http\\Request))
#26 E:\\SEMESTER 5\\Pemrograman Framework\\BELAJAR\\Inventory_system\\vendor\\laravel\\framework\\src\\Illuminate\\Session\\Middleware\\StartSession.php(63): Illuminate\\Session\\Middleware\\StartSession->handleStatefulRequest(Object(Illuminate\\Http\\Request), Object(Illuminate\\Session\\Store), Object(Closure))
#27 E:\\SEMESTER 5\\Pemrograman Framework\\BELAJAR\\Inventory_system\\vendor\\laravel\\framework\\src\\Illuminate\\Pipeline\\Pipeline.php(219): Illuminate\\Session\\Middleware\\StartSession->handle(Object(Illuminate\\Http\\Request), Object(Closure))
#28 E:\\SEMESTER 5\\Pemrograman Framework\\BELAJAR\\Inventory_system\\vendor\\laravel\\framework\\src\\Illuminate\\Cookie\\Middleware\\AddQueuedCookiesToResponse.php(36): Illuminate\\Pipeline\\Pipeline->Illuminate\\Pipeline\\{closure}(Object(Illuminate\\Http\\Request))
#29 E:\\SEMESTER 5\\Pemrograman Framework\\BELAJAR\\Inventory_system\\vendor\\laravel\\framework\\src\\Illuminate\\Pipeline\\Pipeline.php(219): Illuminate\\Cookie\\Middleware\\AddQueuedCookiesToResponse->handle(Object(Illuminate\\Http\\Request), Object(Closure))
#30 E:\\SEMESTER 5\\Pemrograman Framework\\BELAJAR\\Inventory_system\\vendor\\laravel\\framework\\src\\Illuminate\\Cookie\\Middleware\\EncryptCookies.php(74): Illuminate\\Pipeline\\Pipeline->Illuminate\\Pipeline\\{closure}(Object(Illuminate\\Http\\Request))
#31 E:\\SEMESTER 5\\Pemrograman Framework\\BELAJAR\\Inventory_system\\vendor\\laravel\\framework\\src\\Illuminate\\Pipeline\\Pipeline.php(219): Illuminate\\Cookie\\Middleware\\EncryptCookies->handle(Object(Illuminate\\Http\\Request), Object(Closure))
#32 E:\\SEMESTER 5\\Pemrograman Framework\\BELAJAR\\Inventory_system\\vendor\\laravel\\framework\\src\\Illuminate\\Pipeline\\Pipeline.php(137): Illuminate\\Pipeline\\Pipeline->Illuminate\\Pipeline\\{closure}(Object(Illuminate\\Http\\Request))
#33 E:\\SEMESTER 5\\Pemrograman Framework\\BELAJAR\\Inventory_system\\vendor\\laravel\\framework\\src\\Illuminate\\Routing\\Router.php(821): Illuminate\\Pipeline\\Pipeline->then(Object(Closure))
#34 E:\\SEMESTER 5\\Pemrograman Framework\\BELAJAR\\Inventory_system\\vendor\\laravel\\framework\\src\\Illuminate\\Routing\\Router.php(800): Illuminate\\Routing\\Router->runRouteWithinStack(Object(Illuminate\\Routing\\Route), Object(Illuminate\\Http\\Request))
#35 E:\\SEMESTER 5\\Pemrograman Framework\\BELAJAR\\Inventory_system\\vendor\\laravel\\framework\\src\\Illuminate\\Routing\\Router.php(764): Illuminate\\Routing\\Router->runRoute(Object(Illuminate\\Http\\Request), Object(Illuminate\\Routing\\Route))
#36 E:\\SEMESTER 5\\Pemrograman Framework\\BELAJAR\\Inventory_system\\vendor\\laravel\\framework\\src\\Illuminate\\Routing\\Router.php(753): Illuminate\\Routing\\Router->dispatchToRoute(Object(Illuminate\\Http\\Request))
#37 E:\\SEMESTER 5\\Pemrograman Framework\\BELAJAR\\Inventory_system\\vendor\\laravel\\framework\\src\\Illuminate\\Foundation\\Http\\Kernel.php(200): Illuminate\\Routing\\Router->dispatch(Object(Illuminate\\Http\\Request))
#38 E:\\SEMESTER 5\\Pemrograman Framework\\BELAJAR\\Inventory_system\\vendor\\laravel\\framework\\src\\Illuminate\\Pipeline\\Pipeline.php(180): Illuminate\\Foundation\\Http\\Kernel->Illuminate\\Foundation\\Http\\{closure}(Object(Illuminate\\Http\\Request))
#39 E:\\SEMESTER 5\\Pemrograman Framework\\BELAJAR\\Inventory_system\\vendor\\laravel\\framework\\src\\Illuminate\\Foundation\\Http\\Middleware\\TransformsRequest.php(21): Illuminate\\Pipeline\\Pipeline->Illuminate\\Pipeline\\{closure}(Object(Illuminate\\Http\\Request))
#40 E:\\SEMESTER 5\\Pemrograman Framework\\BELAJAR\\Inventory_system\\vendor\\laravel\\framework\\src\\Illuminate\\Foundation\\Http\\Middleware\\ConvertEmptyStringsToNull.php(31): Illuminate\\Foundation\\Http\\Middleware\\TransformsRequest->handle(Object(Illuminate\\Http\\Request), Object(Closure))
#41 E:\\SEMESTER 5\\Pemrograman Framework\\BELAJAR\\Inventory_system\\vendor\\laravel\\framework\\src\\Illuminate\\Pipeline\\Pipeline.php(219): Illuminate\\Foundation\\Http\\Middleware\\ConvertEmptyStringsToNull->handle(Object(Illuminate\\Http\\Request), Object(Closure))
#42 E:\\SEMESTER 5\\Pemrograman Framework\\BELAJAR\\Inventory_system\\vendor\\laravel\\framework\\src\\Illuminate\\Foundation\\Http\\Middleware\\TransformsRequest.php(21): Illuminate\\Pipeline\\Pipeline->Illuminate\\Pipeline\\{closure}(Object(Illuminate\\Http\\Request))
#43 E:\\SEMESTER 5\\Pemrograman Framework\\BELAJAR\\Inventory_system\\vendor\\laravel\\framework\\src\\Illuminate\\Foundation\\Http\\Middleware\\TrimStrings.php(51): Illuminate\\Foundation\\Http\\Middleware\\TransformsRequest->handle(Object(Illuminate\\Http\\Request), Object(Closure))
#44 E:\\SEMESTER 5\\Pemrograman Framework\\BELAJAR\\Inventory_system\\vendor\\laravel\\framework\\src\\Illuminate\\Pipeline\\Pipeline.php(219): Illuminate\\Foundation\\Http\\Middleware\\TrimStrings->handle(Object(Illuminate\\Http\\Request), Object(Closure))
#45 E:\\SEMESTER 5\\Pemrograman Framework\\BELAJAR\\Inventory_system\\vendor\\laravel\\framework\\src\\Illuminate\\Http\\Middleware\\ValidatePostSize.php(27): Illuminate\\Pipeline\\Pipeline->Illuminate\\Pipeline\\{closure}(Object(Illuminate\\Http\\Request))
#46 E:\\SEMESTER 5\\Pemrograman Framework\\BELAJAR\\Inventory_system\\vendor\\laravel\\framework\\src\\Illuminate\\Pipeline\\Pipeline.php(219): Illuminate\\Http\\Middleware\\ValidatePostSize->handle(Object(Illuminate\\Http\\Request), Object(Closure))
#47 E:\\SEMESTER 5\\Pemrograman Framework\\BELAJAR\\Inventory_system\\vendor\\laravel\\framework\\src\\Illuminate\\Foundation\\Http\\Middleware\\PreventRequestsDuringMaintenance.php(109): Illuminate\\Pipeline\\Pipeline->Illuminate\\Pipeline\\{closure}(Object(Illuminate\\Http\\Request))
#48 E:\\SEMESTER 5\\Pemrograman Framework\\BELAJAR\\Inventory_system\\vendor\\laravel\\framework\\src\\Illuminate\\Pipeline\\Pipeline.php(219): Illuminate\\Foundation\\Http\\Middleware\\PreventRequestsDuringMaintenance->handle(Object(Illuminate\\Http\\Request), Object(Closure))
#49 E:\\SEMESTER 5\\Pemrograman Framework\\BELAJAR\\Inventory_system\\vendor\\laravel\\framework\\src\\Illuminate\\Http\\Middleware\\HandleCors.php(48): Illuminate\\Pipeline\\Pipeline->Illuminate\\Pipeline\\{closure}(Object(Illuminate\\Http\\Request))
#50 E:\\SEMESTER 5\\Pemrograman Framework\\BELAJAR\\Inventory_system\\vendor\\laravel\\framework\\src\\Illuminate\\Pipeline\\Pipeline.php(219): Illuminate\\Http\\Middleware\\HandleCors->handle(Object(Illuminate\\Http\\Request), Object(Closure))
#51 E:\\SEMESTER 5\\Pemrograman Framework\\BELAJAR\\Inventory_system\\vendor\\laravel\\framework\\src\\Illuminate\\Http\\Middleware\\TrustProxies.php(58): Illuminate\\Pipeline\\Pipeline->Illuminate\\Pipeline\\{closure}(Object(Illuminate\\Http\\Request))
#52 E:\\SEMESTER 5\\Pemrograman Framework\\BELAJAR\\Inventory_system\\vendor\\laravel\\framework\\src\\Illuminate\\Pipeline\\Pipeline.php(219): Illuminate\\Http\\Middleware\\TrustProxies->handle(Object(Illuminate\\Http\\Request), Object(Closure))
#53 E:\\SEMESTER 5\\Pemrograman Framework\\BELAJAR\\Inventory_system\\vendor\\laravel\\framework\\src\\Illuminate\\Foundation\\Http\\Middleware\\InvokeDeferredCallbacks.php(22): Illuminate\\Pipeline\\Pipeline->Illuminate\\Pipeline\\{closure}(Object(Illuminate\\Http\\Request))
#54 E:\\SEMESTER 5\\Pemrograman Framework\\BELAJAR\\Inventory_system\\vendor\\laravel\\framework\\src\\Illuminate\\Pipeline\\Pipeline.php(219): Illuminate\\Foundation\\Http\\Middleware\\InvokeDeferredCallbacks->handle(Object(Illuminate\\Http\\Request), Object(Closure))
#55 E:\\SEMESTER 5\\Pemrograman Framework\\BELAJAR\\Inventory_system\\vendor\\laravel\\framework\\src\\Illuminate\\Http\\Middleware\\ValidatePathEncoding.php(26): Illuminate\\Pipeline\\Pipeline->Illuminate\\Pipeline\\{closure}(Object(Illuminate\\Http\\Request))
#56 E:\\SEMESTER 5\\Pemrograman Framework\\BELAJAR\\Inventory_system\\vendor\\laravel\\framework\\src\\Illuminate\\Pipeline\\Pipeline.php(219): Illuminate\\Http\\Middleware\\ValidatePathEncoding->handle(Object(Illuminate\\Http\\Request), Object(Closure))
#57 E:\\SEMESTER 5\\Pemrograman Framework\\BELAJAR\\Inventory_system\\vendor\\laravel\\framework\\src\\Illuminate\\Pipeline\\Pipeline.php(137): Illuminate\\Pipeline\\Pipeline->Illuminate\\Pipeline\\{closure}(Object(Illuminate\\Http\\Request))
#58 E:\\SEMESTER 5\\Pemrograman Framework\\BELAJAR\\Inventory_system\\vendor\\laravel\\framework\\src\\Illuminate\\Foundation\\Http\\Kernel.php(175): Illuminate\\Pipeline\\Pipeline->then(Object(Closure))
#59 E:\\SEMESTER 5\\Pemrograman Framework\\BELAJAR\\Inventory_system\\vendor\\laravel\\framework\\src\\Illuminate\\Foundation\\Http\\Kernel.php(144): Illuminate\\Foundation\\Http\\Kernel->sendRequestThroughRouter(Object(Illuminate\\Http\\Request))
#60 E:\\SEMESTER 5\\Pemrograman Framework\\BELAJAR\\Inventory_system\\vendor\\laravel\\framework\\src\\Illuminate\\Foundation\\Application.php(1220): Illuminate\\Foundation\\Http\\Kernel->handle(Object(Illuminate\\Http\\Request))
#61 E:\\SEMESTER 5\\Pemrograman Framework\\BELAJAR\\Inventory_system\\public\\index.php(20): Illuminate\\Foundation\\Application->handleRequest(Object(Illuminate\\Http\\Request))
#62 E:\\SEMESTER 5\\Pemrograman Framework\\BELAJAR\\Inventory_system\\vendor\\laravel\\framework\\src\\Illuminate\\Foundation\\resources\\server.php(23): require_once('E:\\\\SEMESTER 5\\\\P...')
#63 {main}
"} 
[2025-11-25 17:38:44] local.ERROR: Route [transactions.create] not defined. (View: E:\SEMESTER 5\Pemrograman Framework\BELAJAR\Inventory_system\resources\views\transactions\history.blade.php) {"userId":2,"exception":"[object] (Illuminate\\View\\ViewException(code: 0): Route [transactions.create] not defined. (View: E:\\SEMESTER 5\\Pemrograman Framework\\BELAJAR\\Inventory_system\\resources\\views\\transactions\\history.blade.php) at E:\\SEMESTER 5\\Pemrograman Framework\\BELAJAR\\Inventory_system\\vendor\\laravel\\framework\\src\\Illuminate\\Routing\\UrlGenerator.php:526)
[stacktrace]
#0 E:\\SEMESTER 5\\Pemrograman Framework\\BELAJAR\\Inventory_system\\vendor\\laravel\\framework\\src\\Illuminate\\View\\Engines\\PhpEngine.php(59): Illuminate\\View\\Engines\\CompilerEngine->handleViewException(Object(Symfony\\Component\\Routing\\Exception\\RouteNotFoundException), 1)
#1 E:\\SEMESTER 5\\Pemrograman Framework\\BELAJAR\\Inventory_system\\vendor\\laravel\\framework\\src\\Illuminate\\View\\Engines\\CompilerEngine.php(76): Illuminate\\View\\Engines\\PhpEngine->evaluatePath('E:\\\\SEMESTER 5\\\\P...', Array)
#2 E:\\SEMESTER 5\\Pemrograman Framework\\BELAJAR\\Inventory_system\\vendor\\laravel\\framework\\src\\Illuminate\\View\\View.php(208): Illuminate\\View\\Engines\\CompilerEngine->get('E:\\\\SEMESTER 5\\\\P...', Array)
#3 E:\\SEMESTER 5\\Pemrograman Framework\\BELAJAR\\Inventory_system\\vendor\\laravel\\framework\\src\\Illuminate\\View\\View.php(191): Illuminate\\View\\View->getContents()
#4 E:\\SEMESTER 5\\Pemrograman Framework\\BELAJAR\\Inventory_system\\vendor\\laravel\\framework\\src\\Illuminate\\View\\View.php(160): Illuminate\\View\\View->renderContents()
#5 E:\\SEMESTER 5\\Pemrograman Framework\\BELAJAR\\Inventory_system\\vendor\\laravel\\framework\\src\\Illuminate\\Http\\Response.php(78): Illuminate\\View\\View->render()
#6 E:\\SEMESTER 5\\Pemrograman Framework\\BELAJAR\\Inventory_system\\vendor\\laravel\\framework\\src\\Illuminate\\Http\\Response.php(34): Illuminate\\Http\\Response->setContent(Object(Illuminate\\View\\View))
#7 E:\\SEMESTER 5\\Pemrograman Framework\\BELAJAR\\Inventory_system\\vendor\\laravel\\framework\\src\\Illuminate\\Routing\\Router.php(939): Illuminate\\Http\\Response->__construct(Object(Illuminate\\View\\View), 200, Array)
#8 E:\\SEMESTER 5\\Pemrograman Framework\\BELAJAR\\Inventory_system\\vendor\\laravel\\framework\\src\\Illuminate\\Routing\\Router.php(906): Illuminate\\Routing\\Router::toResponse(Object(Illuminate\\Http\\Request), Object(Illuminate\\View\\View))
#9 E:\\SEMESTER 5\\Pemrograman Framework\\BELAJAR\\Inventory_system\\vendor\\laravel\\framework\\src\\Illuminate\\Routing\\Router.php(821): Illuminate\\Routing\\Router->prepareResponse(Object(Illuminate\\Http\\Request), Object(Illuminate\\View\\View))
#10 E:\\SEMESTER 5\\Pemrograman Framework\\BELAJAR\\Inventory_system\\vendor\\laravel\\framework\\src\\Illuminate\\Pipeline\\Pipeline.php(180): Illuminate\\Routing\\Router->Illuminate\\Routing\\{closure}(Object(Illuminate\\Http\\Request))
#11 E:\\SEMESTER 5\\Pemrograman Framework\\BELAJAR\\Inventory_system\\app\\Http\\Middleware\\RoleMiddleware.php(24): Illuminate\\Pipeline\\Pipeline->Illuminate\\Pipeline\\{closure}(Object(Illuminate\\Http\\Request))
#12 E:\\SEMESTER 5\\Pemrograman Framework\\BELAJAR\\Inventory_system\\vendor\\laravel\\framework\\src\\Illuminate\\Pipeline\\Pipeline.php(219): App\\Http\\Middleware\\RoleMiddleware->handle(Object(Illuminate\\Http\\Request), Object(Closure), 'gudang|kasir')
#13 E:\\SEMESTER 5\\Pemrograman Framework\\BELAJAR\\Inventory_system\\vendor\\laravel\\framework\\src\\Illuminate\\Routing\\Middleware\\SubstituteBindings.php(50): Illuminate\\Pipeline\\Pipeline->Illuminate\\Pipeline\\{closure}(Object(Illuminate\\Http\\Request))
#14 E:\\SEMESTER 5\\Pemrograman Framework\\BELAJAR\\Inventory_system\\vendor\\laravel\\framework\\src\\Illuminate\\Pipeline\\Pipeline.php(219): Illuminate\\Routing\\Middleware\\SubstituteBindings->handle(Object(Illuminate\\Http\\Request), Object(Closure))
#15 E:\\SEMESTER 5\\Pemrograman Framework\\BELAJAR\\Inventory_system\\vendor\\laravel\\framework\\src\\Illuminate\\Auth\\Middleware\\Authenticate.php(63): Illuminate\\Pipeline\\Pipeline->Illuminate\\Pipeline\\{closure}(Object(Illuminate\\Http\\Request))
#16 E:\\SEMESTER 5\\Pemrograman Framework\\BELAJAR\\Inventory_system\\vendor\\laravel\\framework\\src\\Illuminate\\Pipeline\\Pipeline.php(219): Illuminate\\Auth\\Middleware\\Authenticate->handle(Object(Illuminate\\Http\\Request), Object(Closure))
#17 E:\\SEMESTER 5\\Pemrograman Framework\\BELAJAR\\Inventory_system\\vendor\\laravel\\framework\\src\\Illuminate\\Foundation\\Http\\Middleware\\VerifyCsrfToken.php(87): Illuminate\\Pipeline\\Pipeline->Illuminate\\Pipeline\\{closure}(Object(Illuminate\\Http\\Request))
#18 E:\\SEMESTER 5\\Pemrograman Framework\\BELAJAR\\Inventory_system\\vendor\\laravel\\framework\\src\\Illuminate\\Pipeline\\Pipeline.php(219): Illuminate\\Foundation\\Http\\Middleware\\VerifyCsrfToken->handle(Object(Illuminate\\Http\\Request), Object(Closure))
#19 E:\\SEMESTER 5\\Pemrograman Framework\\BELAJAR\\Inventory_system\\vendor\\laravel\\framework\\src\\Illuminate\\View\\Middleware\\ShareErrorsFromSession.php(48): Illuminate\\Pipeline\\Pipeline->Illuminate\\Pipeline\\{closure}(Object(Illuminate\\Http\\Request))
#20 E:\\SEMESTER 5\\Pemrograman Framework\\BELAJAR\\Inventory_system\\vendor\\laravel\\framework\\src\\Illuminate\\Pipeline\\Pipeline.php(219): Illuminate\\View\\Middleware\\ShareErrorsFromSession->handle(Object(Illuminate\\Http\\Request), Object(Closure))
#21 E:\\SEMESTER 5\\Pemrograman Framework\\BELAJAR\\Inventory_system\\vendor\\laravel\\framework\\src\\Illuminate\\Session\\Middleware\\StartSession.php(120): Illuminate\\Pipeline\\Pipeline->Illuminate\\Pipeline\\{closure}(Object(Illuminate\\Http\\Request))
#22 E:\\SEMESTER 5\\Pemrograman Framework\\BELAJAR\\Inventory_system\\vendor\\laravel\\framework\\src\\Illuminate\\Session\\Middleware\\StartSession.php(63): Illuminate\\Session\\Middleware\\StartSession->handleStatefulRequest(Object(Illuminate\\Http\\Request), Object(Illuminate\\Session\\Store), Object(Closure))
#23 E:\\SEMESTER 5\\Pemrograman Framework\\BELAJAR\\Inventory_system\\vendor\\laravel\\framework\\src\\Illuminate\\Pipeline\\Pipeline.php(219): Illuminate\\Session\\Middleware\\StartSession->handle(Object(Illuminate\\Http\\Request), Object(Closure))
#24 E:\\SEMESTER 5\\Pemrograman Framework\\BELAJAR\\Inventory_system\\vendor\\laravel\\framework\\src\\Illuminate\\Cookie\\Middleware\\AddQueuedCookiesToResponse.php(36): Illuminate\\Pipeline\\Pipeline->Illuminate\\Pipeline\\{closure}(Object(Illuminate\\Http\\Request))
#25 E:\\SEMESTER 5\\Pemrograman Framework\\BELAJAR\\Inventory_system\\vendor\\laravel\\framework\\src\\Illuminate\\Pipeline\\Pipeline.php(219): Illuminate\\Cookie\\Middleware\\AddQueuedCookiesToResponse->handle(Object(Illuminate\\Http\\Request), Object(Closure))
#26 E:\\SEMESTER 5\\Pemrograman Framework\\BELAJAR\\Inventory_system\\vendor\\laravel\\framework\\src\\Illuminate\\Cookie\\Middleware\\EncryptCookies.php(74): Illuminate\\Pipeline\\Pipeline->Illuminate\\Pipeline\\{closure}(Object(Illuminate\\Http\\Request))
#27 E:\\SEMESTER 5\\Pemrograman Framework\\BELAJAR\\Inventory_system\\vendor\\laravel\\framework\\src\\Illuminate\\Pipeline\\Pipeline.php(219): Illuminate\\Cookie\\Middleware\\EncryptCookies->handle(Object(Illuminate\\Http\\Request), Object(Closure))
#28 E:\\SEMESTER 5\\Pemrograman Framework\\BELAJAR\\Inventory_system\\vendor\\laravel\\framework\\src\\Illuminate\\Pipeline\\Pipeline.php(137): Illuminate\\Pipeline\\Pipeline->Illuminate\\Pipeline\\{closure}(Object(Illuminate\\Http\\Request))
#29 E:\\SEMESTER 5\\Pemrograman Framework\\BELAJAR\\Inventory_system\\vendor\\laravel\\framework\\src\\Illuminate\\Routing\\Router.php(821): Illuminate\\Pipeline\\Pipeline->then(Object(Closure))
#30 E:\\SEMESTER 5\\Pemrograman Framework\\BELAJAR\\Inventory_system\\vendor\\laravel\\framework\\src\\Illuminate\\Routing\\Router.php(800): Illuminate\\Routing\\Router->runRouteWithinStack(Object(Illuminate\\Routing\\Route), Object(Illuminate\\Http\\Request))
#31 E:\\SEMESTER 5\\Pemrograman Framework\\BELAJAR\\Inventory_system\\vendor\\laravel\\framework\\src\\Illuminate\\Routing\\Router.php(764): Illuminate\\Routing\\Router->runRoute(Object(Illuminate\\Http\\Request), Object(Illuminate\\Routing\\Route))
#32 E:\\SEMESTER 5\\Pemrograman Framework\\BELAJAR\\Inventory_system\\vendor\\laravel\\framework\\src\\Illuminate\\Routing\\Router.php(753): Illuminate\\Routing\\Router->dispatchToRoute(Object(Illuminate\\Http\\Request))
#33 E:\\SEMESTER 5\\Pemrograman Framework\\BELAJAR\\Inventory_system\\vendor\\laravel\\framework\\src\\Illuminate\\Foundation\\Http\\Kernel.php(200): Illuminate\\Routing\\Router->dispatch(Object(Illuminate\\Http\\Request))
#34 E:\\SEMESTER 5\\Pemrograman Framework\\BELAJAR\\Inventory_system\\vendor\\laravel\\framework\\src\\Illuminate\\Pipeline\\Pipeline.php(180): Illuminate\\Foundation\\Http\\Kernel->Illuminate\\Foundation\\Http\\{closure}(Object(Illuminate\\Http\\Request))
#35 E:\\SEMESTER 5\\Pemrograman Framework\\BELAJAR\\Inventory_system\\vendor\\laravel\\framework\\src\\Illuminate\\Foundation\\Http\\Middleware\\TransformsRequest.php(21): Illuminate\\Pipeline\\Pipeline->Illuminate\\Pipeline\\{closure}(Object(Illuminate\\Http\\Request))
#36 E:\\SEMESTER 5\\Pemrograman Framework\\BELAJAR\\Inventory_system\\vendor\\laravel\\framework\\src\\Illuminate\\Foundation\\Http\\Middleware\\ConvertEmptyStringsToNull.php(31): Illuminate\\Foundation\\Http\\Middleware\\TransformsRequest->handle(Object(Illuminate\\Http\\Request), Object(Closure))
#37 E:\\SEMESTER 5\\Pemrograman Framework\\BELAJAR\\Inventory_system\\vendor\\laravel\\framework\\src\\Illuminate\\Pipeline\\Pipeline.php(219): Illuminate\\Foundation\\Http\\Middleware\\ConvertEmptyStringsToNull->handle(Object(Illuminate\\Http\\Request), Object(Closure))
#38 E:\\SEMESTER 5\\Pemrograman Framework\\BELAJAR\\Inventory_system\\vendor\\laravel\\framework\\src\\Illuminate\\Foundation\\Http\\Middleware\\TransformsRequest.php(21): Illuminate\\Pipeline\\Pipeline->Illuminate\\Pipeline\\{closure}(Object(Illuminate\\Http\\Request))
#39 E:\\SEMESTER 5\\Pemrograman Framework\\BELAJAR\\Inventory_system\\vendor\\laravel\\framework\\src\\Illuminate\\Foundation\\Http\\Middleware\\TrimStrings.php(51): Illuminate\\Foundation\\Http\\Middleware\\TransformsRequest->handle(Object(Illuminate\\Http\\Request), Object(Closure))
#40 E:\\SEMESTER 5\\Pemrograman Framework\\BELAJAR\\Inventory_system\\vendor\\laravel\\framework\\src\\Illuminate\\Pipeline\\Pipeline.php(219): Illuminate\\Foundation\\Http\\Middleware\\TrimStrings->handle(Object(Illuminate\\Http\\Request), Object(Closure))
#41 E:\\SEMESTER 5\\Pemrograman Framework\\BELAJAR\\Inventory_system\\vendor\\laravel\\framework\\src\\Illuminate\\Http\\Middleware\\ValidatePostSize.php(27): Illuminate\\Pipeline\\Pipeline->Illuminate\\Pipeline\\{closure}(Object(Illuminate\\Http\\Request))
#42 E:\\SEMESTER 5\\Pemrograman Framework\\BELAJAR\\Inventory_system\\vendor\\laravel\\framework\\src\\Illuminate\\Pipeline\\Pipeline.php(219): Illuminate\\Http\\Middleware\\ValidatePostSize->handle(Object(Illuminate\\Http\\Request), Object(Closure))
#43 E:\\SEMESTER 5\\Pemrograman Framework\\BELAJAR\\Inventory_system\\vendor\\laravel\\framework\\src\\Illuminate\\Foundation\\Http\\Middleware\\PreventRequestsDuringMaintenance.php(109): Illuminate\\Pipeline\\Pipeline->Illuminate\\Pipeline\\{closure}(Object(Illuminate\\Http\\Request))
#44 E:\\SEMESTER 5\\Pemrograman Framework\\BELAJAR\\Inventory_system\\vendor\\laravel\\framework\\src\\Illuminate\\Pipeline\\Pipeline.php(219): Illuminate\\Foundation\\Http\\Middleware\\PreventRequestsDuringMaintenance->handle(Object(Illuminate\\Http\\Request), Object(Closure))
#45 E:\\SEMESTER 5\\Pemrograman Framework\\BELAJAR\\Inventory_system\\vendor\\laravel\\framework\\src\\Illuminate\\Http\\Middleware\\HandleCors.php(48): Illuminate\\Pipeline\\Pipeline->Illuminate\\Pipeline\\{closure}(Object(Illuminate\\Http\\Request))
#46 E:\\SEMESTER 5\\Pemrograman Framework\\BELAJAR\\Inventory_system\\vendor\\laravel\\framework\\src\\Illuminate\\Pipeline\\Pipeline.php(219): Illuminate\\Http\\Middleware\\HandleCors->handle(Object(Illuminate\\Http\\Request), Object(Closure))
#47 E:\\SEMESTER 5\\Pemrograman Framework\\BELAJAR\\Inventory_system\\vendor\\laravel\\framework\\src\\Illuminate\\Http\\Middleware\\TrustProxies.php(58): Illuminate\\Pipeline\\Pipeline->Illuminate\\Pipeline\\{closure}(Object(Illuminate\\Http\\Request))
#48 E:\\SEMESTER 5\\Pemrograman Framework\\BELAJAR\\Inventory_system\\vendor\\laravel\\framework\\src\\Illuminate\\Pipeline\\Pipeline.php(219): Illuminate\\Http\\Middleware\\TrustProxies->handle(Object(Illuminate\\Http\\Request), Object(Closure))
#49 E:\\SEMESTER 5\\Pemrograman Framework\\BELAJAR\\Inventory_system\\vendor\\laravel\\framework\\src\\Illuminate\\Foundation\\Http\\Middleware\\InvokeDeferredCallbacks.php(22): Illuminate\\Pipeline\\Pipeline->Illuminate\\Pipeline\\{closure}(Object(Illuminate\\Http\\Request))
#50 E:\\SEMESTER 5\\Pemrograman Framework\\BELAJAR\\Inventory_system\\vendor\\laravel\\framework\\src\\Illuminate\\Pipeline\\Pipeline.php(219): Illuminate\\Foundation\\Http\\Middleware\\InvokeDeferredCallbacks->handle(Object(Illuminate\\Http\\Request), Object(Closure))
#51 E:\\SEMESTER 5\\Pemrograman Framework\\BELAJAR\\Inventory_system\\vendor\\laravel\\framework\\src\\Illuminate\\Http\\Middleware\\ValidatePathEncoding.php(26): Illuminate\\Pipeline\\Pipeline->Illuminate\\Pipeline\\{closure}(Object(Illuminate\\Http\\Request))
#52 E:\\SEMESTER 5\\Pemrograman Framework\\BELAJAR\\Inventory_system\\vendor\\laravel\\framework\\src\\Illuminate\\Pipeline\\Pipeline.php(219): Illuminate\\Http\\Middleware\\ValidatePathEncoding->handle(Object(Illuminate\\Http\\Request), Object(Closure))
#53 E:\\SEMESTER 5\\Pemrograman Framework\\BELAJAR\\Inventory_system\\vendor\\laravel\\framework\\src\\Illuminate\\Pipeline\\Pipeline.php(137): Illuminate\\Pipeline\\Pipeline->Illuminate\\Pipeline\\{closure}(Object(Illuminate\\Http\\Request))
#54 E:\\SEMESTER 5\\Pemrograman Framework\\BELAJAR\\Inventory_system\\vendor\\laravel\\framework\\src\\Illuminate\\Foundation\\Http\\Kernel.php(175): Illuminate\\Pipeline\\Pipeline->then(Object(Closure))
#55 E:\\SEMESTER 5\\Pemrograman Framework\\BELAJAR\\Inventory_system\\vendor\\laravel\\framework\\src\\Illuminate\\Foundation\\Http\\Kernel.php(144): Illuminate\\Foundation\\Http\\Kernel->sendRequestThroughRouter(Object(Illuminate\\Http\\Request))
#56 E:\\SEMESTER 5\\Pemrograman Framework\\BELAJAR\\Inventory_system\\vendor\\laravel\\framework\\src\\Illuminate\\Foundation\\Application.php(1220): Illuminate\\Foundation\\Http\\Kernel->handle(Object(Illuminate\\Http\\Request))
#57 E:\\SEMESTER 5\\Pemrograman Framework\\BELAJAR\\Inventory_system\\public\\index.php(20): Illuminate\\Foundation\\Application->handleRequest(Object(Illuminate\\Http\\Request))
#58 E:\\SEMESTER 5\\Pemrograman Framework\\BELAJAR\\Inventory_system\\vendor\\laravel\\framework\\src\\Illuminate\\Foundation\\resources\\server.php(23): require_once('E:\\\\SEMESTER 5\\\\P...')
#59 {main}

[previous exception] [object] (Symfony\\Component\\Routing\\Exception\\RouteNotFoundException(code: 0): Route [transactions.create] not defined. at E:\\SEMESTER 5\\Pemrograman Framework\\BELAJAR\\Inventory_system\\vendor\\laravel\\framework\\src\\Illuminate\\Routing\\UrlGenerator.php:526)
[stacktrace]
#0 E:\\SEMESTER 5\\Pemrograman Framework\\BELAJAR\\Inventory_system\\vendor\\laravel\\framework\\src\\Illuminate\\Foundation\\helpers.php(871): Illuminate\\Routing\\UrlGenerator->route('transactions.cr...', Array, true)
#1 E:\\SEMESTER 5\\Pemrograman Framework\\BELAJAR\\Inventory_system\\storage\\framework\\views\\2ec7892fbb164f8b13ff05de501e96a8.php(23): route('transactions.cr...')
#2 E:\\SEMESTER 5\\Pemrograman Framework\\BELAJAR\\Inventory_system\\vendor\\laravel\\framework\\src\\Illuminate\\Filesystem\\Filesystem.php(123): require('E:\\\\SEMESTER 5\\\\P...')
#3 E:\\SEMESTER 5\\Pemrograman Framework\\BELAJAR\\Inventory_system\\vendor\\laravel\\framework\\src\\Illuminate\\Filesystem\\Filesystem.php(124): Illuminate\\Filesystem\\Filesystem::Illuminate\\Filesystem\\{closure}()
#4 E:\\SEMESTER 5\\Pemrograman Framework\\BELAJAR\\Inventory_system\\vendor\\laravel\\framework\\src\\Illuminate\\View\\Engines\\PhpEngine.php(57): Illuminate\\Filesystem\\Filesystem->getRequire('E:\\\\SEMESTER 5\\\\P...', Array)
#5 E:\\SEMESTER 5\\Pemrograman Framework\\BELAJAR\\Inventory_system\\vendor\\laravel\\framework\\src\\Illuminate\\View\\Engines\\CompilerEngine.php(76): Illuminate\\View\\Engines\\PhpEngine->evaluatePath('E:\\\\SEMESTER 5\\\\P...', Array)
#6 E:\\SEMESTER 5\\Pemrograman Framework\\BELAJAR\\Inventory_system\\vendor\\laravel\\framework\\src\\Illuminate\\View\\View.php(208): Illuminate\\View\\Engines\\CompilerEngine->get('E:\\\\SEMESTER 5\\\\P...', Array)
#7 E:\\SEMESTER 5\\Pemrograman Framework\\BELAJAR\\Inventory_system\\vendor\\laravel\\framework\\src\\Illuminate\\View\\View.php(191): Illuminate\\View\\View->getContents()
#8 E:\\SEMESTER 5\\Pemrograman Framework\\BELAJAR\\Inventory_system\\vendor\\laravel\\framework\\src\\Illuminate\\View\\View.php(160): Illuminate\\View\\View->renderContents()
#9 E:\\SEMESTER 5\\Pemrograman Framework\\BELAJAR\\Inventory_system\\vendor\\laravel\\framework\\src\\Illuminate\\Http\\Response.php(78): Illuminate\\View\\View->render()
#10 E:\\SEMESTER 5\\Pemrograman Framework\\BELAJAR\\Inventory_system\\vendor\\laravel\\framework\\src\\Illuminate\\Http\\Response.php(34): Illuminate\\Http\\Response->setContent(Object(Illuminate\\View\\View))
#11 E:\\SEMESTER 5\\Pemrograman Framework\\BELAJAR\\Inventory_system\\vendor\\laravel\\framework\\src\\Illuminate\\Routing\\Router.php(939): Illuminate\\Http\\Response->__construct(Object(Illuminate\\View\\View), 200, Array)
#12 E:\\SEMESTER 5\\Pemrograman Framework\\BELAJAR\\Inventory_system\\vendor\\laravel\\framework\\src\\Illuminate\\Routing\\Router.php(906): Illuminate\\Routing\\Router::toResponse(Object(Illuminate\\Http\\Request), Object(Illuminate\\View\\View))
#13 E:\\SEMESTER 5\\Pemrograman Framework\\BELAJAR\\Inventory_system\\vendor\\laravel\\framework\\src\\Illuminate\\Routing\\Router.php(821): Illuminate\\Routing\\Router->prepareResponse(Object(Illuminate\\Http\\Request), Object(Illuminate\\View\\View))
#14 E:\\SEMESTER 5\\Pemrograman Framework\\BELAJAR\\Inventory_system\\vendor\\laravel\\framework\\src\\Illuminate\\Pipeline\\Pipeline.php(180): Illuminate\\Routing\\Router->Illuminate\\Routing\\{closure}(Object(Illuminate\\Http\\Request))
#15 E:\\SEMESTER 5\\Pemrograman Framework\\BELAJAR\\Inventory_system\\app\\Http\\Middleware\\RoleMiddleware.php(24): Illuminate\\Pipeline\\Pipeline->Illuminate\\Pipeline\\{closure}(Object(Illuminate\\Http\\Request))
#16 E:\\SEMESTER 5\\Pemrograman Framework\\BELAJAR\\Inventory_system\\vendor\\laravel\\framework\\src\\Illuminate\\Pipeline\\Pipeline.php(219): App\\Http\\Middleware\\RoleMiddleware->handle(Object(Illuminate\\Http\\Request), Object(Closure), 'gudang|kasir')
#17 E:\\SEMESTER 5\\Pemrograman Framework\\BELAJAR\\Inventory_system\\vendor\\laravel\\framework\\src\\Illuminate\\Routing\\Middleware\\SubstituteBindings.php(50): Illuminate\\Pipeline\\Pipeline->Illuminate\\Pipeline\\{closure}(Object(Illuminate\\Http\\Request))
#18 E:\\SEMESTER 5\\Pemrograman Framework\\BELAJAR\\Inventory_system\\vendor\\laravel\\framework\\src\\Illuminate\\Pipeline\\Pipeline.php(219): Illuminate\\Routing\\Middleware\\SubstituteBindings->handle(Object(Illuminate\\Http\\Request), Object(Closure))
#19 E:\\SEMESTER 5\\Pemrograman Framework\\BELAJAR\\Inventory_system\\vendor\\laravel\\framework\\src\\Illuminate\\Auth\\Middleware\\Authenticate.php(63): Illuminate\\Pipeline\\Pipeline->Illuminate\\Pipeline\\{closure}(Object(Illuminate\\Http\\Request))
#20 E:\\SEMESTER 5\\Pemrograman Framework\\BELAJAR\\Inventory_system\\vendor\\laravel\\framework\\src\\Illuminate\\Pipeline\\Pipeline.php(219): Illuminate\\Auth\\Middleware\\Authenticate->handle(Object(Illuminate\\Http\\Request), Object(Closure))
#21 E:\\SEMESTER 5\\Pemrograman Framework\\BELAJAR\\Inventory_system\\vendor\\laravel\\framework\\src\\Illuminate\\Foundation\\Http\\Middleware\\VerifyCsrfToken.php(87): Illuminate\\Pipeline\\Pipeline->Illuminate\\Pipeline\\{closure}(Object(Illuminate\\Http\\Request))
#22 E:\\SEMESTER 5\\Pemrograman Framework\\BELAJAR\\Inventory_system\\vendor\\laravel\\framework\\src\\Illuminate\\Pipeline\\Pipeline.php(219): Illuminate\\Foundation\\Http\\Middleware\\VerifyCsrfToken->handle(Object(Illuminate\\Http\\Request), Object(Closure))
#23 E:\\SEMESTER 5\\Pemrograman Framework\\BELAJAR\\Inventory_system\\vendor\\laravel\\framework\\src\\Illuminate\\View\\Middleware\\ShareErrorsFromSession.php(48): Illuminate\\Pipeline\\Pipeline->Illuminate\\Pipeline\\{closure}(Object(Illuminate\\Http\\Request))
#24 E:\\SEMESTER 5\\Pemrograman Framework\\BELAJAR\\Inventory_system\\vendor\\laravel\\framework\\src\\Illuminate\\Pipeline\\Pipeline.php(219): Illuminate\\View\\Middleware\\ShareErrorsFromSession->handle(Object(Illuminate\\Http\\Request), Object(Closure))
#25 E:\\SEMESTER 5\\Pemrograman Framework\\BELAJAR\\Inventory_system\\vendor\\laravel\\framework\\src\\Illuminate\\Session\\Middleware\\StartSession.php(120): Illuminate\\Pipeline\\Pipeline->Illuminate\\Pipeline\\{closure}(Object(Illuminate\\Http\\Request))
#26 E:\\SEMESTER 5\\Pemrograman Framework\\BELAJAR\\Inventory_system\\vendor\\laravel\\framework\\src\\Illuminate\\Session\\Middleware\\StartSession.php(63): Illuminate\\Session\\Middleware\\StartSession->handleStatefulRequest(Object(Illuminate\\Http\\Request), Object(Illuminate\\Session\\Store), Object(Closure))
#27 E:\\SEMESTER 5\\Pemrograman Framework\\BELAJAR\\Inventory_system\\vendor\\laravel\\framework\\src\\Illuminate\\Pipeline\\Pipeline.php(219): Illuminate\\Session\\Middleware\\StartSession->handle(Object(Illuminate\\Http\\Request), Object(Closure))
#28 E:\\SEMESTER 5\\Pemrograman Framework\\BELAJAR\\Inventory_system\\vendor\\laravel\\framework\\src\\Illuminate\\Cookie\\Middleware\\AddQueuedCookiesToResponse.php(36): Illuminate\\Pipeline\\Pipeline->Illuminate\\Pipeline\\{closure}(Object(Illuminate\\Http\\Request))
#29 E:\\SEMESTER 5\\Pemrograman Framework\\BELAJAR\\Inventory_system\\vendor\\laravel\\framework\\src\\Illuminate\\Pipeline\\Pipeline.php(219): Illuminate\\Cookie\\Middleware\\AddQueuedCookiesToResponse->handle(Object(Illuminate\\Http\\Request), Object(Closure))
#30 E:\\SEMESTER 5\\Pemrograman Framework\\BELAJAR\\Inventory_system\\vendor\\laravel\\framework\\src\\Illuminate\\Cookie\\Middleware\\EncryptCookies.php(74): Illuminate\\Pipeline\\Pipeline->Illuminate\\Pipeline\\{closure}(Object(Illuminate\\Http\\Request))
#31 E:\\SEMESTER 5\\Pemrograman Framework\\BELAJAR\\Inventory_system\\vendor\\laravel\\framework\\src\\Illuminate\\Pipeline\\Pipeline.php(219): Illuminate\\Cookie\\Middleware\\EncryptCookies->handle(Object(Illuminate\\Http\\Request), Object(Closure))
#32 E:\\SEMESTER 5\\Pemrograman Framework\\BELAJAR\\Inventory_system\\vendor\\laravel\\framework\\src\\Illuminate\\Pipeline\\Pipeline.php(137): Illuminate\\Pipeline\\Pipeline->Illuminate\\Pipeline\\{closure}(Object(Illuminate\\Http\\Request))
#33 E:\\SEMESTER 5\\Pemrograman Framework\\BELAJAR\\Inventory_system\\vendor\\laravel\\framework\\src\\Illuminate\\Routing\\Router.php(821): Illuminate\\Pipeline\\Pipeline->then(Object(Closure))
#34 E:\\SEMESTER 5\\Pemrograman Framework\\BELAJAR\\Inventory_system\\vendor\\laravel\\framework\\src\\Illuminate\\Routing\\Router.php(800): Illuminate\\Routing\\Router->runRouteWithinStack(Object(Illuminate\\Routing\\Route), Object(Illuminate\\Http\\Request))
#35 E:\\SEMESTER 5\\Pemrograman Framework\\BELAJAR\\Inventory_system\\vendor\\laravel\\framework\\src\\Illuminate\\Routing\\Router.php(764): Illuminate\\Routing\\Router->runRoute(Object(Illuminate\\Http\\Request), Object(Illuminate\\Routing\\Route))
#36 E:\\SEMESTER 5\\Pemrograman Framework\\BELAJAR\\Inventory_system\\vendor\\laravel\\framework\\src\\Illuminate\\Routing\\Router.php(753): Illuminate\\Routing\\Router->dispatchToRoute(Object(Illuminate\\Http\\Request))
#37 E:\\SEMESTER 5\\Pemrograman Framework\\BELAJAR\\Inventory_system\\vendor\\laravel\\framework\\src\\Illuminate\\Foundation\\Http\\Kernel.php(200): Illuminate\\Routing\\Router->dispatch(Object(Illuminate\\Http\\Request))
#38 E:\\SEMESTER 5\\Pemrograman Framework\\BELAJAR\\Inventory_system\\vendor\\laravel\\framework\\src\\Illuminate\\Pipeline\\Pipeline.php(180): Illuminate\\Foundation\\Http\\Kernel->Illuminate\\Foundation\\Http\\{closure}(Object(Illuminate\\Http\\Request))
#39 E:\\SEMESTER 5\\Pemrograman Framework\\BELAJAR\\Inventory_system\\vendor\\laravel\\framework\\src\\Illuminate\\Foundation\\Http\\Middleware\\TransformsRequest.php(21): Illuminate\\Pipeline\\Pipeline->Illuminate\\Pipeline\\{closure}(Object(Illuminate\\Http\\Request))
#40 E:\\SEMESTER 5\\Pemrograman Framework\\BELAJAR\\Inventory_system\\vendor\\laravel\\framework\\src\\Illuminate\\Foundation\\Http\\Middleware\\ConvertEmptyStringsToNull.php(31): Illuminate\\Foundation\\Http\\Middleware\\TransformsRequest->handle(Object(Illuminate\\Http\\Request), Object(Closure))
#41 E:\\SEMESTER 5\\Pemrograman Framework\\BELAJAR\\Inventory_system\\vendor\\laravel\\framework\\src\\Illuminate\\Pipeline\\Pipeline.php(219): Illuminate\\Foundation\\Http\\Middleware\\ConvertEmptyStringsToNull->handle(Object(Illuminate\\Http\\Request), Object(Closure))
#42 E:\\SEMESTER 5\\Pemrograman Framework\\BELAJAR\\Inventory_system\\vendor\\laravel\\framework\\src\\Illuminate\\Foundation\\Http\\Middleware\\TransformsRequest.php(21): Illuminate\\Pipeline\\Pipeline->Illuminate\\Pipeline\\{closure}(Object(Illuminate\\Http\\Request))
#43 E:\\SEMESTER 5\\Pemrograman Framework\\BELAJAR\\Inventory_system\\vendor\\laravel\\framework\\src\\Illuminate\\Foundation\\Http\\Middleware\\TrimStrings.php(51): Illuminate\\Foundation\\Http\\Middleware\\TransformsRequest->handle(Object(Illuminate\\Http\\Request), Object(Closure))
#44 E:\\SEMESTER 5\\Pemrograman Framework\\BELAJAR\\Inventory_system\\vendor\\laravel\\framework\\src\\Illuminate\\Pipeline\\Pipeline.php(219): Illuminate\\Foundation\\Http\\Middleware\\TrimStrings->handle(Object(Illuminate\\Http\\Request), Object(Closure))
#45 E:\\SEMESTER 5\\Pemrograman Framework\\BELAJAR\\Inventory_system\\vendor\\laravel\\framework\\src\\Illuminate\\Http\\Middleware\\ValidatePostSize.php(27): Illuminate\\Pipeline\\Pipeline->Illuminate\\Pipeline\\{closure}(Object(Illuminate\\Http\\Request))
#46 E:\\SEMESTER 5\\Pemrograman Framework\\BELAJAR\\Inventory_system\\vendor\\laravel\\framework\\src\\Illuminate\\Pipeline\\Pipeline.php(219): Illuminate\\Http\\Middleware\\ValidatePostSize->handle(Object(Illuminate\\Http\\Request), Object(Closure))
#47 E:\\SEMESTER 5\\Pemrograman Framework\\BELAJAR\\Inventory_system\\vendor\\laravel\\framework\\src\\Illuminate\\Foundation\\Http\\Middleware\\PreventRequestsDuringMaintenance.php(109): Illuminate\\Pipeline\\Pipeline->Illuminate\\Pipeline\\{closure}(Object(Illuminate\\Http\\Request))
#48 E:\\SEMESTER 5\\Pemrograman Framework\\BELAJAR\\Inventory_system\\vendor\\laravel\\framework\\src\\Illuminate\\Pipeline\\Pipeline.php(219): Illuminate\\Foundation\\Http\\Middleware\\PreventRequestsDuringMaintenance->handle(Object(Illuminate\\Http\\Request), Object(Closure))
#49 E:\\SEMESTER 5\\Pemrograman Framework\\BELAJAR\\Inventory_system\\vendor\\laravel\\framework\\src\\Illuminate\\Http\\Middleware\\HandleCors.php(48): Illuminate\\Pipeline\\Pipeline->Illuminate\\Pipeline\\{closure}(Object(Illuminate\\Http\\Request))
#50 E:\\SEMESTER 5\\Pemrograman Framework\\BELAJAR\\Inventory_system\\vendor\\laravel\\framework\\src\\Illuminate\\Pipeline\\Pipeline.php(219): Illuminate\\Http\\Middleware\\HandleCors->handle(Object(Illuminate\\Http\\Request), Object(Closure))
#51 E:\\SEMESTER 5\\Pemrograman Framework\\BELAJAR\\Inventory_system\\vendor\\laravel\\framework\\src\\Illuminate\\Http\\Middleware\\TrustProxies.php(58): Illuminate\\Pipeline\\Pipeline->Illuminate\\Pipeline\\{closure}(Object(Illuminate\\Http\\Request))
#52 E:\\SEMESTER 5\\Pemrograman Framework\\BELAJAR\\Inventory_system\\vendor\\laravel\\framework\\src\\Illuminate\\Pipeline\\Pipeline.php(219): Illuminate\\Http\\Middleware\\TrustProxies->handle(Object(Illuminate\\Http\\Request), Object(Closure))
#53 E:\\SEMESTER 5\\Pemrograman Framework\\BELAJAR\\Inventory_system\\vendor\\laravel\\framework\\src\\Illuminate\\Foundation\\Http\\Middleware\\InvokeDeferredCallbacks.php(22): Illuminate\\Pipeline\\Pipeline->Illuminate\\Pipeline\\{closure}(Object(Illuminate\\Http\\Request))
#54 E:\\SEMESTER 5\\Pemrograman Framework\\BELAJAR\\Inventory_system\\vendor\\laravel\\framework\\src\\Illuminate\\Pipeline\\Pipeline.php(219): Illuminate\\Foundation\\Http\\Middleware\\InvokeDeferredCallbacks->handle(Object(Illuminate\\Http\\Request), Object(Closure))
#55 E:\\SEMESTER 5\\Pemrograman Framework\\BELAJAR\\Inventory_system\\vendor\\laravel\\framework\\src\\Illuminate\\Http\\Middleware\\ValidatePathEncoding.php(26): Illuminate\\Pipeline\\Pipeline->Illuminate\\Pipeline\\{closure}(Object(Illuminate\\Http\\Request))
#56 E:\\SEMESTER 5\\Pemrograman Framework\\BELAJAR\\Inventory_system\\vendor\\laravel\\framework\\src\\Illuminate\\Pipeline\\Pipeline.php(219): Illuminate\\Http\\Middleware\\ValidatePathEncoding->handle(Object(Illuminate\\Http\\Request), Object(Closure))
#57 E:\\SEMESTER 5\\Pemrograman Framework\\BELAJAR\\Inventory_system\\vendor\\laravel\\framework\\src\\Illuminate\\Pipeline\\Pipeline.php(137): Illuminate\\Pipeline\\Pipeline->Illuminate\\Pipeline\\{closure}(Object(Illuminate\\Http\\Request))
#58 E:\\SEMESTER 5\\Pemrograman Framework\\BELAJAR\\Inventory_system\\vendor\\laravel\\framework\\src\\Illuminate\\Foundation\\Http\\Kernel.php(175): Illuminate\\Pipeline\\Pipeline->then(Object(Closure))
#59 E:\\SEMESTER 5\\Pemrograman Framework\\BELAJAR\\Inventory_system\\vendor\\laravel\\framework\\src\\Illuminate\\Foundation\\Http\\Kernel.php(144): Illuminate\\Foundation\\Http\\Kernel->sendRequestThroughRouter(Object(Illuminate\\Http\\Request))
#60 E:\\SEMESTER 5\\Pemrograman Framework\\BELAJAR\\Inventory_system\\vendor\\laravel\\framework\\src\\Illuminate\\Foundation\\Application.php(1220): Illuminate\\Foundation\\Http\\Kernel->handle(Object(Illuminate\\Http\\Request))
#61 E:\\SEMESTER 5\\Pemrograman Framework\\BELAJAR\\Inventory_system\\public\\index.php(20): Illuminate\\Foundation\\Application->handleRequest(Object(Illuminate\\Http\\Request))
#62 E:\\SEMESTER 5\\Pemrograman Framework\\BELAJAR\\Inventory_system\\vendor\\laravel\\framework\\src\\Illuminate\\Foundation\\resources\\server.php(23): require_once('E:\\\\SEMESTER 5\\\\P...')
#63 {main}
"} 
[2025-11-25 17:42:01] local.ERROR: Route [transactions.create] not defined. (View: E:\SEMESTER 5\Pemrograman Framework\BELAJAR\Inventory_system\resources\views\transactions\history.blade.php) {"userId":2,"exception":"[object] (Illuminate\\View\\ViewException(code: 0): Route [transactions.create] not defined. (View: E:\\SEMESTER 5\\Pemrograman Framework\\BELAJAR\\Inventory_system\\resources\\views\\transactions\\history.blade.php) at E:\\SEMESTER 5\\Pemrograman Framework\\BELAJAR\\Inventory_system\\vendor\\laravel\\framework\\src\\Illuminate\\Routing\\UrlGenerator.php:526)
[stacktrace]
#0 E:\\SEMESTER 5\\Pemrograman Framework\\BELAJAR\\Inventory_system\\vendor\\laravel\\framework\\src\\Illuminate\\View\\Engines\\PhpEngine.php(59): Illuminate\\View\\Engines\\CompilerEngine->handleViewException(Object(Symfony\\Component\\Routing\\Exception\\RouteNotFoundException), 1)
#1 E:\\SEMESTER 5\\Pemrograman Framework\\BELAJAR\\Inventory_system\\vendor\\laravel\\framework\\src\\Illuminate\\View\\Engines\\CompilerEngine.php(76): Illuminate\\View\\Engines\\PhpEngine->evaluatePath('E:\\\\SEMESTER 5\\\\P...', Array)
#2 E:\\SEMESTER 5\\Pemrograman Framework\\BELAJAR\\Inventory_system\\vendor\\laravel\\framework\\src\\Illuminate\\View\\View.php(208): Illuminate\\View\\Engines\\CompilerEngine->get('E:\\\\SEMESTER 5\\\\P...', Array)
#3 E:\\SEMESTER 5\\Pemrograman Framework\\BELAJAR\\Inventory_system\\vendor\\laravel\\framework\\src\\Illuminate\\View\\View.php(191): Illuminate\\View\\View->getContents()
#4 E:\\SEMESTER 5\\Pemrograman Framework\\BELAJAR\\Inventory_system\\vendor\\laravel\\framework\\src\\Illuminate\\View\\View.php(160): Illuminate\\View\\View->renderContents()
#5 E:\\SEMESTER 5\\Pemrograman Framework\\BELAJAR\\Inventory_system\\vendor\\laravel\\framework\\src\\Illuminate\\Http\\Response.php(78): Illuminate\\View\\View->render()
#6 E:\\SEMESTER 5\\Pemrograman Framework\\BELAJAR\\Inventory_system\\vendor\\laravel\\framework\\src\\Illuminate\\Http\\Response.php(34): Illuminate\\Http\\Response->setContent(Object(Illuminate\\View\\View))
#7 E:\\SEMESTER 5\\Pemrograman Framework\\BELAJAR\\Inventory_system\\vendor\\laravel\\framework\\src\\Illuminate\\Routing\\Router.php(939): Illuminate\\Http\\Response->__construct(Object(Illuminate\\View\\View), 200, Array)
#8 E:\\SEMESTER 5\\Pemrograman Framework\\BELAJAR\\Inventory_system\\vendor\\laravel\\framework\\src\\Illuminate\\Routing\\Router.php(906): Illuminate\\Routing\\Router::toResponse(Object(Illuminate\\Http\\Request), Object(Illuminate\\View\\View))
#9 E:\\SEMESTER 5\\Pemrograman Framework\\BELAJAR\\Inventory_system\\vendor\\laravel\\framework\\src\\Illuminate\\Routing\\Router.php(821): Illuminate\\Routing\\Router->prepareResponse(Object(Illuminate\\Http\\Request), Object(Illuminate\\View\\View))
#10 E:\\SEMESTER 5\\Pemrograman Framework\\BELAJAR\\Inventory_system\\vendor\\laravel\\framework\\src\\Illuminate\\Pipeline\\Pipeline.php(180): Illuminate\\Routing\\Router->Illuminate\\Routing\\{closure}(Object(Illuminate\\Http\\Request))
#11 E:\\SEMESTER 5\\Pemrograman Framework\\BELAJAR\\Inventory_system\\app\\Http\\Middleware\\RoleMiddleware.php(24): Illuminate\\Pipeline\\Pipeline->Illuminate\\Pipeline\\{closure}(Object(Illuminate\\Http\\Request))
#12 E:\\SEMESTER 5\\Pemrograman Framework\\BELAJAR\\Inventory_system\\vendor\\laravel\\framework\\src\\Illuminate\\Pipeline\\Pipeline.php(219): App\\Http\\Middleware\\RoleMiddleware->handle(Object(Illuminate\\Http\\Request), Object(Closure), 'gudang|kasir')
#13 E:\\SEMESTER 5\\Pemrograman Framework\\BELAJAR\\Inventory_system\\vendor\\laravel\\framework\\src\\Illuminate\\Routing\\Middleware\\SubstituteBindings.php(50): Illuminate\\Pipeline\\Pipeline->Illuminate\\Pipeline\\{closure}(Object(Illuminate\\Http\\Request))
#14 E:\\SEMESTER 5\\Pemrograman Framework\\BELAJAR\\Inventory_system\\vendor\\laravel\\framework\\src\\Illuminate\\Pipeline\\Pipeline.php(219): Illuminate\\Routing\\Middleware\\SubstituteBindings->handle(Object(Illuminate\\Http\\Request), Object(Closure))
#15 E:\\SEMESTER 5\\Pemrograman Framework\\BELAJAR\\Inventory_system\\vendor\\laravel\\framework\\src\\Illuminate\\Auth\\Middleware\\Authenticate.php(63): Illuminate\\Pipeline\\Pipeline->Illuminate\\Pipeline\\{closure}(Object(Illuminate\\Http\\Request))
#16 E:\\SEMESTER 5\\Pemrograman Framework\\BELAJAR\\Inventory_system\\vendor\\laravel\\framework\\src\\Illuminate\\Pipeline\\Pipeline.php(219): Illuminate\\Auth\\Middleware\\Authenticate->handle(Object(Illuminate\\Http\\Request), Object(Closure))
#17 E:\\SEMESTER 5\\Pemrograman Framework\\BELAJAR\\Inventory_system\\vendor\\laravel\\framework\\src\\Illuminate\\Foundation\\Http\\Middleware\\VerifyCsrfToken.php(87): Illuminate\\Pipeline\\Pipeline->Illuminate\\Pipeline\\{closure}(Object(Illuminate\\Http\\Request))
#18 E:\\SEMESTER 5\\Pemrograman Framework\\BELAJAR\\Inventory_system\\vendor\\laravel\\framework\\src\\Illuminate\\Pipeline\\Pipeline.php(219): Illuminate\\Foundation\\Http\\Middleware\\VerifyCsrfToken->handle(Object(Illuminate\\Http\\Request), Object(Closure))
#19 E:\\SEMESTER 5\\Pemrograman Framework\\BELAJAR\\Inventory_system\\vendor\\laravel\\framework\\src\\Illuminate\\View\\Middleware\\ShareErrorsFromSession.php(48): Illuminate\\Pipeline\\Pipeline->Illuminate\\Pipeline\\{closure}(Object(Illuminate\\Http\\Request))
#20 E:\\SEMESTER 5\\Pemrograman Framework\\BELAJAR\\Inventory_system\\vendor\\laravel\\framework\\src\\Illuminate\\Pipeline\\Pipeline.php(219): Illuminate\\View\\Middleware\\ShareErrorsFromSession->handle(Object(Illuminate\\Http\\Request), Object(Closure))
#21 E:\\SEMESTER 5\\Pemrograman Framework\\BELAJAR\\Inventory_system\\vendor\\laravel\\framework\\src\\Illuminate\\Session\\Middleware\\StartSession.php(120): Illuminate\\Pipeline\\Pipeline->Illuminate\\Pipeline\\{closure}(Object(Illuminate\\Http\\Request))
#22 E:\\SEMESTER 5\\Pemrograman Framework\\BELAJAR\\Inventory_system\\vendor\\laravel\\framework\\src\\Illuminate\\Session\\Middleware\\StartSession.php(63): Illuminate\\Session\\Middleware\\StartSession->handleStatefulRequest(Object(Illuminate\\Http\\Request), Object(Illuminate\\Session\\Store), Object(Closure))
#23 E:\\SEMESTER 5\\Pemrograman Framework\\BELAJAR\\Inventory_system\\vendor\\laravel\\framework\\src\\Illuminate\\Pipeline\\Pipeline.php(219): Illuminate\\Session\\Middleware\\StartSession->handle(Object(Illuminate\\Http\\Request), Object(Closure))
#24 E:\\SEMESTER 5\\Pemrograman Framework\\BELAJAR\\Inventory_system\\vendor\\laravel\\framework\\src\\Illuminate\\Cookie\\Middleware\\AddQueuedCookiesToResponse.php(36): Illuminate\\Pipeline\\Pipeline->Illuminate\\Pipeline\\{closure}(Object(Illuminate\\Http\\Request))
#25 E:\\SEMESTER 5\\Pemrograman Framework\\BELAJAR\\Inventory_system\\vendor\\laravel\\framework\\src\\Illuminate\\Pipeline\\Pipeline.php(219): Illuminate\\Cookie\\Middleware\\AddQueuedCookiesToResponse->handle(Object(Illuminate\\Http\\Request), Object(Closure))
#26 E:\\SEMESTER 5\\Pemrograman Framework\\BELAJAR\\Inventory_system\\vendor\\laravel\\framework\\src\\Illuminate\\Cookie\\Middleware\\EncryptCookies.php(74): Illuminate\\Pipeline\\Pipeline->Illuminate\\Pipeline\\{closure}(Object(Illuminate\\Http\\Request))
#27 E:\\SEMESTER 5\\Pemrograman Framework\\BELAJAR\\Inventory_system\\vendor\\laravel\\framework\\src\\Illuminate\\Pipeline\\Pipeline.php(219): Illuminate\\Cookie\\Middleware\\EncryptCookies->handle(Object(Illuminate\\Http\\Request), Object(Closure))
#28 E:\\SEMESTER 5\\Pemrograman Framework\\BELAJAR\\Inventory_system\\vendor\\laravel\\framework\\src\\Illuminate\\Pipeline\\Pipeline.php(137): Illuminate\\Pipeline\\Pipeline->Illuminate\\Pipeline\\{closure}(Object(Illuminate\\Http\\Request))
#29 E:\\SEMESTER 5\\Pemrograman Framework\\BELAJAR\\Inventory_system\\vendor\\laravel\\framework\\src\\Illuminate\\Routing\\Router.php(821): Illuminate\\Pipeline\\Pipeline->then(Object(Closure))
#30 E:\\SEMESTER 5\\Pemrograman Framework\\BELAJAR\\Inventory_system\\vendor\\laravel\\framework\\src\\Illuminate\\Routing\\Router.php(800): Illuminate\\Routing\\Router->runRouteWithinStack(Object(Illuminate\\Routing\\Route), Object(Illuminate\\Http\\Request))
#31 E:\\SEMESTER 5\\Pemrograman Framework\\BELAJAR\\Inventory_system\\vendor\\laravel\\framework\\src\\Illuminate\\Routing\\Router.php(764): Illuminate\\Routing\\Router->runRoute(Object(Illuminate\\Http\\Request), Object(Illuminate\\Routing\\Route))
#32 E:\\SEMESTER 5\\Pemrograman Framework\\BELAJAR\\Inventory_system\\vendor\\laravel\\framework\\src\\Illuminate\\Routing\\Router.php(753): Illuminate\\Routing\\Router->dispatchToRoute(Object(Illuminate\\Http\\Request))
#33 E:\\SEMESTER 5\\Pemrograman Framework\\BELAJAR\\Inventory_system\\vendor\\laravel\\framework\\src\\Illuminate\\Foundation\\Http\\Kernel.php(200): Illuminate\\Routing\\Router->dispatch(Object(Illuminate\\Http\\Request))
#34 E:\\SEMESTER 5\\Pemrograman Framework\\BELAJAR\\Inventory_system\\vendor\\laravel\\framework\\src\\Illuminate\\Pipeline\\Pipeline.php(180): Illuminate\\Foundation\\Http\\Kernel->Illuminate\\Foundation\\Http\\{closure}(Object(Illuminate\\Http\\Request))
#35 E:\\SEMESTER 5\\Pemrograman Framework\\BELAJAR\\Inventory_system\\vendor\\laravel\\framework\\src\\Illuminate\\Foundation\\Http\\Middleware\\TransformsRequest.php(21): Illuminate\\Pipeline\\Pipeline->Illuminate\\Pipeline\\{closure}(Object(Illuminate\\Http\\Request))
#36 E:\\SEMESTER 5\\Pemrograman Framework\\BELAJAR\\Inventory_system\\vendor\\laravel\\framework\\src\\Illuminate\\Foundation\\Http\\Middleware\\ConvertEmptyStringsToNull.php(31): Illuminate\\Foundation\\Http\\Middleware\\TransformsRequest->handle(Object(Illuminate\\Http\\Request), Object(Closure))
#37 E:\\SEMESTER 5\\Pemrograman Framework\\BELAJAR\\Inventory_system\\vendor\\laravel\\framework\\src\\Illuminate\\Pipeline\\Pipeline.php(219): Illuminate\\Foundation\\Http\\Middleware\\ConvertEmptyStringsToNull->handle(Object(Illuminate\\Http\\Request), Object(Closure))
#38 E:\\SEMESTER 5\\Pemrograman Framework\\BELAJAR\\Inventory_system\\vendor\\laravel\\framework\\src\\Illuminate\\Foundation\\Http\\Middleware\\TransformsRequest.php(21): Illuminate\\Pipeline\\Pipeline->Illuminate\\Pipeline\\{closure}(Object(Illuminate\\Http\\Request))
#39 E:\\SEMESTER 5\\Pemrograman Framework\\BELAJAR\\Inventory_system\\vendor\\laravel\\framework\\src\\Illuminate\\Foundation\\Http\\Middleware\\TrimStrings.php(51): Illuminate\\Foundation\\Http\\Middleware\\TransformsRequest->handle(Object(Illuminate\\Http\\Request), Object(Closure))
#40 E:\\SEMESTER 5\\Pemrograman Framework\\BELAJAR\\Inventory_system\\vendor\\laravel\\framework\\src\\Illuminate\\Pipeline\\Pipeline.php(219): Illuminate\\Foundation\\Http\\Middleware\\TrimStrings->handle(Object(Illuminate\\Http\\Request), Object(Closure))
#41 E:\\SEMESTER 5\\Pemrograman Framework\\BELAJAR\\Inventory_system\\vendor\\laravel\\framework\\src\\Illuminate\\Http\\Middleware\\ValidatePostSize.php(27): Illuminate\\Pipeline\\Pipeline->Illuminate\\Pipeline\\{closure}(Object(Illuminate\\Http\\Request))
#42 E:\\SEMESTER 5\\Pemrograman Framework\\BELAJAR\\Inventory_system\\vendor\\laravel\\framework\\src\\Illuminate\\Pipeline\\Pipeline.php(219): Illuminate\\Http\\Middleware\\ValidatePostSize->handle(Object(Illuminate\\Http\\Request), Object(Closure))
#43 E:\\SEMESTER 5\\Pemrograman Framework\\BELAJAR\\Inventory_system\\vendor\\laravel\\framework\\src\\Illuminate\\Foundation\\Http\\Middleware\\PreventRequestsDuringMaintenance.php(109): Illuminate\\Pipeline\\Pipeline->Illuminate\\Pipeline\\{closure}(Object(Illuminate\\Http\\Request))
#44 E:\\SEMESTER 5\\Pemrograman Framework\\BELAJAR\\Inventory_system\\vendor\\laravel\\framework\\src\\Illuminate\\Pipeline\\Pipeline.php(219): Illuminate\\Foundation\\Http\\Middleware\\PreventRequestsDuringMaintenance->handle(Object(Illuminate\\Http\\Request), Object(Closure))
#45 E:\\SEMESTER 5\\Pemrograman Framework\\BELAJAR\\Inventory_system\\vendor\\laravel\\framework\\src\\Illuminate\\Http\\Middleware\\HandleCors.php(48): Illuminate\\Pipeline\\Pipeline->Illuminate\\Pipeline\\{closure}(Object(Illuminate\\Http\\Request))
#46 E:\\SEMESTER 5\\Pemrograman Framework\\BELAJAR\\Inventory_system\\vendor\\laravel\\framework\\src\\Illuminate\\Pipeline\\Pipeline.php(219): Illuminate\\Http\\Middleware\\HandleCors->handle(Object(Illuminate\\Http\\Request), Object(Closure))
#47 E:\\SEMESTER 5\\Pemrograman Framework\\BELAJAR\\Inventory_system\\vendor\\laravel\\framework\\src\\Illuminate\\Http\\Middleware\\TrustProxies.php(58): Illuminate\\Pipeline\\Pipeline->Illuminate\\Pipeline\\{closure}(Object(Illuminate\\Http\\Request))
#48 E:\\SEMESTER 5\\Pemrograman Framework\\BELAJAR\\Inventory_system\\vendor\\laravel\\framework\\src\\Illuminate\\Pipeline\\Pipeline.php(219): Illuminate\\Http\\Middleware\\TrustProxies->handle(Object(Illuminate\\Http\\Request), Object(Closure))
#49 E:\\SEMESTER 5\\Pemrograman Framework\\BELAJAR\\Inventory_system\\vendor\\laravel\\framework\\src\\Illuminate\\Foundation\\Http\\Middleware\\InvokeDeferredCallbacks.php(22): Illuminate\\Pipeline\\Pipeline->Illuminate\\Pipeline\\{closure}(Object(Illuminate\\Http\\Request))
#50 E:\\SEMESTER 5\\Pemrograman Framework\\BELAJAR\\Inventory_system\\vendor\\laravel\\framework\\src\\Illuminate\\Pipeline\\Pipeline.php(219): Illuminate\\Foundation\\Http\\Middleware\\InvokeDeferredCallbacks->handle(Object(Illuminate\\Http\\Request), Object(Closure))
#51 E:\\SEMESTER 5\\Pemrograman Framework\\BELAJAR\\Inventory_system\\vendor\\laravel\\framework\\src\\Illuminate\\Http\\Middleware\\ValidatePathEncoding.php(26): Illuminate\\Pipeline\\Pipeline->Illuminate\\Pipeline\\{closure}(Object(Illuminate\\Http\\Request))
#52 E:\\SEMESTER 5\\Pemrograman Framework\\BELAJAR\\Inventory_system\\vendor\\laravel\\framework\\src\\Illuminate\\Pipeline\\Pipeline.php(219): Illuminate\\Http\\Middleware\\ValidatePathEncoding->handle(Object(Illuminate\\Http\\Request), Object(Closure))
#53 E:\\SEMESTER 5\\Pemrograman Framework\\BELAJAR\\Inventory_system\\vendor\\laravel\\framework\\src\\Illuminate\\Pipeline\\Pipeline.php(137): Illuminate\\Pipeline\\Pipeline->Illuminate\\Pipeline\\{closure}(Object(Illuminate\\Http\\Request))
#54 E:\\SEMESTER 5\\Pemrograman Framework\\BELAJAR\\Inventory_system\\vendor\\laravel\\framework\\src\\Illuminate\\Foundation\\Http\\Kernel.php(175): Illuminate\\Pipeline\\Pipeline->then(Object(Closure))
#55 E:\\SEMESTER 5\\Pemrograman Framework\\BELAJAR\\Inventory_system\\vendor\\laravel\\framework\\src\\Illuminate\\Foundation\\Http\\Kernel.php(144): Illuminate\\Foundation\\Http\\Kernel->sendRequestThroughRouter(Object(Illuminate\\Http\\Request))
#56 E:\\SEMESTER 5\\Pemrograman Framework\\BELAJAR\\Inventory_system\\vendor\\laravel\\framework\\src\\Illuminate\\Foundation\\Application.php(1220): Illuminate\\Foundation\\Http\\Kernel->handle(Object(Illuminate\\Http\\Request))
#57 E:\\SEMESTER 5\\Pemrograman Framework\\BELAJAR\\Inventory_system\\public\\index.php(20): Illuminate\\Foundation\\Application->handleRequest(Object(Illuminate\\Http\\Request))
#58 E:\\SEMESTER 5\\Pemrograman Framework\\BELAJAR\\Inventory_system\\vendor\\laravel\\framework\\src\\Illuminate\\Foundation\\resources\\server.php(23): require_once('E:\\\\SEMESTER 5\\\\P...')
#59 {main}

[previous exception] [object] (Symfony\\Component\\Routing\\Exception\\RouteNotFoundException(code: 0): Route [transactions.create] not defined. at E:\\SEMESTER 5\\Pemrograman Framework\\BELAJAR\\Inventory_system\\vendor\\laravel\\framework\\src\\Illuminate\\Routing\\UrlGenerator.php:526)
[stacktrace]
#0 E:\\SEMESTER 5\\Pemrograman Framework\\BELAJAR\\Inventory_system\\vendor\\laravel\\framework\\src\\Illuminate\\Foundation\\helpers.php(871): Illuminate\\Routing\\UrlGenerator->route('transactions.cr...', Array, true)
#1 E:\\SEMESTER 5\\Pemrograman Framework\\BELAJAR\\Inventory_system\\storage\\framework\\views\\2ec7892fbb164f8b13ff05de501e96a8.php(23): route('transactions.cr...')
#2 E:\\SEMESTER 5\\Pemrograman Framework\\BELAJAR\\Inventory_system\\vendor\\laravel\\framework\\src\\Illuminate\\Filesystem\\Filesystem.php(123): require('E:\\\\SEMESTER 5\\\\P...')
#3 E:\\SEMESTER 5\\Pemrograman Framework\\BELAJAR\\Inventory_system\\vendor\\laravel\\framework\\src\\Illuminate\\Filesystem\\Filesystem.php(124): Illuminate\\Filesystem\\Filesystem::Illuminate\\Filesystem\\{closure}()
#4 E:\\SEMESTER 5\\Pemrograman Framework\\BELAJAR\\Inventory_system\\vendor\\laravel\\framework\\src\\Illuminate\\View\\Engines\\PhpEngine.php(57): Illuminate\\Filesystem\\Filesystem->getRequire('E:\\\\SEMESTER 5\\\\P...', Array)
#5 E:\\SEMESTER 5\\Pemrograman Framework\\BELAJAR\\Inventory_system\\vendor\\laravel\\framework\\src\\Illuminate\\View\\Engines\\CompilerEngine.php(76): Illuminate\\View\\Engines\\PhpEngine->evaluatePath('E:\\\\SEMESTER 5\\\\P...', Array)
#6 E:\\SEMESTER 5\\Pemrograman Framework\\BELAJAR\\Inventory_system\\vendor\\laravel\\framework\\src\\Illuminate\\View\\View.php(208): Illuminate\\View\\Engines\\CompilerEngine->get('E:\\\\SEMESTER 5\\\\P...', Array)
#7 E:\\SEMESTER 5\\Pemrograman Framework\\BELAJAR\\Inventory_system\\vendor\\laravel\\framework\\src\\Illuminate\\View\\View.php(191): Illuminate\\View\\View->getContents()
#8 E:\\SEMESTER 5\\Pemrograman Framework\\BELAJAR\\Inventory_system\\vendor\\laravel\\framework\\src\\Illuminate\\View\\View.php(160): Illuminate\\View\\View->renderContents()
#9 E:\\SEMESTER 5\\Pemrograman Framework\\BELAJAR\\Inventory_system\\vendor\\laravel\\framework\\src\\Illuminate\\Http\\Response.php(78): Illuminate\\View\\View->render()
#10 E:\\SEMESTER 5\\Pemrograman Framework\\BELAJAR\\Inventory_system\\vendor\\laravel\\framework\\src\\Illuminate\\Http\\Response.php(34): Illuminate\\Http\\Response->setContent(Object(Illuminate\\View\\View))
#11 E:\\SEMESTER 5\\Pemrograman Framework\\BELAJAR\\Inventory_system\\vendor\\laravel\\framework\\src\\Illuminate\\Routing\\Router.php(939): Illuminate\\Http\\Response->__construct(Object(Illuminate\\View\\View), 200, Array)
#12 E:\\SEMESTER 5\\Pemrograman Framework\\BELAJAR\\Inventory_system\\vendor\\laravel\\framework\\src\\Illuminate\\Routing\\Router.php(906): Illuminate\\Routing\\Router::toResponse(Object(Illuminate\\Http\\Request), Object(Illuminate\\View\\View))
#13 E:\\SEMESTER 5\\Pemrograman Framework\\BELAJAR\\Inventory_system\\vendor\\laravel\\framework\\src\\Illuminate\\Routing\\Router.php(821): Illuminate\\Routing\\Router->prepareResponse(Object(Illuminate\\Http\\Request), Object(Illuminate\\View\\View))
#14 E:\\SEMESTER 5\\Pemrograman Framework\\BELAJAR\\Inventory_system\\vendor\\laravel\\framework\\src\\Illuminate\\Pipeline\\Pipeline.php(180): Illuminate\\Routing\\Router->Illuminate\\Routing\\{closure}(Object(Illuminate\\Http\\Request))
#15 E:\\SEMESTER 5\\Pemrograman Framework\\BELAJAR\\Inventory_system\\app\\Http\\Middleware\\RoleMiddleware.php(24): Illuminate\\Pipeline\\Pipeline->Illuminate\\Pipeline\\{closure}(Object(Illuminate\\Http\\Request))
#16 E:\\SEMESTER 5\\Pemrograman Framework\\BELAJAR\\Inventory_system\\vendor\\laravel\\framework\\src\\Illuminate\\Pipeline\\Pipeline.php(219): App\\Http\\Middleware\\RoleMiddleware->handle(Object(Illuminate\\Http\\Request), Object(Closure), 'gudang|kasir')
#17 E:\\SEMESTER 5\\Pemrograman Framework\\BELAJAR\\Inventory_system\\vendor\\laravel\\framework\\src\\Illuminate\\Routing\\Middleware\\SubstituteBindings.php(50): Illuminate\\Pipeline\\Pipeline->Illuminate\\Pipeline\\{closure}(Object(Illuminate\\Http\\Request))
#18 E:\\SEMESTER 5\\Pemrograman Framework\\BELAJAR\\Inventory_system\\vendor\\laravel\\framework\\src\\Illuminate\\Pipeline\\Pipeline.php(219): Illuminate\\Routing\\Middleware\\SubstituteBindings->handle(Object(Illuminate\\Http\\Request), Object(Closure))
#19 E:\\SEMESTER 5\\Pemrograman Framework\\BELAJAR\\Inventory_system\\vendor\\laravel\\framework\\src\\Illuminate\\Auth\\Middleware\\Authenticate.php(63): Illuminate\\Pipeline\\Pipeline->Illuminate\\Pipeline\\{closure}(Object(Illuminate\\Http\\Request))
#20 E:\\SEMESTER 5\\Pemrograman Framework\\BELAJAR\\Inventory_system\\vendor\\laravel\\framework\\src\\Illuminate\\Pipeline\\Pipeline.php(219): Illuminate\\Auth\\Middleware\\Authenticate->handle(Object(Illuminate\\Http\\Request), Object(Closure))
#21 E:\\SEMESTER 5\\Pemrograman Framework\\BELAJAR\\Inventory_system\\vendor\\laravel\\framework\\src\\Illuminate\\Foundation\\Http\\Middleware\\VerifyCsrfToken.php(87): Illuminate\\Pipeline\\Pipeline->Illuminate\\Pipeline\\{closure}(Object(Illuminate\\Http\\Request))
#22 E:\\SEMESTER 5\\Pemrograman Framework\\BELAJAR\\Inventory_system\\vendor\\laravel\\framework\\src\\Illuminate\\Pipeline\\Pipeline.php(219): Illuminate\\Foundation\\Http\\Middleware\\VerifyCsrfToken->handle(Object(Illuminate\\Http\\Request), Object(Closure))
#23 E:\\SEMESTER 5\\Pemrograman Framework\\BELAJAR\\Inventory_system\\vendor\\laravel\\framework\\src\\Illuminate\\View\\Middleware\\ShareErrorsFromSession.php(48): Illuminate\\Pipeline\\Pipeline->Illuminate\\Pipeline\\{closure}(Object(Illuminate\\Http\\Request))
#24 E:\\SEMESTER 5\\Pemrograman Framework\\BELAJAR\\Inventory_system\\vendor\\laravel\\framework\\src\\Illuminate\\Pipeline\\Pipeline.php(219): Illuminate\\View\\Middleware\\ShareErrorsFromSession->handle(Object(Illuminate\\Http\\Request), Object(Closure))
#25 E:\\SEMESTER 5\\Pemrograman Framework\\BELAJAR\\Inventory_system\\vendor\\laravel\\framework\\src\\Illuminate\\Session\\Middleware\\StartSession.php(120): Illuminate\\Pipeline\\Pipeline->Illuminate\\Pipeline\\{closure}(Object(Illuminate\\Http\\Request))
#26 E:\\SEMESTER 5\\Pemrograman Framework\\BELAJAR\\Inventory_system\\vendor\\laravel\\framework\\src\\Illuminate\\Session\\Middleware\\StartSession.php(63): Illuminate\\Session\\Middleware\\StartSession->handleStatefulRequest(Object(Illuminate\\Http\\Request), Object(Illuminate\\Session\\Store), Object(Closure))
#27 E:\\SEMESTER 5\\Pemrograman Framework\\BELAJAR\\Inventory_system\\vendor\\laravel\\framework\\src\\Illuminate\\Pipeline\\Pipeline.php(219): Illuminate\\Session\\Middleware\\StartSession->handle(Object(Illuminate\\Http\\Request), Object(Closure))
#28 E:\\SEMESTER 5\\Pemrograman Framework\\BELAJAR\\Inventory_system\\vendor\\laravel\\framework\\src\\Illuminate\\Cookie\\Middleware\\AddQueuedCookiesToResponse.php(36): Illuminate\\Pipeline\\Pipeline->Illuminate\\Pipeline\\{closure}(Object(Illuminate\\Http\\Request))
#29 E:\\SEMESTER 5\\Pemrograman Framework\\BELAJAR\\Inventory_system\\vendor\\laravel\\framework\\src\\Illuminate\\Pipeline\\Pipeline.php(219): Illuminate\\Cookie\\Middleware\\AddQueuedCookiesToResponse->handle(Object(Illuminate\\Http\\Request), Object(Closure))
#30 E:\\SEMESTER 5\\Pemrograman Framework\\BELAJAR\\Inventory_system\\vendor\\laravel\\framework\\src\\Illuminate\\Cookie\\Middleware\\EncryptCookies.php(74): Illuminate\\Pipeline\\Pipeline->Illuminate\\Pipeline\\{closure}(Object(Illuminate\\Http\\Request))
#31 E:\\SEMESTER 5\\Pemrograman Framework\\BELAJAR\\Inventory_system\\vendor\\laravel\\framework\\src\\Illuminate\\Pipeline\\Pipeline.php(219): Illuminate\\Cookie\\Middleware\\EncryptCookies->handle(Object(Illuminate\\Http\\Request), Object(Closure))
#32 E:\\SEMESTER 5\\Pemrograman Framework\\BELAJAR\\Inventory_system\\vendor\\laravel\\framework\\src\\Illuminate\\Pipeline\\Pipeline.php(137): Illuminate\\Pipeline\\Pipeline->Illuminate\\Pipeline\\{closure}(Object(Illuminate\\Http\\Request))
#33 E:\\SEMESTER 5\\Pemrograman Framework\\BELAJAR\\Inventory_system\\vendor\\laravel\\framework\\src\\Illuminate\\Routing\\Router.php(821): Illuminate\\Pipeline\\Pipeline->then(Object(Closure))
#34 E:\\SEMESTER 5\\Pemrograman Framework\\BELAJAR\\Inventory_system\\vendor\\laravel\\framework\\src\\Illuminate\\Routing\\Router.php(800): Illuminate\\Routing\\Router->runRouteWithinStack(Object(Illuminate\\Routing\\Route), Object(Illuminate\\Http\\Request))
#35 E:\\SEMESTER 5\\Pemrograman Framework\\BELAJAR\\Inventory_system\\vendor\\laravel\\framework\\src\\Illuminate\\Routing\\Router.php(764): Illuminate\\Routing\\Router->runRoute(Object(Illuminate\\Http\\Request), Object(Illuminate\\Routing\\Route))
#36 E:\\SEMESTER 5\\Pemrograman Framework\\BELAJAR\\Inventory_system\\vendor\\laravel\\framework\\src\\Illuminate\\Routing\\Router.php(753): Illuminate\\Routing\\Router->dispatchToRoute(Object(Illuminate\\Http\\Request))
#37 E:\\SEMESTER 5\\Pemrograman Framework\\BELAJAR\\Inventory_system\\vendor\\laravel\\framework\\src\\Illuminate\\Foundation\\Http\\Kernel.php(200): Illuminate\\Routing\\Router->dispatch(Object(Illuminate\\Http\\Request))
#38 E:\\SEMESTER 5\\Pemrograman Framework\\BELAJAR\\Inventory_system\\vendor\\laravel\\framework\\src\\Illuminate\\Pipeline\\Pipeline.php(180): Illuminate\\Foundation\\Http\\Kernel->Illuminate\\Foundation\\Http\\{closure}(Object(Illuminate\\Http\\Request))
#39 E:\\SEMESTER 5\\Pemrograman Framework\\BELAJAR\\Inventory_system\\vendor\\laravel\\framework\\src\\Illuminate\\Foundation\\Http\\Middleware\\TransformsRequest.php(21): Illuminate\\Pipeline\\Pipeline->Illuminate\\Pipeline\\{closure}(Object(Illuminate\\Http\\Request))
#40 E:\\SEMESTER 5\\Pemrograman Framework\\BELAJAR\\Inventory_system\\vendor\\laravel\\framework\\src\\Illuminate\\Foundation\\Http\\Middleware\\ConvertEmptyStringsToNull.php(31): Illuminate\\Foundation\\Http\\Middleware\\TransformsRequest->handle(Object(Illuminate\\Http\\Request), Object(Closure))
#41 E:\\SEMESTER 5\\Pemrograman Framework\\BELAJAR\\Inventory_system\\vendor\\laravel\\framework\\src\\Illuminate\\Pipeline\\Pipeline.php(219): Illuminate\\Foundation\\Http\\Middleware\\ConvertEmptyStringsToNull->handle(Object(Illuminate\\Http\\Request), Object(Closure))
#42 E:\\SEMESTER 5\\Pemrograman Framework\\BELAJAR\\Inventory_system\\vendor\\laravel\\framework\\src\\Illuminate\\Foundation\\Http\\Middleware\\TransformsRequest.php(21): Illuminate\\Pipeline\\Pipeline->Illuminate\\Pipeline\\{closure}(Object(Illuminate\\Http\\Request))
#43 E:\\SEMESTER 5\\Pemrograman Framework\\BELAJAR\\Inventory_system\\vendor\\laravel\\framework\\src\\Illuminate\\Foundation\\Http\\Middleware\\TrimStrings.php(51): Illuminate\\Foundation\\Http\\Middleware\\TransformsRequest->handle(Object(Illuminate\\Http\\Request), Object(Closure))
#44 E:\\SEMESTER 5\\Pemrograman Framework\\BELAJAR\\Inventory_system\\vendor\\laravel\\framework\\src\\Illuminate\\Pipeline\\Pipeline.php(219): Illuminate\\Foundation\\Http\\Middleware\\TrimStrings->handle(Object(Illuminate\\Http\\Request), Object(Closure))
#45 E:\\SEMESTER 5\\Pemrograman Framework\\BELAJAR\\Inventory_system\\vendor\\laravel\\framework\\src\\Illuminate\\Http\\Middleware\\ValidatePostSize.php(27): Illuminate\\Pipeline\\Pipeline->Illuminate\\Pipeline\\{closure}(Object(Illuminate\\Http\\Request))
#46 E:\\SEMESTER 5\\Pemrograman Framework\\BELAJAR\\Inventory_system\\vendor\\laravel\\framework\\src\\Illuminate\\Pipeline\\Pipeline.php(219): Illuminate\\Http\\Middleware\\ValidatePostSize->handle(Object(Illuminate\\Http\\Request), Object(Closure))
#47 E:\\SEMESTER 5\\Pemrograman Framework\\BELAJAR\\Inventory_system\\vendor\\laravel\\framework\\src\\Illuminate\\Foundation\\Http\\Middleware\\PreventRequestsDuringMaintenance.php(109): Illuminate\\Pipeline\\Pipeline->Illuminate\\Pipeline\\{closure}(Object(Illuminate\\Http\\Request))
#48 E:\\SEMESTER 5\\Pemrograman Framework\\BELAJAR\\Inventory_system\\vendor\\laravel\\framework\\src\\Illuminate\\Pipeline\\Pipeline.php(219): Illuminate\\Foundation\\Http\\Middleware\\PreventRequestsDuringMaintenance->handle(Object(Illuminate\\Http\\Request), Object(Closure))
#49 E:\\SEMESTER 5\\Pemrograman Framework\\BELAJAR\\Inventory_system\\vendor\\laravel\\framework\\src\\Illuminate\\Http\\Middleware\\HandleCors.php(48): Illuminate\\Pipeline\\Pipeline->Illuminate\\Pipeline\\{closure}(Object(Illuminate\\Http\\Request))
#50 E:\\SEMESTER 5\\Pemrograman Framework\\BELAJAR\\Inventory_system\\vendor\\laravel\\framework\\src\\Illuminate\\Pipeline\\Pipeline.php(219): Illuminate\\Http\\Middleware\\HandleCors->handle(Object(Illuminate\\Http\\Request), Object(Closure))
#51 E:\\SEMESTER 5\\Pemrograman Framework\\BELAJAR\\Inventory_system\\vendor\\laravel\\framework\\src\\Illuminate\\Http\\Middleware\\TrustProxies.php(58): Illuminate\\Pipeline\\Pipeline->Illuminate\\Pipeline\\{closure}(Object(Illuminate\\Http\\Request))
#52 E:\\SEMESTER 5\\Pemrograman Framework\\BELAJAR\\Inventory_system\\vendor\\laravel\\framework\\src\\Illuminate\\Pipeline\\Pipeline.php(219): Illuminate\\Http\\Middleware\\TrustProxies->handle(Object(Illuminate\\Http\\Request), Object(Closure))
#53 E:\\SEMESTER 5\\Pemrograman Framework\\BELAJAR\\Inventory_system\\vendor\\laravel\\framework\\src\\Illuminate\\Foundation\\Http\\Middleware\\InvokeDeferredCallbacks.php(22): Illuminate\\Pipeline\\Pipeline->Illuminate\\Pipeline\\{closure}(Object(Illuminate\\Http\\Request))
#54 E:\\SEMESTER 5\\Pemrograman Framework\\BELAJAR\\Inventory_system\\vendor\\laravel\\framework\\src\\Illuminate\\Pipeline\\Pipeline.php(219): Illuminate\\Foundation\\Http\\Middleware\\InvokeDeferredCallbacks->handle(Object(Illuminate\\Http\\Request), Object(Closure))
#55 E:\\SEMESTER 5\\Pemrograman Framework\\BELAJAR\\Inventory_system\\vendor\\laravel\\framework\\src\\Illuminate\\Http\\Middleware\\ValidatePathEncoding.php(26): Illuminate\\Pipeline\\Pipeline->Illuminate\\Pipeline\\{closure}(Object(Illuminate\\Http\\Request))
#56 E:\\SEMESTER 5\\Pemrograman Framework\\BELAJAR\\Inventory_system\\vendor\\laravel\\framework\\src\\Illuminate\\Pipeline\\Pipeline.php(219): Illuminate\\Http\\Middleware\\ValidatePathEncoding->handle(Object(Illuminate\\Http\\Request), Object(Closure))
#57 E:\\SEMESTER 5\\Pemrograman Framework\\BELAJAR\\Inventory_system\\vendor\\laravel\\framework\\src\\Illuminate\\Pipeline\\Pipeline.php(137): Illuminate\\Pipeline\\Pipeline->Illuminate\\Pipeline\\{closure}(Object(Illuminate\\Http\\Request))
#58 E:\\SEMESTER 5\\Pemrograman Framework\\BELAJAR\\Inventory_system\\vendor\\laravel\\framework\\src\\Illuminate\\Foundation\\Http\\Kernel.php(175): Illuminate\\Pipeline\\Pipeline->then(Object(Closure))
#59 E:\\SEMESTER 5\\Pemrograman Framework\\BELAJAR\\Inventory_system\\vendor\\laravel\\framework\\src\\Illuminate\\Foundation\\Http\\Kernel.php(144): Illuminate\\Foundation\\Http\\Kernel->sendRequestThroughRouter(Object(Illuminate\\Http\\Request))
#60 E:\\SEMESTER 5\\Pemrograman Framework\\BELAJAR\\Inventory_system\\vendor\\laravel\\framework\\src\\Illuminate\\Foundation\\Application.php(1220): Illuminate\\Foundation\\Http\\Kernel->handle(Object(Illuminate\\Http\\Request))
#61 E:\\SEMESTER 5\\Pemrograman Framework\\BELAJAR\\Inventory_system\\public\\index.php(20): Illuminate\\Foundation\\Application->handleRequest(Object(Illuminate\\Http\\Request))
#62 E:\\SEMESTER 5\\Pemrograman Framework\\BELAJAR\\Inventory_system\\vendor\\laravel\\framework\\src\\Illuminate\\Foundation\\resources\\server.php(23): require_once('E:\\\\SEMESTER 5\\\\P...')
#63 {main}
"} 
[2025-11-25 17:43:38] local.ERROR: Route [transactions.create] not defined. (View: E:\SEMESTER 5\Pemrograman Framework\BELAJAR\Inventory_system\resources\views\transactions\history.blade.php) {"userId":2,"exception":"[object] (Illuminate\\View\\ViewException(code: 0): Route [transactions.create] not defined. (View: E:\\SEMESTER 5\\Pemrograman Framework\\BELAJAR\\Inventory_system\\resources\\views\\transactions\\history.blade.php) at E:\\SEMESTER 5\\Pemrograman Framework\\BELAJAR\\Inventory_system\\vendor\\laravel\\framework\\src\\Illuminate\\Routing\\UrlGenerator.php:526)
[stacktrace]
#0 E:\\SEMESTER 5\\Pemrograman Framework\\BELAJAR\\Inventory_system\\vendor\\laravel\\framework\\src\\Illuminate\\View\\Engines\\PhpEngine.php(59): Illuminate\\View\\Engines\\CompilerEngine->handleViewException(Object(Symfony\\Component\\Routing\\Exception\\RouteNotFoundException), 1)
#1 E:\\SEMESTER 5\\Pemrograman Framework\\BELAJAR\\Inventory_system\\vendor\\laravel\\framework\\src\\Illuminate\\View\\Engines\\CompilerEngine.php(76): Illuminate\\View\\Engines\\PhpEngine->evaluatePath('E:\\\\SEMESTER 5\\\\P...', Array)
#2 E:\\SEMESTER 5\\Pemrograman Framework\\BELAJAR\\Inventory_system\\vendor\\laravel\\framework\\src\\Illuminate\\View\\View.php(208): Illuminate\\View\\Engines\\CompilerEngine->get('E:\\\\SEMESTER 5\\\\P...', Array)
#3 E:\\SEMESTER 5\\Pemrograman Framework\\BELAJAR\\Inventory_system\\vendor\\laravel\\framework\\src\\Illuminate\\View\\View.php(191): Illuminate\\View\\View->getContents()
#4 E:\\SEMESTER 5\\Pemrograman Framework\\BELAJAR\\Inventory_system\\vendor\\laravel\\framework\\src\\Illuminate\\View\\View.php(160): Illuminate\\View\\View->renderContents()
#5 E:\\SEMESTER 5\\Pemrograman Framework\\BELAJAR\\Inventory_system\\vendor\\laravel\\framework\\src\\Illuminate\\Http\\Response.php(78): Illuminate\\View\\View->render()
#6 E:\\SEMESTER 5\\Pemrograman Framework\\BELAJAR\\Inventory_system\\vendor\\laravel\\framework\\src\\Illuminate\\Http\\Response.php(34): Illuminate\\Http\\Response->setContent(Object(Illuminate\\View\\View))
#7 E:\\SEMESTER 5\\Pemrograman Framework\\BELAJAR\\Inventory_system\\vendor\\laravel\\framework\\src\\Illuminate\\Routing\\Router.php(939): Illuminate\\Http\\Response->__construct(Object(Illuminate\\View\\View), 200, Array)
#8 E:\\SEMESTER 5\\Pemrograman Framework\\BELAJAR\\Inventory_system\\vendor\\laravel\\framework\\src\\Illuminate\\Routing\\Router.php(906): Illuminate\\Routing\\Router::toResponse(Object(Illuminate\\Http\\Request), Object(Illuminate\\View\\View))
#9 E:\\SEMESTER 5\\Pemrograman Framework\\BELAJAR\\Inventory_system\\vendor\\laravel\\framework\\src\\Illuminate\\Routing\\Router.php(821): Illuminate\\Routing\\Router->prepareResponse(Object(Illuminate\\Http\\Request), Object(Illuminate\\View\\View))
#10 E:\\SEMESTER 5\\Pemrograman Framework\\BELAJAR\\Inventory_system\\vendor\\laravel\\framework\\src\\Illuminate\\Pipeline\\Pipeline.php(180): Illuminate\\Routing\\Router->Illuminate\\Routing\\{closure}(Object(Illuminate\\Http\\Request))
#11 E:\\SEMESTER 5\\Pemrograman Framework\\BELAJAR\\Inventory_system\\app\\Http\\Middleware\\RoleMiddleware.php(24): Illuminate\\Pipeline\\Pipeline->Illuminate\\Pipeline\\{closure}(Object(Illuminate\\Http\\Request))
#12 E:\\SEMESTER 5\\Pemrograman Framework\\BELAJAR\\Inventory_system\\vendor\\laravel\\framework\\src\\Illuminate\\Pipeline\\Pipeline.php(219): App\\Http\\Middleware\\RoleMiddleware->handle(Object(Illuminate\\Http\\Request), Object(Closure), 'gudang|kasir')
#13 E:\\SEMESTER 5\\Pemrograman Framework\\BELAJAR\\Inventory_system\\vendor\\laravel\\framework\\src\\Illuminate\\Routing\\Middleware\\SubstituteBindings.php(50): Illuminate\\Pipeline\\Pipeline->Illuminate\\Pipeline\\{closure}(Object(Illuminate\\Http\\Request))
#14 E:\\SEMESTER 5\\Pemrograman Framework\\BELAJAR\\Inventory_system\\vendor\\laravel\\framework\\src\\Illuminate\\Pipeline\\Pipeline.php(219): Illuminate\\Routing\\Middleware\\SubstituteBindings->handle(Object(Illuminate\\Http\\Request), Object(Closure))
#15 E:\\SEMESTER 5\\Pemrograman Framework\\BELAJAR\\Inventory_system\\vendor\\laravel\\framework\\src\\Illuminate\\Auth\\Middleware\\Authenticate.php(63): Illuminate\\Pipeline\\Pipeline->Illuminate\\Pipeline\\{closure}(Object(Illuminate\\Http\\Request))
#16 E:\\SEMESTER 5\\Pemrograman Framework\\BELAJAR\\Inventory_system\\vendor\\laravel\\framework\\src\\Illuminate\\Pipeline\\Pipeline.php(219): Illuminate\\Auth\\Middleware\\Authenticate->handle(Object(Illuminate\\Http\\Request), Object(Closure))
#17 E:\\SEMESTER 5\\Pemrograman Framework\\BELAJAR\\Inventory_system\\vendor\\laravel\\framework\\src\\Illuminate\\Foundation\\Http\\Middleware\\VerifyCsrfToken.php(87): Illuminate\\Pipeline\\Pipeline->Illuminate\\Pipeline\\{closure}(Object(Illuminate\\Http\\Request))
#18 E:\\SEMESTER 5\\Pemrograman Framework\\BELAJAR\\Inventory_system\\vendor\\laravel\\framework\\src\\Illuminate\\Pipeline\\Pipeline.php(219): Illuminate\\Foundation\\Http\\Middleware\\VerifyCsrfToken->handle(Object(Illuminate\\Http\\Request), Object(Closure))
#19 E:\\SEMESTER 5\\Pemrograman Framework\\BELAJAR\\Inventory_system\\vendor\\laravel\\framework\\src\\Illuminate\\View\\Middleware\\ShareErrorsFromSession.php(48): Illuminate\\Pipeline\\Pipeline->Illuminate\\Pipeline\\{closure}(Object(Illuminate\\Http\\Request))
#20 E:\\SEMESTER 5\\Pemrograman Framework\\BELAJAR\\Inventory_system\\vendor\\laravel\\framework\\src\\Illuminate\\Pipeline\\Pipeline.php(219): Illuminate\\View\\Middleware\\ShareErrorsFromSession->handle(Object(Illuminate\\Http\\Request), Object(Closure))
#21 E:\\SEMESTER 5\\Pemrograman Framework\\BELAJAR\\Inventory_system\\vendor\\laravel\\framework\\src\\Illuminate\\Session\\Middleware\\StartSession.php(120): Illuminate\\Pipeline\\Pipeline->Illuminate\\Pipeline\\{closure}(Object(Illuminate\\Http\\Request))
#22 E:\\SEMESTER 5\\Pemrograman Framework\\BELAJAR\\Inventory_system\\vendor\\laravel\\framework\\src\\Illuminate\\Session\\Middleware\\StartSession.php(63): Illuminate\\Session\\Middleware\\StartSession->handleStatefulRequest(Object(Illuminate\\Http\\Request), Object(Illuminate\\Session\\Store), Object(Closure))
#23 E:\\SEMESTER 5\\Pemrograman Framework\\BELAJAR\\Inventory_system\\vendor\\laravel\\framework\\src\\Illuminate\\Pipeline\\Pipeline.php(219): Illuminate\\Session\\Middleware\\StartSession->handle(Object(Illuminate\\Http\\Request), Object(Closure))
#24 E:\\SEMESTER 5\\Pemrograman Framework\\BELAJAR\\Inventory_system\\vendor\\laravel\\framework\\src\\Illuminate\\Cookie\\Middleware\\AddQueuedCookiesToResponse.php(36): Illuminate\\Pipeline\\Pipeline->Illuminate\\Pipeline\\{closure}(Object(Illuminate\\Http\\Request))
#25 E:\\SEMESTER 5\\Pemrograman Framework\\BELAJAR\\Inventory_system\\vendor\\laravel\\framework\\src\\Illuminate\\Pipeline\\Pipeline.php(219): Illuminate\\Cookie\\Middleware\\AddQueuedCookiesToResponse->handle(Object(Illuminate\\Http\\Request), Object(Closure))
#26 E:\\SEMESTER 5\\Pemrograman Framework\\BELAJAR\\Inventory_system\\vendor\\laravel\\framework\\src\\Illuminate\\Cookie\\Middleware\\EncryptCookies.php(74): Illuminate\\Pipeline\\Pipeline->Illuminate\\Pipeline\\{closure}(Object(Illuminate\\Http\\Request))
#27 E:\\SEMESTER 5\\Pemrograman Framework\\BELAJAR\\Inventory_system\\vendor\\laravel\\framework\\src\\Illuminate\\Pipeline\\Pipeline.php(219): Illuminate\\Cookie\\Middleware\\EncryptCookies->handle(Object(Illuminate\\Http\\Request), Object(Closure))
#28 E:\\SEMESTER 5\\Pemrograman Framework\\BELAJAR\\Inventory_system\\vendor\\laravel\\framework\\src\\Illuminate\\Pipeline\\Pipeline.php(137): Illuminate\\Pipeline\\Pipeline->Illuminate\\Pipeline\\{closure}(Object(Illuminate\\Http\\Request))
#29 E:\\SEMESTER 5\\Pemrograman Framework\\BELAJAR\\Inventory_system\\vendor\\laravel\\framework\\src\\Illuminate\\Routing\\Router.php(821): Illuminate\\Pipeline\\Pipeline->then(Object(Closure))
#30 E:\\SEMESTER 5\\Pemrograman Framework\\BELAJAR\\Inventory_system\\vendor\\laravel\\framework\\src\\Illuminate\\Routing\\Router.php(800): Illuminate\\Routing\\Router->runRouteWithinStack(Object(Illuminate\\Routing\\Route), Object(Illuminate\\Http\\Request))
#31 E:\\SEMESTER 5\\Pemrograman Framework\\BELAJAR\\Inventory_system\\vendor\\laravel\\framework\\src\\Illuminate\\Routing\\Router.php(764): Illuminate\\Routing\\Router->runRoute(Object(Illuminate\\Http\\Request), Object(Illuminate\\Routing\\Route))
#32 E:\\SEMESTER 5\\Pemrograman Framework\\BELAJAR\\Inventory_system\\vendor\\laravel\\framework\\src\\Illuminate\\Routing\\Router.php(753): Illuminate\\Routing\\Router->dispatchToRoute(Object(Illuminate\\Http\\Request))
#33 E:\\SEMESTER 5\\Pemrograman Framework\\BELAJAR\\Inventory_system\\vendor\\laravel\\framework\\src\\Illuminate\\Foundation\\Http\\Kernel.php(200): Illuminate\\Routing\\Router->dispatch(Object(Illuminate\\Http\\Request))
#34 E:\\SEMESTER 5\\Pemrograman Framework\\BELAJAR\\Inventory_system\\vendor\\laravel\\framework\\src\\Illuminate\\Pipeline\\Pipeline.php(180): Illuminate\\Foundation\\Http\\Kernel->Illuminate\\Foundation\\Http\\{closure}(Object(Illuminate\\Http\\Request))
#35 E:\\SEMESTER 5\\Pemrograman Framework\\BELAJAR\\Inventory_system\\vendor\\laravel\\framework\\src\\Illuminate\\Foundation\\Http\\Middleware\\TransformsRequest.php(21): Illuminate\\Pipeline\\Pipeline->Illuminate\\Pipeline\\{closure}(Object(Illuminate\\Http\\Request))
#36 E:\\SEMESTER 5\\Pemrograman Framework\\BELAJAR\\Inventory_system\\vendor\\laravel\\framework\\src\\Illuminate\\Foundation\\Http\\Middleware\\ConvertEmptyStringsToNull.php(31): Illuminate\\Foundation\\Http\\Middleware\\TransformsRequest->handle(Object(Illuminate\\Http\\Request), Object(Closure))
#37 E:\\SEMESTER 5\\Pemrograman Framework\\BELAJAR\\Inventory_system\\vendor\\laravel\\framework\\src\\Illuminate\\Pipeline\\Pipeline.php(219): Illuminate\\Foundation\\Http\\Middleware\\ConvertEmptyStringsToNull->handle(Object(Illuminate\\Http\\Request), Object(Closure))
#38 E:\\SEMESTER 5\\Pemrograman Framework\\BELAJAR\\Inventory_system\\vendor\\laravel\\framework\\src\\Illuminate\\Foundation\\Http\\Middleware\\TransformsRequest.php(21): Illuminate\\Pipeline\\Pipeline->Illuminate\\Pipeline\\{closure}(Object(Illuminate\\Http\\Request))
#39 E:\\SEMESTER 5\\Pemrograman Framework\\BELAJAR\\Inventory_system\\vendor\\laravel\\framework\\src\\Illuminate\\Foundation\\Http\\Middleware\\TrimStrings.php(51): Illuminate\\Foundation\\Http\\Middleware\\TransformsRequest->handle(Object(Illuminate\\Http\\Request), Object(Closure))
#40 E:\\SEMESTER 5\\Pemrograman Framework\\BELAJAR\\Inventory_system\\vendor\\laravel\\framework\\src\\Illuminate\\Pipeline\\Pipeline.php(219): Illuminate\\Foundation\\Http\\Middleware\\TrimStrings->handle(Object(Illuminate\\Http\\Request), Object(Closure))
#41 E:\\SEMESTER 5\\Pemrograman Framework\\BELAJAR\\Inventory_system\\vendor\\laravel\\framework\\src\\Illuminate\\Http\\Middleware\\ValidatePostSize.php(27): Illuminate\\Pipeline\\Pipeline->Illuminate\\Pipeline\\{closure}(Object(Illuminate\\Http\\Request))
#42 E:\\SEMESTER 5\\Pemrograman Framework\\BELAJAR\\Inventory_system\\vendor\\laravel\\framework\\src\\Illuminate\\Pipeline\\Pipeline.php(219): Illuminate\\Http\\Middleware\\ValidatePostSize->handle(Object(Illuminate\\Http\\Request), Object(Closure))
#43 E:\\SEMESTER 5\\Pemrograman Framework\\BELAJAR\\Inventory_system\\vendor\\laravel\\framework\\src\\Illuminate\\Foundation\\Http\\Middleware\\PreventRequestsDuringMaintenance.php(109): Illuminate\\Pipeline\\Pipeline->Illuminate\\Pipeline\\{closure}(Object(Illuminate\\Http\\Request))
#44 E:\\SEMESTER 5\\Pemrograman Framework\\BELAJAR\\Inventory_system\\vendor\\laravel\\framework\\src\\Illuminate\\Pipeline\\Pipeline.php(219): Illuminate\\Foundation\\Http\\Middleware\\PreventRequestsDuringMaintenance->handle(Object(Illuminate\\Http\\Request), Object(Closure))
#45 E:\\SEMESTER 5\\Pemrograman Framework\\BELAJAR\\Inventory_system\\vendor\\laravel\\framework\\src\\Illuminate\\Http\\Middleware\\HandleCors.php(48): Illuminate\\Pipeline\\Pipeline->Illuminate\\Pipeline\\{closure}(Object(Illuminate\\Http\\Request))
#46 E:\\SEMESTER 5\\Pemrograman Framework\\BELAJAR\\Inventory_system\\vendor\\laravel\\framework\\src\\Illuminate\\Pipeline\\Pipeline.php(219): Illuminate\\Http\\Middleware\\HandleCors->handle(Object(Illuminate\\Http\\Request), Object(Closure))
#47 E:\\SEMESTER 5\\Pemrograman Framework\\BELAJAR\\Inventory_system\\vendor\\laravel\\framework\\src\\Illuminate\\Http\\Middleware\\TrustProxies.php(58): Illuminate\\Pipeline\\Pipeline->Illuminate\\Pipeline\\{closure}(Object(Illuminate\\Http\\Request))
#48 E:\\SEMESTER 5\\Pemrograman Framework\\BELAJAR\\Inventory_system\\vendor\\laravel\\framework\\src\\Illuminate\\Pipeline\\Pipeline.php(219): Illuminate\\Http\\Middleware\\TrustProxies->handle(Object(Illuminate\\Http\\Request), Object(Closure))
#49 E:\\SEMESTER 5\\Pemrograman Framework\\BELAJAR\\Inventory_system\\vendor\\laravel\\framework\\src\\Illuminate\\Foundation\\Http\\Middleware\\InvokeDeferredCallbacks.php(22): Illuminate\\Pipeline\\Pipeline->Illuminate\\Pipeline\\{closure}(Object(Illuminate\\Http\\Request))
#50 E:\\SEMESTER 5\\Pemrograman Framework\\BELAJAR\\Inventory_system\\vendor\\laravel\\framework\\src\\Illuminate\\Pipeline\\Pipeline.php(219): Illuminate\\Foundation\\Http\\Middleware\\InvokeDeferredCallbacks->handle(Object(Illuminate\\Http\\Request), Object(Closure))
#51 E:\\SEMESTER 5\\Pemrograman Framework\\BELAJAR\\Inventory_system\\vendor\\laravel\\framework\\src\\Illuminate\\Http\\Middleware\\ValidatePathEncoding.php(26): Illuminate\\Pipeline\\Pipeline->Illuminate\\Pipeline\\{closure}(Object(Illuminate\\Http\\Request))
#52 E:\\SEMESTER 5\\Pemrograman Framework\\BELAJAR\\Inventory_system\\vendor\\laravel\\framework\\src\\Illuminate\\Pipeline\\Pipeline.php(219): Illuminate\\Http\\Middleware\\ValidatePathEncoding->handle(Object(Illuminate\\Http\\Request), Object(Closure))
#53 E:\\SEMESTER 5\\Pemrograman Framework\\BELAJAR\\Inventory_system\\vendor\\laravel\\framework\\src\\Illuminate\\Pipeline\\Pipeline.php(137): Illuminate\\Pipeline\\Pipeline->Illuminate\\Pipeline\\{closure}(Object(Illuminate\\Http\\Request))
#54 E:\\SEMESTER 5\\Pemrograman Framework\\BELAJAR\\Inventory_system\\vendor\\laravel\\framework\\src\\Illuminate\\Foundation\\Http\\Kernel.php(175): Illuminate\\Pipeline\\Pipeline->then(Object(Closure))
#55 E:\\SEMESTER 5\\Pemrograman Framework\\BELAJAR\\Inventory_system\\vendor\\laravel\\framework\\src\\Illuminate\\Foundation\\Http\\Kernel.php(144): Illuminate\\Foundation\\Http\\Kernel->sendRequestThroughRouter(Object(Illuminate\\Http\\Request))
#56 E:\\SEMESTER 5\\Pemrograman Framework\\BELAJAR\\Inventory_system\\vendor\\laravel\\framework\\src\\Illuminate\\Foundation\\Application.php(1220): Illuminate\\Foundation\\Http\\Kernel->handle(Object(Illuminate\\Http\\Request))
#57 E:\\SEMESTER 5\\Pemrograman Framework\\BELAJAR\\Inventory_system\\public\\index.php(20): Illuminate\\Foundation\\Application->handleRequest(Object(Illuminate\\Http\\Request))
#58 E:\\SEMESTER 5\\Pemrograman Framework\\BELAJAR\\Inventory_system\\vendor\\laravel\\framework\\src\\Illuminate\\Foundation\\resources\\server.php(23): require_once('E:\\\\SEMESTER 5\\\\P...')
#59 {main}

[previous exception] [object] (Symfony\\Component\\Routing\\Exception\\RouteNotFoundException(code: 0): Route [transactions.create] not defined. at E:\\SEMESTER 5\\Pemrograman Framework\\BELAJAR\\Inventory_system\\vendor\\laravel\\framework\\src\\Illuminate\\Routing\\UrlGenerator.php:526)
[stacktrace]
#0 E:\\SEMESTER 5\\Pemrograman Framework\\BELAJAR\\Inventory_system\\vendor\\laravel\\framework\\src\\Illuminate\\Foundation\\helpers.php(871): Illuminate\\Routing\\UrlGenerator->route('transactions.cr...', Array, true)
#1 E:\\SEMESTER 5\\Pemrograman Framework\\BELAJAR\\Inventory_system\\storage\\framework\\views\\2ec7892fbb164f8b13ff05de501e96a8.php(23): route('transactions.cr...')
#2 E:\\SEMESTER 5\\Pemrograman Framework\\BELAJAR\\Inventory_system\\vendor\\laravel\\framework\\src\\Illuminate\\Filesystem\\Filesystem.php(123): require('E:\\\\SEMESTER 5\\\\P...')
#3 E:\\SEMESTER 5\\Pemrograman Framework\\BELAJAR\\Inventory_system\\vendor\\laravel\\framework\\src\\Illuminate\\Filesystem\\Filesystem.php(124): Illuminate\\Filesystem\\Filesystem::Illuminate\\Filesystem\\{closure}()
#4 E:\\SEMESTER 5\\Pemrograman Framework\\BELAJAR\\Inventory_system\\vendor\\laravel\\framework\\src\\Illuminate\\View\\Engines\\PhpEngine.php(57): Illuminate\\Filesystem\\Filesystem->getRequire('E:\\\\SEMESTER 5\\\\P...', Array)
#5 E:\\SEMESTER 5\\Pemrograman Framework\\BELAJAR\\Inventory_system\\vendor\\laravel\\framework\\src\\Illuminate\\View\\Engines\\CompilerEngine.php(76): Illuminate\\View\\Engines\\PhpEngine->evaluatePath('E:\\\\SEMESTER 5\\\\P...', Array)
#6 E:\\SEMESTER 5\\Pemrograman Framework\\BELAJAR\\Inventory_system\\vendor\\laravel\\framework\\src\\Illuminate\\View\\View.php(208): Illuminate\\View\\Engines\\CompilerEngine->get('E:\\\\SEMESTER 5\\\\P...', Array)
#7 E:\\SEMESTER 5\\Pemrograman Framework\\BELAJAR\\Inventory_system\\vendor\\laravel\\framework\\src\\Illuminate\\View\\View.php(191): Illuminate\\View\\View->getContents()
#8 E:\\SEMESTER 5\\Pemrograman Framework\\BELAJAR\\Inventory_system\\vendor\\laravel\\framework\\src\\Illuminate\\View\\View.php(160): Illuminate\\View\\View->renderContents()
#9 E:\\SEMESTER 5\\Pemrograman Framework\\BELAJAR\\Inventory_system\\vendor\\laravel\\framework\\src\\Illuminate\\Http\\Response.php(78): Illuminate\\View\\View->render()
#10 E:\\SEMESTER 5\\Pemrograman Framework\\BELAJAR\\Inventory_system\\vendor\\laravel\\framework\\src\\Illuminate\\Http\\Response.php(34): Illuminate\\Http\\Response->setContent(Object(Illuminate\\View\\View))
#11 E:\\SEMESTER 5\\Pemrograman Framework\\BELAJAR\\Inventory_system\\vendor\\laravel\\framework\\src\\Illuminate\\Routing\\Router.php(939): Illuminate\\Http\\Response->__construct(Object(Illuminate\\View\\View), 200, Array)
#12 E:\\SEMESTER 5\\Pemrograman Framework\\BELAJAR\\Inventory_system\\vendor\\laravel\\framework\\src\\Illuminate\\Routing\\Router.php(906): Illuminate\\Routing\\Router::toResponse(Object(Illuminate\\Http\\Request), Object(Illuminate\\View\\View))
#13 E:\\SEMESTER 5\\Pemrograman Framework\\BELAJAR\\Inventory_system\\vendor\\laravel\\framework\\src\\Illuminate\\Routing\\Router.php(821): Illuminate\\Routing\\Router->prepareResponse(Object(Illuminate\\Http\\Request), Object(Illuminate\\View\\View))
#14 E:\\SEMESTER 5\\Pemrograman Framework\\BELAJAR\\Inventory_system\\vendor\\laravel\\framework\\src\\Illuminate\\Pipeline\\Pipeline.php(180): Illuminate\\Routing\\Router->Illuminate\\Routing\\{closure}(Object(Illuminate\\Http\\Request))
#15 E:\\SEMESTER 5\\Pemrograman Framework\\BELAJAR\\Inventory_system\\app\\Http\\Middleware\\RoleMiddleware.php(24): Illuminate\\Pipeline\\Pipeline->Illuminate\\Pipeline\\{closure}(Object(Illuminate\\Http\\Request))
#16 E:\\SEMESTER 5\\Pemrograman Framework\\BELAJAR\\Inventory_system\\vendor\\laravel\\framework\\src\\Illuminate\\Pipeline\\Pipeline.php(219): App\\Http\\Middleware\\RoleMiddleware->handle(Object(Illuminate\\Http\\Request), Object(Closure), 'gudang|kasir')
#17 E:\\SEMESTER 5\\Pemrograman Framework\\BELAJAR\\Inventory_system\\vendor\\laravel\\framework\\src\\Illuminate\\Routing\\Middleware\\SubstituteBindings.php(50): Illuminate\\Pipeline\\Pipeline->Illuminate\\Pipeline\\{closure}(Object(Illuminate\\Http\\Request))
#18 E:\\SEMESTER 5\\Pemrograman Framework\\BELAJAR\\Inventory_system\\vendor\\laravel\\framework\\src\\Illuminate\\Pipeline\\Pipeline.php(219): Illuminate\\Routing\\Middleware\\SubstituteBindings->handle(Object(Illuminate\\Http\\Request), Object(Closure))
#19 E:\\SEMESTER 5\\Pemrograman Framework\\BELAJAR\\Inventory_system\\vendor\\laravel\\framework\\src\\Illuminate\\Auth\\Middleware\\Authenticate.php(63): Illuminate\\Pipeline\\Pipeline->Illuminate\\Pipeline\\{closure}(Object(Illuminate\\Http\\Request))
#20 E:\\SEMESTER 5\\Pemrograman Framework\\BELAJAR\\Inventory_system\\vendor\\laravel\\framework\\src\\Illuminate\\Pipeline\\Pipeline.php(219): Illuminate\\Auth\\Middleware\\Authenticate->handle(Object(Illuminate\\Http\\Request), Object(Closure))
#21 E:\\SEMESTER 5\\Pemrograman Framework\\BELAJAR\\Inventory_system\\vendor\\laravel\\framework\\src\\Illuminate\\Foundation\\Http\\Middleware\\VerifyCsrfToken.php(87): Illuminate\\Pipeline\\Pipeline->Illuminate\\Pipeline\\{closure}(Object(Illuminate\\Http\\Request))
#22 E:\\SEMESTER 5\\Pemrograman Framework\\BELAJAR\\Inventory_system\\vendor\\laravel\\framework\\src\\Illuminate\\Pipeline\\Pipeline.php(219): Illuminate\\Foundation\\Http\\Middleware\\VerifyCsrfToken->handle(Object(Illuminate\\Http\\Request), Object(Closure))
#23 E:\\SEMESTER 5\\Pemrograman Framework\\BELAJAR\\Inventory_system\\vendor\\laravel\\framework\\src\\Illuminate\\View\\Middleware\\ShareErrorsFromSession.php(48): Illuminate\\Pipeline\\Pipeline->Illuminate\\Pipeline\\{closure}(Object(Illuminate\\Http\\Request))
#24 E:\\SEMESTER 5\\Pemrograman Framework\\BELAJAR\\Inventory_system\\vendor\\laravel\\framework\\src\\Illuminate\\Pipeline\\Pipeline.php(219): Illuminate\\View\\Middleware\\ShareErrorsFromSession->handle(Object(Illuminate\\Http\\Request), Object(Closure))
#25 E:\\SEMESTER 5\\Pemrograman Framework\\BELAJAR\\Inventory_system\\vendor\\laravel\\framework\\src\\Illuminate\\Session\\Middleware\\StartSession.php(120): Illuminate\\Pipeline\\Pipeline->Illuminate\\Pipeline\\{closure}(Object(Illuminate\\Http\\Request))
#26 E:\\SEMESTER 5\\Pemrograman Framework\\BELAJAR\\Inventory_system\\vendor\\laravel\\framework\\src\\Illuminate\\Session\\Middleware\\StartSession.php(63): Illuminate\\Session\\Middleware\\StartSession->handleStatefulRequest(Object(Illuminate\\Http\\Request), Object(Illuminate\\Session\\Store), Object(Closure))
#27 E:\\SEMESTER 5\\Pemrograman Framework\\BELAJAR\\Inventory_system\\vendor\\laravel\\framework\\src\\Illuminate\\Pipeline\\Pipeline.php(219): Illuminate\\Session\\Middleware\\StartSession->handle(Object(Illuminate\\Http\\Request), Object(Closure))
#28 E:\\SEMESTER 5\\Pemrograman Framework\\BELAJAR\\Inventory_system\\vendor\\laravel\\framework\\src\\Illuminate\\Cookie\\Middleware\\AddQueuedCookiesToResponse.php(36): Illuminate\\Pipeline\\Pipeline->Illuminate\\Pipeline\\{closure}(Object(Illuminate\\Http\\Request))
#29 E:\\SEMESTER 5\\Pemrograman Framework\\BELAJAR\\Inventory_system\\vendor\\laravel\\framework\\src\\Illuminate\\Pipeline\\Pipeline.php(219): Illuminate\\Cookie\\Middleware\\AddQueuedCookiesToResponse->handle(Object(Illuminate\\Http\\Request), Object(Closure))
#30 E:\\SEMESTER 5\\Pemrograman Framework\\BELAJAR\\Inventory_system\\vendor\\laravel\\framework\\src\\Illuminate\\Cookie\\Middleware\\EncryptCookies.php(74): Illuminate\\Pipeline\\Pipeline->Illuminate\\Pipeline\\{closure}(Object(Illuminate\\Http\\Request))
#31 E:\\SEMESTER 5\\Pemrograman Framework\\BELAJAR\\Inventory_system\\vendor\\laravel\\framework\\src\\Illuminate\\Pipeline\\Pipeline.php(219): Illuminate\\Cookie\\Middleware\\EncryptCookies->handle(Object(Illuminate\\Http\\Request), Object(Closure))
#32 E:\\SEMESTER 5\\Pemrograman Framework\\BELAJAR\\Inventory_system\\vendor\\laravel\\framework\\src\\Illuminate\\Pipeline\\Pipeline.php(137): Illuminate\\Pipeline\\Pipeline->Illuminate\\Pipeline\\{closure}(Object(Illuminate\\Http\\Request))
#33 E:\\SEMESTER 5\\Pemrograman Framework\\BELAJAR\\Inventory_system\\vendor\\laravel\\framework\\src\\Illuminate\\Routing\\Router.php(821): Illuminate\\Pipeline\\Pipeline->then(Object(Closure))
#34 E:\\SEMESTER 5\\Pemrograman Framework\\BELAJAR\\Inventory_system\\vendor\\laravel\\framework\\src\\Illuminate\\Routing\\Router.php(800): Illuminate\\Routing\\Router->runRouteWithinStack(Object(Illuminate\\Routing\\Route), Object(Illuminate\\Http\\Request))
#35 E:\\SEMESTER 5\\Pemrograman Framework\\BELAJAR\\Inventory_system\\vendor\\laravel\\framework\\src\\Illuminate\\Routing\\Router.php(764): Illuminate\\Routing\\Router->runRoute(Object(Illuminate\\Http\\Request), Object(Illuminate\\Routing\\Route))
#36 E:\\SEMESTER 5\\Pemrograman Framework\\BELAJAR\\Inventory_system\\vendor\\laravel\\framework\\src\\Illuminate\\Routing\\Router.php(753): Illuminate\\Routing\\Router->dispatchToRoute(Object(Illuminate\\Http\\Request))
#37 E:\\SEMESTER 5\\Pemrograman Framework\\BELAJAR\\Inventory_system\\vendor\\laravel\\framework\\src\\Illuminate\\Foundation\\Http\\Kernel.php(200): Illuminate\\Routing\\Router->dispatch(Object(Illuminate\\Http\\Request))
#38 E:\\SEMESTER 5\\Pemrograman Framework\\BELAJAR\\Inventory_system\\vendor\\laravel\\framework\\src\\Illuminate\\Pipeline\\Pipeline.php(180): Illuminate\\Foundation\\Http\\Kernel->Illuminate\\Foundation\\Http\\{closure}(Object(Illuminate\\Http\\Request))
#39 E:\\SEMESTER 5\\Pemrograman Framework\\BELAJAR\\Inventory_system\\vendor\\laravel\\framework\\src\\Illuminate\\Foundation\\Http\\Middleware\\TransformsRequest.php(21): Illuminate\\Pipeline\\Pipeline->Illuminate\\Pipeline\\{closure}(Object(Illuminate\\Http\\Request))
#40 E:\\SEMESTER 5\\Pemrograman Framework\\BELAJAR\\Inventory_system\\vendor\\laravel\\framework\\src\\Illuminate\\Foundation\\Http\\Middleware\\ConvertEmptyStringsToNull.php(31): Illuminate\\Foundation\\Http\\Middleware\\TransformsRequest->handle(Object(Illuminate\\Http\\Request), Object(Closure))
#41 E:\\SEMESTER 5\\Pemrograman Framework\\BELAJAR\\Inventory_system\\vendor\\laravel\\framework\\src\\Illuminate\\Pipeline\\Pipeline.php(219): Illuminate\\Foundation\\Http\\Middleware\\ConvertEmptyStringsToNull->handle(Object(Illuminate\\Http\\Request), Object(Closure))
#42 E:\\SEMESTER 5\\Pemrograman Framework\\BELAJAR\\Inventory_system\\vendor\\laravel\\framework\\src\\Illuminate\\Foundation\\Http\\Middleware\\TransformsRequest.php(21): Illuminate\\Pipeline\\Pipeline->Illuminate\\Pipeline\\{closure}(Object(Illuminate\\Http\\Request))
#43 E:\\SEMESTER 5\\Pemrograman Framework\\BELAJAR\\Inventory_system\\vendor\\laravel\\framework\\src\\Illuminate\\Foundation\\Http\\Middleware\\TrimStrings.php(51): Illuminate\\Foundation\\Http\\Middleware\\TransformsRequest->handle(Object(Illuminate\\Http\\Request), Object(Closure))
#44 E:\\SEMESTER 5\\Pemrograman Framework\\BELAJAR\\Inventory_system\\vendor\\laravel\\framework\\src\\Illuminate\\Pipeline\\Pipeline.php(219): Illuminate\\Foundation\\Http\\Middleware\\TrimStrings->handle(Object(Illuminate\\Http\\Request), Object(Closure))
#45 E:\\SEMESTER 5\\Pemrograman Framework\\BELAJAR\\Inventory_system\\vendor\\laravel\\framework\\src\\Illuminate\\Http\\Middleware\\ValidatePostSize.php(27): Illuminate\\Pipeline\\Pipeline->Illuminate\\Pipeline\\{closure}(Object(Illuminate\\Http\\Request))
#46 E:\\SEMESTER 5\\Pemrograman Framework\\BELAJAR\\Inventory_system\\vendor\\laravel\\framework\\src\\Illuminate\\Pipeline\\Pipeline.php(219): Illuminate\\Http\\Middleware\\ValidatePostSize->handle(Object(Illuminate\\Http\\Request), Object(Closure))
#47 E:\\SEMESTER 5\\Pemrograman Framework\\BELAJAR\\Inventory_system\\vendor\\laravel\\framework\\src\\Illuminate\\Foundation\\Http\\Middleware\\PreventRequestsDuringMaintenance.php(109): Illuminate\\Pipeline\\Pipeline->Illuminate\\Pipeline\\{closure}(Object(Illuminate\\Http\\Request))
#48 E:\\SEMESTER 5\\Pemrograman Framework\\BELAJAR\\Inventory_system\\vendor\\laravel\\framework\\src\\Illuminate\\Pipeline\\Pipeline.php(219): Illuminate\\Foundation\\Http\\Middleware\\PreventRequestsDuringMaintenance->handle(Object(Illuminate\\Http\\Request), Object(Closure))
#49 E:\\SEMESTER 5\\Pemrograman Framework\\BELAJAR\\Inventory_system\\vendor\\laravel\\framework\\src\\Illuminate\\Http\\Middleware\\HandleCors.php(48): Illuminate\\Pipeline\\Pipeline->Illuminate\\Pipeline\\{closure}(Object(Illuminate\\Http\\Request))
#50 E:\\SEMESTER 5\\Pemrograman Framework\\BELAJAR\\Inventory_system\\vendor\\laravel\\framework\\src\\Illuminate\\Pipeline\\Pipeline.php(219): Illuminate\\Http\\Middleware\\HandleCors->handle(Object(Illuminate\\Http\\Request), Object(Closure))
#51 E:\\SEMESTER 5\\Pemrograman Framework\\BELAJAR\\Inventory_system\\vendor\\laravel\\framework\\src\\Illuminate\\Http\\Middleware\\TrustProxies.php(58): Illuminate\\Pipeline\\Pipeline->Illuminate\\Pipeline\\{closure}(Object(Illuminate\\Http\\Request))
#52 E:\\SEMESTER 5\\Pemrograman Framework\\BELAJAR\\Inventory_system\\vendor\\laravel\\framework\\src\\Illuminate\\Pipeline\\Pipeline.php(219): Illuminate\\Http\\Middleware\\TrustProxies->handle(Object(Illuminate\\Http\\Request), Object(Closure))
#53 E:\\SEMESTER 5\\Pemrograman Framework\\BELAJAR\\Inventory_system\\vendor\\laravel\\framework\\src\\Illuminate\\Foundation\\Http\\Middleware\\InvokeDeferredCallbacks.php(22): Illuminate\\Pipeline\\Pipeline->Illuminate\\Pipeline\\{closure}(Object(Illuminate\\Http\\Request))
#54 E:\\SEMESTER 5\\Pemrograman Framework\\BELAJAR\\Inventory_system\\vendor\\laravel\\framework\\src\\Illuminate\\Pipeline\\Pipeline.php(219): Illuminate\\Foundation\\Http\\Middleware\\InvokeDeferredCallbacks->handle(Object(Illuminate\\Http\\Request), Object(Closure))
#55 E:\\SEMESTER 5\\Pemrograman Framework\\BELAJAR\\Inventory_system\\vendor\\laravel\\framework\\src\\Illuminate\\Http\\Middleware\\ValidatePathEncoding.php(26): Illuminate\\Pipeline\\Pipeline->Illuminate\\Pipeline\\{closure}(Object(Illuminate\\Http\\Request))
#56 E:\\SEMESTER 5\\Pemrograman Framework\\BELAJAR\\Inventory_system\\vendor\\laravel\\framework\\src\\Illuminate\\Pipeline\\Pipeline.php(219): Illuminate\\Http\\Middleware\\ValidatePathEncoding->handle(Object(Illuminate\\Http\\Request), Object(Closure))
#57 E:\\SEMESTER 5\\Pemrograman Framework\\BELAJAR\\Inventory_system\\vendor\\laravel\\framework\\src\\Illuminate\\Pipeline\\Pipeline.php(137): Illuminate\\Pipeline\\Pipeline->Illuminate\\Pipeline\\{closure}(Object(Illuminate\\Http\\Request))
#58 E:\\SEMESTER 5\\Pemrograman Framework\\BELAJAR\\Inventory_system\\vendor\\laravel\\framework\\src\\Illuminate\\Foundation\\Http\\Kernel.php(175): Illuminate\\Pipeline\\Pipeline->then(Object(Closure))
#59 E:\\SEMESTER 5\\Pemrograman Framework\\BELAJAR\\Inventory_system\\vendor\\laravel\\framework\\src\\Illuminate\\Foundation\\Http\\Kernel.php(144): Illuminate\\Foundation\\Http\\Kernel->sendRequestThroughRouter(Object(Illuminate\\Http\\Request))
#60 E:\\SEMESTER 5\\Pemrograman Framework\\BELAJAR\\Inventory_system\\vendor\\laravel\\framework\\src\\Illuminate\\Foundation\\Application.php(1220): Illuminate\\Foundation\\Http\\Kernel->handle(Object(Illuminate\\Http\\Request))
#61 E:\\SEMESTER 5\\Pemrograman Framework\\BELAJAR\\Inventory_system\\public\\index.php(20): Illuminate\\Foundation\\Application->handleRequest(Object(Illuminate\\Http\\Request))
#62 E:\\SEMESTER 5\\Pemrograman Framework\\BELAJAR\\Inventory_system\\vendor\\laravel\\framework\\src\\Illuminate\\Foundation\\resources\\server.php(23): require_once('E:\\\\SEMESTER 5\\\\P...')
#63 {main}
"} 
[2025-11-25 17:48:59] local.ERROR: Route [transactions.create] not defined. (View: E:\SEMESTER 5\Pemrograman Framework\BELAJAR\Inventory_system\resources\views\transactions\history.blade.php) {"userId":3,"exception":"[object] (Illuminate\\View\\ViewException(code: 0): Route [transactions.create] not defined. (View: E:\\SEMESTER 5\\Pemrograman Framework\\BELAJAR\\Inventory_system\\resources\\views\\transactions\\history.blade.php) at E:\\SEMESTER 5\\Pemrograman Framework\\BELAJAR\\Inventory_system\\vendor\\laravel\\framework\\src\\Illuminate\\Routing\\UrlGenerator.php:526)
[stacktrace]
#0 E:\\SEMESTER 5\\Pemrograman Framework\\BELAJAR\\Inventory_system\\vendor\\laravel\\framework\\src\\Illuminate\\View\\Engines\\PhpEngine.php(59): Illuminate\\View\\Engines\\CompilerEngine->handleViewException(Object(Symfony\\Component\\Routing\\Exception\\RouteNotFoundException), 1)
#1 E:\\SEMESTER 5\\Pemrograman Framework\\BELAJAR\\Inventory_system\\vendor\\laravel\\framework\\src\\Illuminate\\View\\Engines\\CompilerEngine.php(76): Illuminate\\View\\Engines\\PhpEngine->evaluatePath('E:\\\\SEMESTER 5\\\\P...', Array)
#2 E:\\SEMESTER 5\\Pemrograman Framework\\BELAJAR\\Inventory_system\\vendor\\laravel\\framework\\src\\Illuminate\\View\\View.php(208): Illuminate\\View\\Engines\\CompilerEngine->get('E:\\\\SEMESTER 5\\\\P...', Array)
#3 E:\\SEMESTER 5\\Pemrograman Framework\\BELAJAR\\Inventory_system\\vendor\\laravel\\framework\\src\\Illuminate\\View\\View.php(191): Illuminate\\View\\View->getContents()
#4 E:\\SEMESTER 5\\Pemrograman Framework\\BELAJAR\\Inventory_system\\vendor\\laravel\\framework\\src\\Illuminate\\View\\View.php(160): Illuminate\\View\\View->renderContents()
#5 E:\\SEMESTER 5\\Pemrograman Framework\\BELAJAR\\Inventory_system\\vendor\\laravel\\framework\\src\\Illuminate\\Http\\Response.php(78): Illuminate\\View\\View->render()
#6 E:\\SEMESTER 5\\Pemrograman Framework\\BELAJAR\\Inventory_system\\vendor\\laravel\\framework\\src\\Illuminate\\Http\\Response.php(34): Illuminate\\Http\\Response->setContent(Object(Illuminate\\View\\View))
#7 E:\\SEMESTER 5\\Pemrograman Framework\\BELAJAR\\Inventory_system\\vendor\\laravel\\framework\\src\\Illuminate\\Routing\\Router.php(939): Illuminate\\Http\\Response->__construct(Object(Illuminate\\View\\View), 200, Array)
#8 E:\\SEMESTER 5\\Pemrograman Framework\\BELAJAR\\Inventory_system\\vendor\\laravel\\framework\\src\\Illuminate\\Routing\\Router.php(906): Illuminate\\Routing\\Router::toResponse(Object(Illuminate\\Http\\Request), Object(Illuminate\\View\\View))
#9 E:\\SEMESTER 5\\Pemrograman Framework\\BELAJAR\\Inventory_system\\vendor\\laravel\\framework\\src\\Illuminate\\Routing\\Router.php(821): Illuminate\\Routing\\Router->prepareResponse(Object(Illuminate\\Http\\Request), Object(Illuminate\\View\\View))
#10 E:\\SEMESTER 5\\Pemrograman Framework\\BELAJAR\\Inventory_system\\vendor\\laravel\\framework\\src\\Illuminate\\Pipeline\\Pipeline.php(180): Illuminate\\Routing\\Router->Illuminate\\Routing\\{closure}(Object(Illuminate\\Http\\Request))
#11 E:\\SEMESTER 5\\Pemrograman Framework\\BELAJAR\\Inventory_system\\app\\Http\\Middleware\\RoleMiddleware.php(24): Illuminate\\Pipeline\\Pipeline->Illuminate\\Pipeline\\{closure}(Object(Illuminate\\Http\\Request))
#12 E:\\SEMESTER 5\\Pemrograman Framework\\BELAJAR\\Inventory_system\\vendor\\laravel\\framework\\src\\Illuminate\\Pipeline\\Pipeline.php(219): App\\Http\\Middleware\\RoleMiddleware->handle(Object(Illuminate\\Http\\Request), Object(Closure), 'gudang|kasir')
#13 E:\\SEMESTER 5\\Pemrograman Framework\\BELAJAR\\Inventory_system\\vendor\\laravel\\framework\\src\\Illuminate\\Routing\\Middleware\\SubstituteBindings.php(50): Illuminate\\Pipeline\\Pipeline->Illuminate\\Pipeline\\{closure}(Object(Illuminate\\Http\\Request))
#14 E:\\SEMESTER 5\\Pemrograman Framework\\BELAJAR\\Inventory_system\\vendor\\laravel\\framework\\src\\Illuminate\\Pipeline\\Pipeline.php(219): Illuminate\\Routing\\Middleware\\SubstituteBindings->handle(Object(Illuminate\\Http\\Request), Object(Closure))
#15 E:\\SEMESTER 5\\Pemrograman Framework\\BELAJAR\\Inventory_system\\vendor\\laravel\\framework\\src\\Illuminate\\Auth\\Middleware\\Authenticate.php(63): Illuminate\\Pipeline\\Pipeline->Illuminate\\Pipeline\\{closure}(Object(Illuminate\\Http\\Request))
#16 E:\\SEMESTER 5\\Pemrograman Framework\\BELAJAR\\Inventory_system\\vendor\\laravel\\framework\\src\\Illuminate\\Pipeline\\Pipeline.php(219): Illuminate\\Auth\\Middleware\\Authenticate->handle(Object(Illuminate\\Http\\Request), Object(Closure))
#17 E:\\SEMESTER 5\\Pemrograman Framework\\BELAJAR\\Inventory_system\\vendor\\laravel\\framework\\src\\Illuminate\\Foundation\\Http\\Middleware\\VerifyCsrfToken.php(87): Illuminate\\Pipeline\\Pipeline->Illuminate\\Pipeline\\{closure}(Object(Illuminate\\Http\\Request))
#18 E:\\SEMESTER 5\\Pemrograman Framework\\BELAJAR\\Inventory_system\\vendor\\laravel\\framework\\src\\Illuminate\\Pipeline\\Pipeline.php(219): Illuminate\\Foundation\\Http\\Middleware\\VerifyCsrfToken->handle(Object(Illuminate\\Http\\Request), Object(Closure))
#19 E:\\SEMESTER 5\\Pemrograman Framework\\BELAJAR\\Inventory_system\\vendor\\laravel\\framework\\src\\Illuminate\\View\\Middleware\\ShareErrorsFromSession.php(48): Illuminate\\Pipeline\\Pipeline->Illuminate\\Pipeline\\{closure}(Object(Illuminate\\Http\\Request))
#20 E:\\SEMESTER 5\\Pemrograman Framework\\BELAJAR\\Inventory_system\\vendor\\laravel\\framework\\src\\Illuminate\\Pipeline\\Pipeline.php(219): Illuminate\\View\\Middleware\\ShareErrorsFromSession->handle(Object(Illuminate\\Http\\Request), Object(Closure))
#21 E:\\SEMESTER 5\\Pemrograman Framework\\BELAJAR\\Inventory_system\\vendor\\laravel\\framework\\src\\Illuminate\\Session\\Middleware\\StartSession.php(120): Illuminate\\Pipeline\\Pipeline->Illuminate\\Pipeline\\{closure}(Object(Illuminate\\Http\\Request))
#22 E:\\SEMESTER 5\\Pemrograman Framework\\BELAJAR\\Inventory_system\\vendor\\laravel\\framework\\src\\Illuminate\\Session\\Middleware\\StartSession.php(63): Illuminate\\Session\\Middleware\\StartSession->handleStatefulRequest(Object(Illuminate\\Http\\Request), Object(Illuminate\\Session\\Store), Object(Closure))
#23 E:\\SEMESTER 5\\Pemrograman Framework\\BELAJAR\\Inventory_system\\vendor\\laravel\\framework\\src\\Illuminate\\Pipeline\\Pipeline.php(219): Illuminate\\Session\\Middleware\\StartSession->handle(Object(Illuminate\\Http\\Request), Object(Closure))
#24 E:\\SEMESTER 5\\Pemrograman Framework\\BELAJAR\\Inventory_system\\vendor\\laravel\\framework\\src\\Illuminate\\Cookie\\Middleware\\AddQueuedCookiesToResponse.php(36): Illuminate\\Pipeline\\Pipeline->Illuminate\\Pipeline\\{closure}(Object(Illuminate\\Http\\Request))
#25 E:\\SEMESTER 5\\Pemrograman Framework\\BELAJAR\\Inventory_system\\vendor\\laravel\\framework\\src\\Illuminate\\Pipeline\\Pipeline.php(219): Illuminate\\Cookie\\Middleware\\AddQueuedCookiesToResponse->handle(Object(Illuminate\\Http\\Request), Object(Closure))
#26 E:\\SEMESTER 5\\Pemrograman Framework\\BELAJAR\\Inventory_system\\vendor\\laravel\\framework\\src\\Illuminate\\Cookie\\Middleware\\EncryptCookies.php(74): Illuminate\\Pipeline\\Pipeline->Illuminate\\Pipeline\\{closure}(Object(Illuminate\\Http\\Request))
#27 E:\\SEMESTER 5\\Pemrograman Framework\\BELAJAR\\Inventory_system\\vendor\\laravel\\framework\\src\\Illuminate\\Pipeline\\Pipeline.php(219): Illuminate\\Cookie\\Middleware\\EncryptCookies->handle(Object(Illuminate\\Http\\Request), Object(Closure))
#28 E:\\SEMESTER 5\\Pemrograman Framework\\BELAJAR\\Inventory_system\\vendor\\laravel\\framework\\src\\Illuminate\\Pipeline\\Pipeline.php(137): Illuminate\\Pipeline\\Pipeline->Illuminate\\Pipeline\\{closure}(Object(Illuminate\\Http\\Request))
#29 E:\\SEMESTER 5\\Pemrograman Framework\\BELAJAR\\Inventory_system\\vendor\\laravel\\framework\\src\\Illuminate\\Routing\\Router.php(821): Illuminate\\Pipeline\\Pipeline->then(Object(Closure))
#30 E:\\SEMESTER 5\\Pemrograman Framework\\BELAJAR\\Inventory_system\\vendor\\laravel\\framework\\src\\Illuminate\\Routing\\Router.php(800): Illuminate\\Routing\\Router->runRouteWithinStack(Object(Illuminate\\Routing\\Route), Object(Illuminate\\Http\\Request))
#31 E:\\SEMESTER 5\\Pemrograman Framework\\BELAJAR\\Inventory_system\\vendor\\laravel\\framework\\src\\Illuminate\\Routing\\Router.php(764): Illuminate\\Routing\\Router->runRoute(Object(Illuminate\\Http\\Request), Object(Illuminate\\Routing\\Route))
#32 E:\\SEMESTER 5\\Pemrograman Framework\\BELAJAR\\Inventory_system\\vendor\\laravel\\framework\\src\\Illuminate\\Routing\\Router.php(753): Illuminate\\Routing\\Router->dispatchToRoute(Object(Illuminate\\Http\\Request))
#33 E:\\SEMESTER 5\\Pemrograman Framework\\BELAJAR\\Inventory_system\\vendor\\laravel\\framework\\src\\Illuminate\\Foundation\\Http\\Kernel.php(200): Illuminate\\Routing\\Router->dispatch(Object(Illuminate\\Http\\Request))
#34 E:\\SEMESTER 5\\Pemrograman Framework\\BELAJAR\\Inventory_system\\vendor\\laravel\\framework\\src\\Illuminate\\Pipeline\\Pipeline.php(180): Illuminate\\Foundation\\Http\\Kernel->Illuminate\\Foundation\\Http\\{closure}(Object(Illuminate\\Http\\Request))
#35 E:\\SEMESTER 5\\Pemrograman Framework\\BELAJAR\\Inventory_system\\vendor\\laravel\\framework\\src\\Illuminate\\Foundation\\Http\\Middleware\\TransformsRequest.php(21): Illuminate\\Pipeline\\Pipeline->Illuminate\\Pipeline\\{closure}(Object(Illuminate\\Http\\Request))
#36 E:\\SEMESTER 5\\Pemrograman Framework\\BELAJAR\\Inventory_system\\vendor\\laravel\\framework\\src\\Illuminate\\Foundation\\Http\\Middleware\\ConvertEmptyStringsToNull.php(31): Illuminate\\Foundation\\Http\\Middleware\\TransformsRequest->handle(Object(Illuminate\\Http\\Request), Object(Closure))
#37 E:\\SEMESTER 5\\Pemrograman Framework\\BELAJAR\\Inventory_system\\vendor\\laravel\\framework\\src\\Illuminate\\Pipeline\\Pipeline.php(219): Illuminate\\Foundation\\Http\\Middleware\\ConvertEmptyStringsToNull->handle(Object(Illuminate\\Http\\Request), Object(Closure))
#38 E:\\SEMESTER 5\\Pemrograman Framework\\BELAJAR\\Inventory_system\\vendor\\laravel\\framework\\src\\Illuminate\\Foundation\\Http\\Middleware\\TransformsRequest.php(21): Illuminate\\Pipeline\\Pipeline->Illuminate\\Pipeline\\{closure}(Object(Illuminate\\Http\\Request))
#39 E:\\SEMESTER 5\\Pemrograman Framework\\BELAJAR\\Inventory_system\\vendor\\laravel\\framework\\src\\Illuminate\\Foundation\\Http\\Middleware\\TrimStrings.php(51): Illuminate\\Foundation\\Http\\Middleware\\TransformsRequest->handle(Object(Illuminate\\Http\\Request), Object(Closure))
#40 E:\\SEMESTER 5\\Pemrograman Framework\\BELAJAR\\Inventory_system\\vendor\\laravel\\framework\\src\\Illuminate\\Pipeline\\Pipeline.php(219): Illuminate\\Foundation\\Http\\Middleware\\TrimStrings->handle(Object(Illuminate\\Http\\Request), Object(Closure))
#41 E:\\SEMESTER 5\\Pemrograman Framework\\BELAJAR\\Inventory_system\\vendor\\laravel\\framework\\src\\Illuminate\\Http\\Middleware\\ValidatePostSize.php(27): Illuminate\\Pipeline\\Pipeline->Illuminate\\Pipeline\\{closure}(Object(Illuminate\\Http\\Request))
#42 E:\\SEMESTER 5\\Pemrograman Framework\\BELAJAR\\Inventory_system\\vendor\\laravel\\framework\\src\\Illuminate\\Pipeline\\Pipeline.php(219): Illuminate\\Http\\Middleware\\ValidatePostSize->handle(Object(Illuminate\\Http\\Request), Object(Closure))
#43 E:\\SEMESTER 5\\Pemrograman Framework\\BELAJAR\\Inventory_system\\vendor\\laravel\\framework\\src\\Illuminate\\Foundation\\Http\\Middleware\\PreventRequestsDuringMaintenance.php(109): Illuminate\\Pipeline\\Pipeline->Illuminate\\Pipeline\\{closure}(Object(Illuminate\\Http\\Request))
#44 E:\\SEMESTER 5\\Pemrograman Framework\\BELAJAR\\Inventory_system\\vendor\\laravel\\framework\\src\\Illuminate\\Pipeline\\Pipeline.php(219): Illuminate\\Foundation\\Http\\Middleware\\PreventRequestsDuringMaintenance->handle(Object(Illuminate\\Http\\Request), Object(Closure))
#45 E:\\SEMESTER 5\\Pemrograman Framework\\BELAJAR\\Inventory_system\\vendor\\laravel\\framework\\src\\Illuminate\\Http\\Middleware\\HandleCors.php(48): Illuminate\\Pipeline\\Pipeline->Illuminate\\Pipeline\\{closure}(Object(Illuminate\\Http\\Request))
#46 E:\\SEMESTER 5\\Pemrograman Framework\\BELAJAR\\Inventory_system\\vendor\\laravel\\framework\\src\\Illuminate\\Pipeline\\Pipeline.php(219): Illuminate\\Http\\Middleware\\HandleCors->handle(Object(Illuminate\\Http\\Request), Object(Closure))
#47 E:\\SEMESTER 5\\Pemrograman Framework\\BELAJAR\\Inventory_system\\vendor\\laravel\\framework\\src\\Illuminate\\Http\\Middleware\\TrustProxies.php(58): Illuminate\\Pipeline\\Pipeline->Illuminate\\Pipeline\\{closure}(Object(Illuminate\\Http\\Request))
#48 E:\\SEMESTER 5\\Pemrograman Framework\\BELAJAR\\Inventory_system\\vendor\\laravel\\framework\\src\\Illuminate\\Pipeline\\Pipeline.php(219): Illuminate\\Http\\Middleware\\TrustProxies->handle(Object(Illuminate\\Http\\Request), Object(Closure))
#49 E:\\SEMESTER 5\\Pemrograman Framework\\BELAJAR\\Inventory_system\\vendor\\laravel\\framework\\src\\Illuminate\\Foundation\\Http\\Middleware\\InvokeDeferredCallbacks.php(22): Illuminate\\Pipeline\\Pipeline->Illuminate\\Pipeline\\{closure}(Object(Illuminate\\Http\\Request))
#50 E:\\SEMESTER 5\\Pemrograman Framework\\BELAJAR\\Inventory_system\\vendor\\laravel\\framework\\src\\Illuminate\\Pipeline\\Pipeline.php(219): Illuminate\\Foundation\\Http\\Middleware\\InvokeDeferredCallbacks->handle(Object(Illuminate\\Http\\Request), Object(Closure))
#51 E:\\SEMESTER 5\\Pemrograman Framework\\BELAJAR\\Inventory_system\\vendor\\laravel\\framework\\src\\Illuminate\\Http\\Middleware\\ValidatePathEncoding.php(26): Illuminate\\Pipeline\\Pipeline->Illuminate\\Pipeline\\{closure}(Object(Illuminate\\Http\\Request))
#52 E:\\SEMESTER 5\\Pemrograman Framework\\BELAJAR\\Inventory_system\\vendor\\laravel\\framework\\src\\Illuminate\\Pipeline\\Pipeline.php(219): Illuminate\\Http\\Middleware\\ValidatePathEncoding->handle(Object(Illuminate\\Http\\Request), Object(Closure))
#53 E:\\SEMESTER 5\\Pemrograman Framework\\BELAJAR\\Inventory_system\\vendor\\laravel\\framework\\src\\Illuminate\\Pipeline\\Pipeline.php(137): Illuminate\\Pipeline\\Pipeline->Illuminate\\Pipeline\\{closure}(Object(Illuminate\\Http\\Request))
#54 E:\\SEMESTER 5\\Pemrograman Framework\\BELAJAR\\Inventory_system\\vendor\\laravel\\framework\\src\\Illuminate\\Foundation\\Http\\Kernel.php(175): Illuminate\\Pipeline\\Pipeline->then(Object(Closure))
#55 E:\\SEMESTER 5\\Pemrograman Framework\\BELAJAR\\Inventory_system\\vendor\\laravel\\framework\\src\\Illuminate\\Foundation\\Http\\Kernel.php(144): Illuminate\\Foundation\\Http\\Kernel->sendRequestThroughRouter(Object(Illuminate\\Http\\Request))
#56 E:\\SEMESTER 5\\Pemrograman Framework\\BELAJAR\\Inventory_system\\vendor\\laravel\\framework\\src\\Illuminate\\Foundation\\Application.php(1220): Illuminate\\Foundation\\Http\\Kernel->handle(Object(Illuminate\\Http\\Request))
#57 E:\\SEMESTER 5\\Pemrograman Framework\\BELAJAR\\Inventory_system\\public\\index.php(20): Illuminate\\Foundation\\Application->handleRequest(Object(Illuminate\\Http\\Request))
#58 E:\\SEMESTER 5\\Pemrograman Framework\\BELAJAR\\Inventory_system\\vendor\\laravel\\framework\\src\\Illuminate\\Foundation\\resources\\server.php(23): require_once('E:\\\\SEMESTER 5\\\\P...')
#59 {main}

[previous exception] [object] (Symfony\\Component\\Routing\\Exception\\RouteNotFoundException(code: 0): Route [transactions.create] not defined. at E:\\SEMESTER 5\\Pemrograman Framework\\BELAJAR\\Inventory_system\\vendor\\laravel\\framework\\src\\Illuminate\\Routing\\UrlGenerator.php:526)
[stacktrace]
#0 E:\\SEMESTER 5\\Pemrograman Framework\\BELAJAR\\Inventory_system\\vendor\\laravel\\framework\\src\\Illuminate\\Foundation\\helpers.php(871): Illuminate\\Routing\\UrlGenerator->route('transactions.cr...', Array, true)
#1 E:\\SEMESTER 5\\Pemrograman Framework\\BELAJAR\\Inventory_system\\storage\\framework\\views\\2ec7892fbb164f8b13ff05de501e96a8.php(23): route('transactions.cr...')
#2 E:\\SEMESTER 5\\Pemrograman Framework\\BELAJAR\\Inventory_system\\vendor\\laravel\\framework\\src\\Illuminate\\Filesystem\\Filesystem.php(123): require('E:\\\\SEMESTER 5\\\\P...')
#3 E:\\SEMESTER 5\\Pemrograman Framework\\BELAJAR\\Inventory_system\\vendor\\laravel\\framework\\src\\Illuminate\\Filesystem\\Filesystem.php(124): Illuminate\\Filesystem\\Filesystem::Illuminate\\Filesystem\\{closure}()
#4 E:\\SEMESTER 5\\Pemrograman Framework\\BELAJAR\\Inventory_system\\vendor\\laravel\\framework\\src\\Illuminate\\View\\Engines\\PhpEngine.php(57): Illuminate\\Filesystem\\Filesystem->getRequire('E:\\\\SEMESTER 5\\\\P...', Array)
#5 E:\\SEMESTER 5\\Pemrograman Framework\\BELAJAR\\Inventory_system\\vendor\\laravel\\framework\\src\\Illuminate\\View\\Engines\\CompilerEngine.php(76): Illuminate\\View\\Engines\\PhpEngine->evaluatePath('E:\\\\SEMESTER 5\\\\P...', Array)
#6 E:\\SEMESTER 5\\Pemrograman Framework\\BELAJAR\\Inventory_system\\vendor\\laravel\\framework\\src\\Illuminate\\View\\View.php(208): Illuminate\\View\\Engines\\CompilerEngine->get('E:\\\\SEMESTER 5\\\\P...', Array)
#7 E:\\SEMESTER 5\\Pemrograman Framework\\BELAJAR\\Inventory_system\\vendor\\laravel\\framework\\src\\Illuminate\\View\\View.php(191): Illuminate\\View\\View->getContents()
#8 E:\\SEMESTER 5\\Pemrograman Framework\\BELAJAR\\Inventory_system\\vendor\\laravel\\framework\\src\\Illuminate\\View\\View.php(160): Illuminate\\View\\View->renderContents()
#9 E:\\SEMESTER 5\\Pemrograman Framework\\BELAJAR\\Inventory_system\\vendor\\laravel\\framework\\src\\Illuminate\\Http\\Response.php(78): Illuminate\\View\\View->render()
#10 E:\\SEMESTER 5\\Pemrograman Framework\\BELAJAR\\Inventory_system\\vendor\\laravel\\framework\\src\\Illuminate\\Http\\Response.php(34): Illuminate\\Http\\Response->setContent(Object(Illuminate\\View\\View))
#11 E:\\SEMESTER 5\\Pemrograman Framework\\BELAJAR\\Inventory_system\\vendor\\laravel\\framework\\src\\Illuminate\\Routing\\Router.php(939): Illuminate\\Http\\Response->__construct(Object(Illuminate\\View\\View), 200, Array)
#12 E:\\SEMESTER 5\\Pemrograman Framework\\BELAJAR\\Inventory_system\\vendor\\laravel\\framework\\src\\Illuminate\\Routing\\Router.php(906): Illuminate\\Routing\\Router::toResponse(Object(Illuminate\\Http\\Request), Object(Illuminate\\View\\View))
#13 E:\\SEMESTER 5\\Pemrograman Framework\\BELAJAR\\Inventory_system\\vendor\\laravel\\framework\\src\\Illuminate\\Routing\\Router.php(821): Illuminate\\Routing\\Router->prepareResponse(Object(Illuminate\\Http\\Request), Object(Illuminate\\View\\View))
#14 E:\\SEMESTER 5\\Pemrograman Framework\\BELAJAR\\Inventory_system\\vendor\\laravel\\framework\\src\\Illuminate\\Pipeline\\Pipeline.php(180): Illuminate\\Routing\\Router->Illuminate\\Routing\\{closure}(Object(Illuminate\\Http\\Request))
#15 E:\\SEMESTER 5\\Pemrograman Framework\\BELAJAR\\Inventory_system\\app\\Http\\Middleware\\RoleMiddleware.php(24): Illuminate\\Pipeline\\Pipeline->Illuminate\\Pipeline\\{closure}(Object(Illuminate\\Http\\Request))
#16 E:\\SEMESTER 5\\Pemrograman Framework\\BELAJAR\\Inventory_system\\vendor\\laravel\\framework\\src\\Illuminate\\Pipeline\\Pipeline.php(219): App\\Http\\Middleware\\RoleMiddleware->handle(Object(Illuminate\\Http\\Request), Object(Closure), 'gudang|kasir')
#17 E:\\SEMESTER 5\\Pemrograman Framework\\BELAJAR\\Inventory_system\\vendor\\laravel\\framework\\src\\Illuminate\\Routing\\Middleware\\SubstituteBindings.php(50): Illuminate\\Pipeline\\Pipeline->Illuminate\\Pipeline\\{closure}(Object(Illuminate\\Http\\Request))
#18 E:\\SEMESTER 5\\Pemrograman Framework\\BELAJAR\\Inventory_system\\vendor\\laravel\\framework\\src\\Illuminate\\Pipeline\\Pipeline.php(219): Illuminate\\Routing\\Middleware\\SubstituteBindings->handle(Object(Illuminate\\Http\\Request), Object(Closure))
#19 E:\\SEMESTER 5\\Pemrograman Framework\\BELAJAR\\Inventory_system\\vendor\\laravel\\framework\\src\\Illuminate\\Auth\\Middleware\\Authenticate.php(63): Illuminate\\Pipeline\\Pipeline->Illuminate\\Pipeline\\{closure}(Object(Illuminate\\Http\\Request))
#20 E:\\SEMESTER 5\\Pemrograman Framework\\BELAJAR\\Inventory_system\\vendor\\laravel\\framework\\src\\Illuminate\\Pipeline\\Pipeline.php(219): Illuminate\\Auth\\Middleware\\Authenticate->handle(Object(Illuminate\\Http\\Request), Object(Closure))
#21 E:\\SEMESTER 5\\Pemrograman Framework\\BELAJAR\\Inventory_system\\vendor\\laravel\\framework\\src\\Illuminate\\Foundation\\Http\\Middleware\\VerifyCsrfToken.php(87): Illuminate\\Pipeline\\Pipeline->Illuminate\\Pipeline\\{closure}(Object(Illuminate\\Http\\Request))
#22 E:\\SEMESTER 5\\Pemrograman Framework\\BELAJAR\\Inventory_system\\vendor\\laravel\\framework\\src\\Illuminate\\Pipeline\\Pipeline.php(219): Illuminate\\Foundation\\Http\\Middleware\\VerifyCsrfToken->handle(Object(Illuminate\\Http\\Request), Object(Closure))
#23 E:\\SEMESTER 5\\Pemrograman Framework\\BELAJAR\\Inventory_system\\vendor\\laravel\\framework\\src\\Illuminate\\View\\Middleware\\ShareErrorsFromSession.php(48): Illuminate\\Pipeline\\Pipeline->Illuminate\\Pipeline\\{closure}(Object(Illuminate\\Http\\Request))
#24 E:\\SEMESTER 5\\Pemrograman Framework\\BELAJAR\\Inventory_system\\vendor\\laravel\\framework\\src\\Illuminate\\Pipeline\\Pipeline.php(219): Illuminate\\View\\Middleware\\ShareErrorsFromSession->handle(Object(Illuminate\\Http\\Request), Object(Closure))
#25 E:\\SEMESTER 5\\Pemrograman Framework\\BELAJAR\\Inventory_system\\vendor\\laravel\\framework\\src\\Illuminate\\Session\\Middleware\\StartSession.php(120): Illuminate\\Pipeline\\Pipeline->Illuminate\\Pipeline\\{closure}(Object(Illuminate\\Http\\Request))
#26 E:\\SEMESTER 5\\Pemrograman Framework\\BELAJAR\\Inventory_system\\vendor\\laravel\\framework\\src\\Illuminate\\Session\\Middleware\\StartSession.php(63): Illuminate\\Session\\Middleware\\StartSession->handleStatefulRequest(Object(Illuminate\\Http\\Request), Object(Illuminate\\Session\\Store), Object(Closure))
#27 E:\\SEMESTER 5\\Pemrograman Framework\\BELAJAR\\Inventory_system\\vendor\\laravel\\framework\\src\\Illuminate\\Pipeline\\Pipeline.php(219): Illuminate\\Session\\Middleware\\StartSession->handle(Object(Illuminate\\Http\\Request), Object(Closure))
#28 E:\\SEMESTER 5\\Pemrograman Framework\\BELAJAR\\Inventory_system\\vendor\\laravel\\framework\\src\\Illuminate\\Cookie\\Middleware\\AddQueuedCookiesToResponse.php(36): Illuminate\\Pipeline\\Pipeline->Illuminate\\Pipeline\\{closure}(Object(Illuminate\\Http\\Request))
#29 E:\\SEMESTER 5\\Pemrograman Framework\\BELAJAR\\Inventory_system\\vendor\\laravel\\framework\\src\\Illuminate\\Pipeline\\Pipeline.php(219): Illuminate\\Cookie\\Middleware\\AddQueuedCookiesToResponse->handle(Object(Illuminate\\Http\\Request), Object(Closure))
#30 E:\\SEMESTER 5\\Pemrograman Framework\\BELAJAR\\Inventory_system\\vendor\\laravel\\framework\\src\\Illuminate\\Cookie\\Middleware\\EncryptCookies.php(74): Illuminate\\Pipeline\\Pipeline->Illuminate\\Pipeline\\{closure}(Object(Illuminate\\Http\\Request))
#31 E:\\SEMESTER 5\\Pemrograman Framework\\BELAJAR\\Inventory_system\\vendor\\laravel\\framework\\src\\Illuminate\\Pipeline\\Pipeline.php(219): Illuminate\\Cookie\\Middleware\\EncryptCookies->handle(Object(Illuminate\\Http\\Request), Object(Closure))
#32 E:\\SEMESTER 5\\Pemrograman Framework\\BELAJAR\\Inventory_system\\vendor\\laravel\\framework\\src\\Illuminate\\Pipeline\\Pipeline.php(137): Illuminate\\Pipeline\\Pipeline->Illuminate\\Pipeline\\{closure}(Object(Illuminate\\Http\\Request))
#33 E:\\SEMESTER 5\\Pemrograman Framework\\BELAJAR\\Inventory_system\\vendor\\laravel\\framework\\src\\Illuminate\\Routing\\Router.php(821): Illuminate\\Pipeline\\Pipeline->then(Object(Closure))
#34 E:\\SEMESTER 5\\Pemrograman Framework\\BELAJAR\\Inventory_system\\vendor\\laravel\\framework\\src\\Illuminate\\Routing\\Router.php(800): Illuminate\\Routing\\Router->runRouteWithinStack(Object(Illuminate\\Routing\\Route), Object(Illuminate\\Http\\Request))
#35 E:\\SEMESTER 5\\Pemrograman Framework\\BELAJAR\\Inventory_system\\vendor\\laravel\\framework\\src\\Illuminate\\Routing\\Router.php(764): Illuminate\\Routing\\Router->runRoute(Object(Illuminate\\Http\\Request), Object(Illuminate\\Routing\\Route))
#36 E:\\SEMESTER 5\\Pemrograman Framework\\BELAJAR\\Inventory_system\\vendor\\laravel\\framework\\src\\Illuminate\\Routing\\Router.php(753): Illuminate\\Routing\\Router->dispatchToRoute(Object(Illuminate\\Http\\Request))
#37 E:\\SEMESTER 5\\Pemrograman Framework\\BELAJAR\\Inventory_system\\vendor\\laravel\\framework\\src\\Illuminate\\Foundation\\Http\\Kernel.php(200): Illuminate\\Routing\\Router->dispatch(Object(Illuminate\\Http\\Request))
#38 E:\\SEMESTER 5\\Pemrograman Framework\\BELAJAR\\Inventory_system\\vendor\\laravel\\framework\\src\\Illuminate\\Pipeline\\Pipeline.php(180): Illuminate\\Foundation\\Http\\Kernel->Illuminate\\Foundation\\Http\\{closure}(Object(Illuminate\\Http\\Request))
#39 E:\\SEMESTER 5\\Pemrograman Framework\\BELAJAR\\Inventory_system\\vendor\\laravel\\framework\\src\\Illuminate\\Foundation\\Http\\Middleware\\TransformsRequest.php(21): Illuminate\\Pipeline\\Pipeline->Illuminate\\Pipeline\\{closure}(Object(Illuminate\\Http\\Request))
#40 E:\\SEMESTER 5\\Pemrograman Framework\\BELAJAR\\Inventory_system\\vendor\\laravel\\framework\\src\\Illuminate\\Foundation\\Http\\Middleware\\ConvertEmptyStringsToNull.php(31): Illuminate\\Foundation\\Http\\Middleware\\TransformsRequest->handle(Object(Illuminate\\Http\\Request), Object(Closure))
#41 E:\\SEMESTER 5\\Pemrograman Framework\\BELAJAR\\Inventory_system\\vendor\\laravel\\framework\\src\\Illuminate\\Pipeline\\Pipeline.php(219): Illuminate\\Foundation\\Http\\Middleware\\ConvertEmptyStringsToNull->handle(Object(Illuminate\\Http\\Request), Object(Closure))
#42 E:\\SEMESTER 5\\Pemrograman Framework\\BELAJAR\\Inventory_system\\vendor\\laravel\\framework\\src\\Illuminate\\Foundation\\Http\\Middleware\\TransformsRequest.php(21): Illuminate\\Pipeline\\Pipeline->Illuminate\\Pipeline\\{closure}(Object(Illuminate\\Http\\Request))
#43 E:\\SEMESTER 5\\Pemrograman Framework\\BELAJAR\\Inventory_system\\vendor\\laravel\\framework\\src\\Illuminate\\Foundation\\Http\\Middleware\\TrimStrings.php(51): Illuminate\\Foundation\\Http\\Middleware\\TransformsRequest->handle(Object(Illuminate\\Http\\Request), Object(Closure))
#44 E:\\SEMESTER 5\\Pemrograman Framework\\BELAJAR\\Inventory_system\\vendor\\laravel\\framework\\src\\Illuminate\\Pipeline\\Pipeline.php(219): Illuminate\\Foundation\\Http\\Middleware\\TrimStrings->handle(Object(Illuminate\\Http\\Request), Object(Closure))
#45 E:\\SEMESTER 5\\Pemrograman Framework\\BELAJAR\\Inventory_system\\vendor\\laravel\\framework\\src\\Illuminate\\Http\\Middleware\\ValidatePostSize.php(27): Illuminate\\Pipeline\\Pipeline->Illuminate\\Pipeline\\{closure}(Object(Illuminate\\Http\\Request))
#46 E:\\SEMESTER 5\\Pemrograman Framework\\BELAJAR\\Inventory_system\\vendor\\laravel\\framework\\src\\Illuminate\\Pipeline\\Pipeline.php(219): Illuminate\\Http\\Middleware\\ValidatePostSize->handle(Object(Illuminate\\Http\\Request), Object(Closure))
#47 E:\\SEMESTER 5\\Pemrograman Framework\\BELAJAR\\Inventory_system\\vendor\\laravel\\framework\\src\\Illuminate\\Foundation\\Http\\Middleware\\PreventRequestsDuringMaintenance.php(109): Illuminate\\Pipeline\\Pipeline->Illuminate\\Pipeline\\{closure}(Object(Illuminate\\Http\\Request))
#48 E:\\SEMESTER 5\\Pemrograman Framework\\BELAJAR\\Inventory_system\\vendor\\laravel\\framework\\src\\Illuminate\\Pipeline\\Pipeline.php(219): Illuminate\\Foundation\\Http\\Middleware\\PreventRequestsDuringMaintenance->handle(Object(Illuminate\\Http\\Request), Object(Closure))
#49 E:\\SEMESTER 5\\Pemrograman Framework\\BELAJAR\\Inventory_system\\vendor\\laravel\\framework\\src\\Illuminate\\Http\\Middleware\\HandleCors.php(48): Illuminate\\Pipeline\\Pipeline->Illuminate\\Pipeline\\{closure}(Object(Illuminate\\Http\\Request))
#50 E:\\SEMESTER 5\\Pemrograman Framework\\BELAJAR\\Inventory_system\\vendor\\laravel\\framework\\src\\Illuminate\\Pipeline\\Pipeline.php(219): Illuminate\\Http\\Middleware\\HandleCors->handle(Object(Illuminate\\Http\\Request), Object(Closure))
#51 E:\\SEMESTER 5\\Pemrograman Framework\\BELAJAR\\Inventory_system\\vendor\\laravel\\framework\\src\\Illuminate\\Http\\Middleware\\TrustProxies.php(58): Illuminate\\Pipeline\\Pipeline->Illuminate\\Pipeline\\{closure}(Object(Illuminate\\Http\\Request))
#52 E:\\SEMESTER 5\\Pemrograman Framework\\BELAJAR\\Inventory_system\\vendor\\laravel\\framework\\src\\Illuminate\\Pipeline\\Pipeline.php(219): Illuminate\\Http\\Middleware\\TrustProxies->handle(Object(Illuminate\\Http\\Request), Object(Closure))
#53 E:\\SEMESTER 5\\Pemrograman Framework\\BELAJAR\\Inventory_system\\vendor\\laravel\\framework\\src\\Illuminate\\Foundation\\Http\\Middleware\\InvokeDeferredCallbacks.php(22): Illuminate\\Pipeline\\Pipeline->Illuminate\\Pipeline\\{closure}(Object(Illuminate\\Http\\Request))
#54 E:\\SEMESTER 5\\Pemrograman Framework\\BELAJAR\\Inventory_system\\vendor\\laravel\\framework\\src\\Illuminate\\Pipeline\\Pipeline.php(219): Illuminate\\Foundation\\Http\\Middleware\\InvokeDeferredCallbacks->handle(Object(Illuminate\\Http\\Request), Object(Closure))
#55 E:\\SEMESTER 5\\Pemrograman Framework\\BELAJAR\\Inventory_system\\vendor\\laravel\\framework\\src\\Illuminate\\Http\\Middleware\\ValidatePathEncoding.php(26): Illuminate\\Pipeline\\Pipeline->Illuminate\\Pipeline\\{closure}(Object(Illuminate\\Http\\Request))
#56 E:\\SEMESTER 5\\Pemrograman Framework\\BELAJAR\\Inventory_system\\vendor\\laravel\\framework\\src\\Illuminate\\Pipeline\\Pipeline.php(219): Illuminate\\Http\\Middleware\\ValidatePathEncoding->handle(Object(Illuminate\\Http\\Request), Object(Closure))
#57 E:\\SEMESTER 5\\Pemrograman Framework\\BELAJAR\\Inventory_system\\vendor\\laravel\\framework\\src\\Illuminate\\Pipeline\\Pipeline.php(137): Illuminate\\Pipeline\\Pipeline->Illuminate\\Pipeline\\{closure}(Object(Illuminate\\Http\\Request))
#58 E:\\SEMESTER 5\\Pemrograman Framework\\BELAJAR\\Inventory_system\\vendor\\laravel\\framework\\src\\Illuminate\\Foundation\\Http\\Kernel.php(175): Illuminate\\Pipeline\\Pipeline->then(Object(Closure))
#59 E:\\SEMESTER 5\\Pemrograman Framework\\BELAJAR\\Inventory_system\\vendor\\laravel\\framework\\src\\Illuminate\\Foundation\\Http\\Kernel.php(144): Illuminate\\Foundation\\Http\\Kernel->sendRequestThroughRouter(Object(Illuminate\\Http\\Request))
#60 E:\\SEMESTER 5\\Pemrograman Framework\\BELAJAR\\Inventory_system\\vendor\\laravel\\framework\\src\\Illuminate\\Foundation\\Application.php(1220): Illuminate\\Foundation\\Http\\Kernel->handle(Object(Illuminate\\Http\\Request))
#61 E:\\SEMESTER 5\\Pemrograman Framework\\BELAJAR\\Inventory_system\\public\\index.php(20): Illuminate\\Foundation\\Application->handleRequest(Object(Illuminate\\Http\\Request))
#62 E:\\SEMESTER 5\\Pemrograman Framework\\BELAJAR\\Inventory_system\\vendor\\laravel\\framework\\src\\Illuminate\\Foundation\\resources\\server.php(23): require_once('E:\\\\SEMESTER 5\\\\P...')
#63 {main}
"} 
[2025-11-25 18:05:26] local.ERROR: Route [reports.print] not defined. (View: E:\SEMESTER 5\Pemrograman Framework\BELAJAR\Inventory_system\resources\views\transactions\index.blade.php) {"userId":1,"exception":"[object] (Illuminate\\View\\ViewException(code: 0): Route [reports.print] not defined. (View: E:\\SEMESTER 5\\Pemrograman Framework\\BELAJAR\\Inventory_system\\resources\\views\\transactions\\index.blade.php) at E:\\SEMESTER 5\\Pemrograman Framework\\BELAJAR\\Inventory_system\\vendor\\laravel\\framework\\src\\Illuminate\\Routing\\UrlGenerator.php:526)
[stacktrace]
#0 E:\\SEMESTER 5\\Pemrograman Framework\\BELAJAR\\Inventory_system\\vendor\\laravel\\framework\\src\\Illuminate\\View\\Engines\\PhpEngine.php(59): Illuminate\\View\\Engines\\CompilerEngine->handleViewException(Object(Symfony\\Component\\Routing\\Exception\\RouteNotFoundException), 1)
#1 E:\\SEMESTER 5\\Pemrograman Framework\\BELAJAR\\Inventory_system\\vendor\\laravel\\framework\\src\\Illuminate\\View\\Engines\\CompilerEngine.php(76): Illuminate\\View\\Engines\\PhpEngine->evaluatePath('E:\\\\SEMESTER 5\\\\P...', Array)
#2 E:\\SEMESTER 5\\Pemrograman Framework\\BELAJAR\\Inventory_system\\vendor\\laravel\\framework\\src\\Illuminate\\View\\View.php(208): Illuminate\\View\\Engines\\CompilerEngine->get('E:\\\\SEMESTER 5\\\\P...', Array)
#3 E:\\SEMESTER 5\\Pemrograman Framework\\BELAJAR\\Inventory_system\\vendor\\laravel\\framework\\src\\Illuminate\\View\\View.php(191): Illuminate\\View\\View->getContents()
#4 E:\\SEMESTER 5\\Pemrograman Framework\\BELAJAR\\Inventory_system\\vendor\\laravel\\framework\\src\\Illuminate\\View\\View.php(160): Illuminate\\View\\View->renderContents()
#5 E:\\SEMESTER 5\\Pemrograman Framework\\BELAJAR\\Inventory_system\\vendor\\laravel\\framework\\src\\Illuminate\\Http\\Response.php(78): Illuminate\\View\\View->render()
#6 E:\\SEMESTER 5\\Pemrograman Framework\\BELAJAR\\Inventory_system\\vendor\\laravel\\framework\\src\\Illuminate\\Http\\Response.php(34): Illuminate\\Http\\Response->setContent(Object(Illuminate\\View\\View))
#7 E:\\SEMESTER 5\\Pemrograman Framework\\BELAJAR\\Inventory_system\\vendor\\laravel\\framework\\src\\Illuminate\\Routing\\Router.php(939): Illuminate\\Http\\Response->__construct(Object(Illuminate\\View\\View), 200, Array)
#8 E:\\SEMESTER 5\\Pemrograman Framework\\BELAJAR\\Inventory_system\\vendor\\laravel\\framework\\src\\Illuminate\\Routing\\Router.php(906): Illuminate\\Routing\\Router::toResponse(Object(Illuminate\\Http\\Request), Object(Illuminate\\View\\View))
#9 E:\\SEMESTER 5\\Pemrograman Framework\\BELAJAR\\Inventory_system\\vendor\\laravel\\framework\\src\\Illuminate\\Routing\\Router.php(821): Illuminate\\Routing\\Router->prepareResponse(Object(Illuminate\\Http\\Request), Object(Illuminate\\View\\View))
#10 E:\\SEMESTER 5\\Pemrograman Framework\\BELAJAR\\Inventory_system\\vendor\\laravel\\framework\\src\\Illuminate\\Pipeline\\Pipeline.php(180): Illuminate\\Routing\\Router->Illuminate\\Routing\\{closure}(Object(Illuminate\\Http\\Request))
#11 E:\\SEMESTER 5\\Pemrograman Framework\\BELAJAR\\Inventory_system\\app\\Http\\Middleware\\RoleMiddleware.php(24): Illuminate\\Pipeline\\Pipeline->Illuminate\\Pipeline\\{closure}(Object(Illuminate\\Http\\Request))
#12 E:\\SEMESTER 5\\Pemrograman Framework\\BELAJAR\\Inventory_system\\vendor\\laravel\\framework\\src\\Illuminate\\Pipeline\\Pipeline.php(219): App\\Http\\Middleware\\RoleMiddleware->handle(Object(Illuminate\\Http\\Request), Object(Closure), 'admin')
#13 E:\\SEMESTER 5\\Pemrograman Framework\\BELAJAR\\Inventory_system\\vendor\\laravel\\framework\\src\\Illuminate\\Routing\\Middleware\\SubstituteBindings.php(50): Illuminate\\Pipeline\\Pipeline->Illuminate\\Pipeline\\{closure}(Object(Illuminate\\Http\\Request))
#14 E:\\SEMESTER 5\\Pemrograman Framework\\BELAJAR\\Inventory_system\\vendor\\laravel\\framework\\src\\Illuminate\\Pipeline\\Pipeline.php(219): Illuminate\\Routing\\Middleware\\SubstituteBindings->handle(Object(Illuminate\\Http\\Request), Object(Closure))
#15 E:\\SEMESTER 5\\Pemrograman Framework\\BELAJAR\\Inventory_system\\vendor\\laravel\\framework\\src\\Illuminate\\Auth\\Middleware\\Authenticate.php(63): Illuminate\\Pipeline\\Pipeline->Illuminate\\Pipeline\\{closure}(Object(Illuminate\\Http\\Request))
#16 E:\\SEMESTER 5\\Pemrograman Framework\\BELAJAR\\Inventory_system\\vendor\\laravel\\framework\\src\\Illuminate\\Pipeline\\Pipeline.php(219): Illuminate\\Auth\\Middleware\\Authenticate->handle(Object(Illuminate\\Http\\Request), Object(Closure))
#17 E:\\SEMESTER 5\\Pemrograman Framework\\BELAJAR\\Inventory_system\\vendor\\laravel\\framework\\src\\Illuminate\\Foundation\\Http\\Middleware\\VerifyCsrfToken.php(87): Illuminate\\Pipeline\\Pipeline->Illuminate\\Pipeline\\{closure}(Object(Illuminate\\Http\\Request))
#18 E:\\SEMESTER 5\\Pemrograman Framework\\BELAJAR\\Inventory_system\\vendor\\laravel\\framework\\src\\Illuminate\\Pipeline\\Pipeline.php(219): Illuminate\\Foundation\\Http\\Middleware\\VerifyCsrfToken->handle(Object(Illuminate\\Http\\Request), Object(Closure))
#19 E:\\SEMESTER 5\\Pemrograman Framework\\BELAJAR\\Inventory_system\\vendor\\laravel\\framework\\src\\Illuminate\\View\\Middleware\\ShareErrorsFromSession.php(48): Illuminate\\Pipeline\\Pipeline->Illuminate\\Pipeline\\{closure}(Object(Illuminate\\Http\\Request))
#20 E:\\SEMESTER 5\\Pemrograman Framework\\BELAJAR\\Inventory_system\\vendor\\laravel\\framework\\src\\Illuminate\\Pipeline\\Pipeline.php(219): Illuminate\\View\\Middleware\\ShareErrorsFromSession->handle(Object(Illuminate\\Http\\Request), Object(Closure))
#21 E:\\SEMESTER 5\\Pemrograman Framework\\BELAJAR\\Inventory_system\\vendor\\laravel\\framework\\src\\Illuminate\\Session\\Middleware\\StartSession.php(120): Illuminate\\Pipeline\\Pipeline->Illuminate\\Pipeline\\{closure}(Object(Illuminate\\Http\\Request))
#22 E:\\SEMESTER 5\\Pemrograman Framework\\BELAJAR\\Inventory_system\\vendor\\laravel\\framework\\src\\Illuminate\\Session\\Middleware\\StartSession.php(63): Illuminate\\Session\\Middleware\\StartSession->handleStatefulRequest(Object(Illuminate\\Http\\Request), Object(Illuminate\\Session\\Store), Object(Closure))
#23 E:\\SEMESTER 5\\Pemrograman Framework\\BELAJAR\\Inventory_system\\vendor\\laravel\\framework\\src\\Illuminate\\Pipeline\\Pipeline.php(219): Illuminate\\Session\\Middleware\\StartSession->handle(Object(Illuminate\\Http\\Request), Object(Closure))
#24 E:\\SEMESTER 5\\Pemrograman Framework\\BELAJAR\\Inventory_system\\vendor\\laravel\\framework\\src\\Illuminate\\Cookie\\Middleware\\AddQueuedCookiesToResponse.php(36): Illuminate\\Pipeline\\Pipeline->Illuminate\\Pipeline\\{closure}(Object(Illuminate\\Http\\Request))
#25 E:\\SEMESTER 5\\Pemrograman Framework\\BELAJAR\\Inventory_system\\vendor\\laravel\\framework\\src\\Illuminate\\Pipeline\\Pipeline.php(219): Illuminate\\Cookie\\Middleware\\AddQueuedCookiesToResponse->handle(Object(Illuminate\\Http\\Request), Object(Closure))
#26 E:\\SEMESTER 5\\Pemrograman Framework\\BELAJAR\\Inventory_system\\vendor\\laravel\\framework\\src\\Illuminate\\Cookie\\Middleware\\EncryptCookies.php(74): Illuminate\\Pipeline\\Pipeline->Illuminate\\Pipeline\\{closure}(Object(Illuminate\\Http\\Request))
#27 E:\\SEMESTER 5\\Pemrograman Framework\\BELAJAR\\Inventory_system\\vendor\\laravel\\framework\\src\\Illuminate\\Pipeline\\Pipeline.php(219): Illuminate\\Cookie\\Middleware\\EncryptCookies->handle(Object(Illuminate\\Http\\Request), Object(Closure))
#28 E:\\SEMESTER 5\\Pemrograman Framework\\BELAJAR\\Inventory_system\\vendor\\laravel\\framework\\src\\Illuminate\\Pipeline\\Pipeline.php(137): Illuminate\\Pipeline\\Pipeline->Illuminate\\Pipeline\\{closure}(Object(Illuminate\\Http\\Request))
#29 E:\\SEMESTER 5\\Pemrograman Framework\\BELAJAR\\Inventory_system\\vendor\\laravel\\framework\\src\\Illuminate\\Routing\\Router.php(821): Illuminate\\Pipeline\\Pipeline->then(Object(Closure))
#30 E:\\SEMESTER 5\\Pemrograman Framework\\BELAJAR\\Inventory_system\\vendor\\laravel\\framework\\src\\Illuminate\\Routing\\Router.php(800): Illuminate\\Routing\\Router->runRouteWithinStack(Object(Illuminate\\Routing\\Route), Object(Illuminate\\Http\\Request))
#31 E:\\SEMESTER 5\\Pemrograman Framework\\BELAJAR\\Inventory_system\\vendor\\laravel\\framework\\src\\Illuminate\\Routing\\Router.php(764): Illuminate\\Routing\\Router->runRoute(Object(Illuminate\\Http\\Request), Object(Illuminate\\Routing\\Route))
#32 E:\\SEMESTER 5\\Pemrograman Framework\\BELAJAR\\Inventory_system\\vendor\\laravel\\framework\\src\\Illuminate\\Routing\\Router.php(753): Illuminate\\Routing\\Router->dispatchToRoute(Object(Illuminate\\Http\\Request))
#33 E:\\SEMESTER 5\\Pemrograman Framework\\BELAJAR\\Inventory_system\\vendor\\laravel\\framework\\src\\Illuminate\\Foundation\\Http\\Kernel.php(200): Illuminate\\Routing\\Router->dispatch(Object(Illuminate\\Http\\Request))
#34 E:\\SEMESTER 5\\Pemrograman Framework\\BELAJAR\\Inventory_system\\vendor\\laravel\\framework\\src\\Illuminate\\Pipeline\\Pipeline.php(180): Illuminate\\Foundation\\Http\\Kernel->Illuminate\\Foundation\\Http\\{closure}(Object(Illuminate\\Http\\Request))
#35 E:\\SEMESTER 5\\Pemrograman Framework\\BELAJAR\\Inventory_system\\vendor\\laravel\\framework\\src\\Illuminate\\Foundation\\Http\\Middleware\\TransformsRequest.php(21): Illuminate\\Pipeline\\Pipeline->Illuminate\\Pipeline\\{closure}(Object(Illuminate\\Http\\Request))
#36 E:\\SEMESTER 5\\Pemrograman Framework\\BELAJAR\\Inventory_system\\vendor\\laravel\\framework\\src\\Illuminate\\Foundation\\Http\\Middleware\\ConvertEmptyStringsToNull.php(31): Illuminate\\Foundation\\Http\\Middleware\\TransformsRequest->handle(Object(Illuminate\\Http\\Request), Object(Closure))
#37 E:\\SEMESTER 5\\Pemrograman Framework\\BELAJAR\\Inventory_system\\vendor\\laravel\\framework\\src\\Illuminate\\Pipeline\\Pipeline.php(219): Illuminate\\Foundation\\Http\\Middleware\\ConvertEmptyStringsToNull->handle(Object(Illuminate\\Http\\Request), Object(Closure))
#38 E:\\SEMESTER 5\\Pemrograman Framework\\BELAJAR\\Inventory_system\\vendor\\laravel\\framework\\src\\Illuminate\\Foundation\\Http\\Middleware\\TransformsRequest.php(21): Illuminate\\Pipeline\\Pipeline->Illuminate\\Pipeline\\{closure}(Object(Illuminate\\Http\\Request))
#39 E:\\SEMESTER 5\\Pemrograman Framework\\BELAJAR\\Inventory_system\\vendor\\laravel\\framework\\src\\Illuminate\\Foundation\\Http\\Middleware\\TrimStrings.php(51): Illuminate\\Foundation\\Http\\Middleware\\TransformsRequest->handle(Object(Illuminate\\Http\\Request), Object(Closure))
#40 E:\\SEMESTER 5\\Pemrograman Framework\\BELAJAR\\Inventory_system\\vendor\\laravel\\framework\\src\\Illuminate\\Pipeline\\Pipeline.php(219): Illuminate\\Foundation\\Http\\Middleware\\TrimStrings->handle(Object(Illuminate\\Http\\Request), Object(Closure))
#41 E:\\SEMESTER 5\\Pemrograman Framework\\BELAJAR\\Inventory_system\\vendor\\laravel\\framework\\src\\Illuminate\\Http\\Middleware\\ValidatePostSize.php(27): Illuminate\\Pipeline\\Pipeline->Illuminate\\Pipeline\\{closure}(Object(Illuminate\\Http\\Request))
#42 E:\\SEMESTER 5\\Pemrograman Framework\\BELAJAR\\Inventory_system\\vendor\\laravel\\framework\\src\\Illuminate\\Pipeline\\Pipeline.php(219): Illuminate\\Http\\Middleware\\ValidatePostSize->handle(Object(Illuminate\\Http\\Request), Object(Closure))
#43 E:\\SEMESTER 5\\Pemrograman Framework\\BELAJAR\\Inventory_system\\vendor\\laravel\\framework\\src\\Illuminate\\Foundation\\Http\\Middleware\\PreventRequestsDuringMaintenance.php(109): Illuminate\\Pipeline\\Pipeline->Illuminate\\Pipeline\\{closure}(Object(Illuminate\\Http\\Request))
#44 E:\\SEMESTER 5\\Pemrograman Framework\\BELAJAR\\Inventory_system\\vendor\\laravel\\framework\\src\\Illuminate\\Pipeline\\Pipeline.php(219): Illuminate\\Foundation\\Http\\Middleware\\PreventRequestsDuringMaintenance->handle(Object(Illuminate\\Http\\Request), Object(Closure))
#45 E:\\SEMESTER 5\\Pemrograman Framework\\BELAJAR\\Inventory_system\\vendor\\laravel\\framework\\src\\Illuminate\\Http\\Middleware\\HandleCors.php(48): Illuminate\\Pipeline\\Pipeline->Illuminate\\Pipeline\\{closure}(Object(Illuminate\\Http\\Request))
#46 E:\\SEMESTER 5\\Pemrograman Framework\\BELAJAR\\Inventory_system\\vendor\\laravel\\framework\\src\\Illuminate\\Pipeline\\Pipeline.php(219): Illuminate\\Http\\Middleware\\HandleCors->handle(Object(Illuminate\\Http\\Request), Object(Closure))
#47 E:\\SEMESTER 5\\Pemrograman Framework\\BELAJAR\\Inventory_system\\vendor\\laravel\\framework\\src\\Illuminate\\Http\\Middleware\\TrustProxies.php(58): Illuminate\\Pipeline\\Pipeline->Illuminate\\Pipeline\\{closure}(Object(Illuminate\\Http\\Request))
#48 E:\\SEMESTER 5\\Pemrograman Framework\\BELAJAR\\Inventory_system\\vendor\\laravel\\framework\\src\\Illuminate\\Pipeline\\Pipeline.php(219): Illuminate\\Http\\Middleware\\TrustProxies->handle(Object(Illuminate\\Http\\Request), Object(Closure))
#49 E:\\SEMESTER 5\\Pemrograman Framework\\BELAJAR\\Inventory_system\\vendor\\laravel\\framework\\src\\Illuminate\\Foundation\\Http\\Middleware\\InvokeDeferredCallbacks.php(22): Illuminate\\Pipeline\\Pipeline->Illuminate\\Pipeline\\{closure}(Object(Illuminate\\Http\\Request))
#50 E:\\SEMESTER 5\\Pemrograman Framework\\BELAJAR\\Inventory_system\\vendor\\laravel\\framework\\src\\Illuminate\\Pipeline\\Pipeline.php(219): Illuminate\\Foundation\\Http\\Middleware\\InvokeDeferredCallbacks->handle(Object(Illuminate\\Http\\Request), Object(Closure))
#51 E:\\SEMESTER 5\\Pemrograman Framework\\BELAJAR\\Inventory_system\\vendor\\laravel\\framework\\src\\Illuminate\\Http\\Middleware\\ValidatePathEncoding.php(26): Illuminate\\Pipeline\\Pipeline->Illuminate\\Pipeline\\{closure}(Object(Illuminate\\Http\\Request))
#52 E:\\SEMESTER 5\\Pemrograman Framework\\BELAJAR\\Inventory_system\\vendor\\laravel\\framework\\src\\Illuminate\\Pipeline\\Pipeline.php(219): Illuminate\\Http\\Middleware\\ValidatePathEncoding->handle(Object(Illuminate\\Http\\Request), Object(Closure))
#53 E:\\SEMESTER 5\\Pemrograman Framework\\BELAJAR\\Inventory_system\\vendor\\laravel\\framework\\src\\Illuminate\\Pipeline\\Pipeline.php(137): Illuminate\\Pipeline\\Pipeline->Illuminate\\Pipeline\\{closure}(Object(Illuminate\\Http\\Request))
#54 E:\\SEMESTER 5\\Pemrograman Framework\\BELAJAR\\Inventory_system\\vendor\\laravel\\framework\\src\\Illuminate\\Foundation\\Http\\Kernel.php(175): Illuminate\\Pipeline\\Pipeline->then(Object(Closure))
#55 E:\\SEMESTER 5\\Pemrograman Framework\\BELAJAR\\Inventory_system\\vendor\\laravel\\framework\\src\\Illuminate\\Foundation\\Http\\Kernel.php(144): Illuminate\\Foundation\\Http\\Kernel->sendRequestThroughRouter(Object(Illuminate\\Http\\Request))
#56 E:\\SEMESTER 5\\Pemrograman Framework\\BELAJAR\\Inventory_system\\vendor\\laravel\\framework\\src\\Illuminate\\Foundation\\Application.php(1220): Illuminate\\Foundation\\Http\\Kernel->handle(Object(Illuminate\\Http\\Request))
#57 E:\\SEMESTER 5\\Pemrograman Framework\\BELAJAR\\Inventory_system\\public\\index.php(20): Illuminate\\Foundation\\Application->handleRequest(Object(Illuminate\\Http\\Request))
#58 E:\\SEMESTER 5\\Pemrograman Framework\\BELAJAR\\Inventory_system\\vendor\\laravel\\framework\\src\\Illuminate\\Foundation\\resources\\server.php(23): require_once('E:\\\\SEMESTER 5\\\\P...')
#59 {main}

[previous exception] [object] (Symfony\\Component\\Routing\\Exception\\RouteNotFoundException(code: 0): Route [reports.print] not defined. at E:\\SEMESTER 5\\Pemrograman Framework\\BELAJAR\\Inventory_system\\vendor\\laravel\\framework\\src\\Illuminate\\Routing\\UrlGenerator.php:526)
[stacktrace]
#0 E:\\SEMESTER 5\\Pemrograman Framework\\BELAJAR\\Inventory_system\\vendor\\laravel\\framework\\src\\Illuminate\\Foundation\\helpers.php(871): Illuminate\\Routing\\UrlGenerator->route('reports.print', Array, true)
#1 E:\\SEMESTER 5\\Pemrograman Framework\\BELAJAR\\Inventory_system\\storage\\framework\\views\\a61ae2411b8bc5f7e7ec7b226381b4c6.php(23): route('reports.print')
#2 E:\\SEMESTER 5\\Pemrograman Framework\\BELAJAR\\Inventory_system\\vendor\\laravel\\framework\\src\\Illuminate\\Filesystem\\Filesystem.php(123): require('E:\\\\SEMESTER 5\\\\P...')
#3 E:\\SEMESTER 5\\Pemrograman Framework\\BELAJAR\\Inventory_system\\vendor\\laravel\\framework\\src\\Illuminate\\Filesystem\\Filesystem.php(124): Illuminate\\Filesystem\\Filesystem::Illuminate\\Filesystem\\{closure}()
#4 E:\\SEMESTER 5\\Pemrograman Framework\\BELAJAR\\Inventory_system\\vendor\\laravel\\framework\\src\\Illuminate\\View\\Engines\\PhpEngine.php(57): Illuminate\\Filesystem\\Filesystem->getRequire('E:\\\\SEMESTER 5\\\\P...', Array)
#5 E:\\SEMESTER 5\\Pemrograman Framework\\BELAJAR\\Inventory_system\\vendor\\laravel\\framework\\src\\Illuminate\\View\\Engines\\CompilerEngine.php(76): Illuminate\\View\\Engines\\PhpEngine->evaluatePath('E:\\\\SEMESTER 5\\\\P...', Array)
#6 E:\\SEMESTER 5\\Pemrograman Framework\\BELAJAR\\Inventory_system\\vendor\\laravel\\framework\\src\\Illuminate\\View\\View.php(208): Illuminate\\View\\Engines\\CompilerEngine->get('E:\\\\SEMESTER 5\\\\P...', Array)
#7 E:\\SEMESTER 5\\Pemrograman Framework\\BELAJAR\\Inventory_system\\vendor\\laravel\\framework\\src\\Illuminate\\View\\View.php(191): Illuminate\\View\\View->getContents()
#8 E:\\SEMESTER 5\\Pemrograman Framework\\BELAJAR\\Inventory_system\\vendor\\laravel\\framework\\src\\Illuminate\\View\\View.php(160): Illuminate\\View\\View->renderContents()
#9 E:\\SEMESTER 5\\Pemrograman Framework\\BELAJAR\\Inventory_system\\vendor\\laravel\\framework\\src\\Illuminate\\Http\\Response.php(78): Illuminate\\View\\View->render()
#10 E:\\SEMESTER 5\\Pemrograman Framework\\BELAJAR\\Inventory_system\\vendor\\laravel\\framework\\src\\Illuminate\\Http\\Response.php(34): Illuminate\\Http\\Response->setContent(Object(Illuminate\\View\\View))
#11 E:\\SEMESTER 5\\Pemrograman Framework\\BELAJAR\\Inventory_system\\vendor\\laravel\\framework\\src\\Illuminate\\Routing\\Router.php(939): Illuminate\\Http\\Response->__construct(Object(Illuminate\\View\\View), 200, Array)
#12 E:\\SEMESTER 5\\Pemrograman Framework\\BELAJAR\\Inventory_system\\vendor\\laravel\\framework\\src\\Illuminate\\Routing\\Router.php(906): Illuminate\\Routing\\Router::toResponse(Object(Illuminate\\Http\\Request), Object(Illuminate\\View\\View))
#13 E:\\SEMESTER 5\\Pemrograman Framework\\BELAJAR\\Inventory_system\\vendor\\laravel\\framework\\src\\Illuminate\\Routing\\Router.php(821): Illuminate\\Routing\\Router->prepareResponse(Object(Illuminate\\Http\\Request), Object(Illuminate\\View\\View))
#14 E:\\SEMESTER 5\\Pemrograman Framework\\BELAJAR\\Inventory_system\\vendor\\laravel\\framework\\src\\Illuminate\\Pipeline\\Pipeline.php(180): Illuminate\\Routing\\Router->Illuminate\\Routing\\{closure}(Object(Illuminate\\Http\\Request))
#15 E:\\SEMESTER 5\\Pemrograman Framework\\BELAJAR\\Inventory_system\\app\\Http\\Middleware\\RoleMiddleware.php(24): Illuminate\\Pipeline\\Pipeline->Illuminate\\Pipeline\\{closure}(Object(Illuminate\\Http\\Request))
#16 E:\\SEMESTER 5\\Pemrograman Framework\\BELAJAR\\Inventory_system\\vendor\\laravel\\framework\\src\\Illuminate\\Pipeline\\Pipeline.php(219): App\\Http\\Middleware\\RoleMiddleware->handle(Object(Illuminate\\Http\\Request), Object(Closure), 'admin')
#17 E:\\SEMESTER 5\\Pemrograman Framework\\BELAJAR\\Inventory_system\\vendor\\laravel\\framework\\src\\Illuminate\\Routing\\Middleware\\SubstituteBindings.php(50): Illuminate\\Pipeline\\Pipeline->Illuminate\\Pipeline\\{closure}(Object(Illuminate\\Http\\Request))
#18 E:\\SEMESTER 5\\Pemrograman Framework\\BELAJAR\\Inventory_system\\vendor\\laravel\\framework\\src\\Illuminate\\Pipeline\\Pipeline.php(219): Illuminate\\Routing\\Middleware\\SubstituteBindings->handle(Object(Illuminate\\Http\\Request), Object(Closure))
#19 E:\\SEMESTER 5\\Pemrograman Framework\\BELAJAR\\Inventory_system\\vendor\\laravel\\framework\\src\\Illuminate\\Auth\\Middleware\\Authenticate.php(63): Illuminate\\Pipeline\\Pipeline->Illuminate\\Pipeline\\{closure}(Object(Illuminate\\Http\\Request))
#20 E:\\SEMESTER 5\\Pemrograman Framework\\BELAJAR\\Inventory_system\\vendor\\laravel\\framework\\src\\Illuminate\\Pipeline\\Pipeline.php(219): Illuminate\\Auth\\Middleware\\Authenticate->handle(Object(Illuminate\\Http\\Request), Object(Closure))
#21 E:\\SEMESTER 5\\Pemrograman Framework\\BELAJAR\\Inventory_system\\vendor\\laravel\\framework\\src\\Illuminate\\Foundation\\Http\\Middleware\\VerifyCsrfToken.php(87): Illuminate\\Pipeline\\Pipeline->Illuminate\\Pipeline\\{closure}(Object(Illuminate\\Http\\Request))
#22 E:\\SEMESTER 5\\Pemrograman Framework\\BELAJAR\\Inventory_system\\vendor\\laravel\\framework\\src\\Illuminate\\Pipeline\\Pipeline.php(219): Illuminate\\Foundation\\Http\\Middleware\\VerifyCsrfToken->handle(Object(Illuminate\\Http\\Request), Object(Closure))
#23 E:\\SEMESTER 5\\Pemrograman Framework\\BELAJAR\\Inventory_system\\vendor\\laravel\\framework\\src\\Illuminate\\View\\Middleware\\ShareErrorsFromSession.php(48): Illuminate\\Pipeline\\Pipeline->Illuminate\\Pipeline\\{closure}(Object(Illuminate\\Http\\Request))
#24 E:\\SEMESTER 5\\Pemrograman Framework\\BELAJAR\\Inventory_system\\vendor\\laravel\\framework\\src\\Illuminate\\Pipeline\\Pipeline.php(219): Illuminate\\View\\Middleware\\ShareErrorsFromSession->handle(Object(Illuminate\\Http\\Request), Object(Closure))
#25 E:\\SEMESTER 5\\Pemrograman Framework\\BELAJAR\\Inventory_system\\vendor\\laravel\\framework\\src\\Illuminate\\Session\\Middleware\\StartSession.php(120): Illuminate\\Pipeline\\Pipeline->Illuminate\\Pipeline\\{closure}(Object(Illuminate\\Http\\Request))
#26 E:\\SEMESTER 5\\Pemrograman Framework\\BELAJAR\\Inventory_system\\vendor\\laravel\\framework\\src\\Illuminate\\Session\\Middleware\\StartSession.php(63): Illuminate\\Session\\Middleware\\StartSession->handleStatefulRequest(Object(Illuminate\\Http\\Request), Object(Illuminate\\Session\\Store), Object(Closure))
#27 E:\\SEMESTER 5\\Pemrograman Framework\\BELAJAR\\Inventory_system\\vendor\\laravel\\framework\\src\\Illuminate\\Pipeline\\Pipeline.php(219): Illuminate\\Session\\Middleware\\StartSession->handle(Object(Illuminate\\Http\\Request), Object(Closure))
#28 E:\\SEMESTER 5\\Pemrograman Framework\\BELAJAR\\Inventory_system\\vendor\\laravel\\framework\\src\\Illuminate\\Cookie\\Middleware\\AddQueuedCookiesToResponse.php(36): Illuminate\\Pipeline\\Pipeline->Illuminate\\Pipeline\\{closure}(Object(Illuminate\\Http\\Request))
#29 E:\\SEMESTER 5\\Pemrograman Framework\\BELAJAR\\Inventory_system\\vendor\\laravel\\framework\\src\\Illuminate\\Pipeline\\Pipeline.php(219): Illuminate\\Cookie\\Middleware\\AddQueuedCookiesToResponse->handle(Object(Illuminate\\Http\\Request), Object(Closure))
#30 E:\\SEMESTER 5\\Pemrograman Framework\\BELAJAR\\Inventory_system\\vendor\\laravel\\framework\\src\\Illuminate\\Cookie\\Middleware\\EncryptCookies.php(74): Illuminate\\Pipeline\\Pipeline->Illuminate\\Pipeline\\{closure}(Object(Illuminate\\Http\\Request))
#31 E:\\SEMESTER 5\\Pemrograman Framework\\BELAJAR\\Inventory_system\\vendor\\laravel\\framework\\src\\Illuminate\\Pipeline\\Pipeline.php(219): Illuminate\\Cookie\\Middleware\\EncryptCookies->handle(Object(Illuminate\\Http\\Request), Object(Closure))
#32 E:\\SEMESTER 5\\Pemrograman Framework\\BELAJAR\\Inventory_system\\vendor\\laravel\\framework\\src\\Illuminate\\Pipeline\\Pipeline.php(137): Illuminate\\Pipeline\\Pipeline->Illuminate\\Pipeline\\{closure}(Object(Illuminate\\Http\\Request))
#33 E:\\SEMESTER 5\\Pemrograman Framework\\BELAJAR\\Inventory_system\\vendor\\laravel\\framework\\src\\Illuminate\\Routing\\Router.php(821): Illuminate\\Pipeline\\Pipeline->then(Object(Closure))
#34 E:\\SEMESTER 5\\Pemrograman Framework\\BELAJAR\\Inventory_system\\vendor\\laravel\\framework\\src\\Illuminate\\Routing\\Router.php(800): Illuminate\\Routing\\Router->runRouteWithinStack(Object(Illuminate\\Routing\\Route), Object(Illuminate\\Http\\Request))
#35 E:\\SEMESTER 5\\Pemrograman Framework\\BELAJAR\\Inventory_system\\vendor\\laravel\\framework\\src\\Illuminate\\Routing\\Router.php(764): Illuminate\\Routing\\Router->runRoute(Object(Illuminate\\Http\\Request), Object(Illuminate\\Routing\\Route))
#36 E:\\SEMESTER 5\\Pemrograman Framework\\BELAJAR\\Inventory_system\\vendor\\laravel\\framework\\src\\Illuminate\\Routing\\Router.php(753): Illuminate\\Routing\\Router->dispatchToRoute(Object(Illuminate\\Http\\Request))
#37 E:\\SEMESTER 5\\Pemrograman Framework\\BELAJAR\\Inventory_system\\vendor\\laravel\\framework\\src\\Illuminate\\Foundation\\Http\\Kernel.php(200): Illuminate\\Routing\\Router->dispatch(Object(Illuminate\\Http\\Request))
#38 E:\\SEMESTER 5\\Pemrograman Framework\\BELAJAR\\Inventory_system\\vendor\\laravel\\framework\\src\\Illuminate\\Pipeline\\Pipeline.php(180): Illuminate\\Foundation\\Http\\Kernel->Illuminate\\Foundation\\Http\\{closure}(Object(Illuminate\\Http\\Request))
#39 E:\\SEMESTER 5\\Pemrograman Framework\\BELAJAR\\Inventory_system\\vendor\\laravel\\framework\\src\\Illuminate\\Foundation\\Http\\Middleware\\TransformsRequest.php(21): Illuminate\\Pipeline\\Pipeline->Illuminate\\Pipeline\\{closure}(Object(Illuminate\\Http\\Request))
#40 E:\\SEMESTER 5\\Pemrograman Framework\\BELAJAR\\Inventory_system\\vendor\\laravel\\framework\\src\\Illuminate\\Foundation\\Http\\Middleware\\ConvertEmptyStringsToNull.php(31): Illuminate\\Foundation\\Http\\Middleware\\TransformsRequest->handle(Object(Illuminate\\Http\\Request), Object(Closure))
#41 E:\\SEMESTER 5\\Pemrograman Framework\\BELAJAR\\Inventory_system\\vendor\\laravel\\framework\\src\\Illuminate\\Pipeline\\Pipeline.php(219): Illuminate\\Foundation\\Http\\Middleware\\ConvertEmptyStringsToNull->handle(Object(Illuminate\\Http\\Request), Object(Closure))
#42 E:\\SEMESTER 5\\Pemrograman Framework\\BELAJAR\\Inventory_system\\vendor\\laravel\\framework\\src\\Illuminate\\Foundation\\Http\\Middleware\\TransformsRequest.php(21): Illuminate\\Pipeline\\Pipeline->Illuminate\\Pipeline\\{closure}(Object(Illuminate\\Http\\Request))
#43 E:\\SEMESTER 5\\Pemrograman Framework\\BELAJAR\\Inventory_system\\vendor\\laravel\\framework\\src\\Illuminate\\Foundation\\Http\\Middleware\\TrimStrings.php(51): Illuminate\\Foundation\\Http\\Middleware\\TransformsRequest->handle(Object(Illuminate\\Http\\Request), Object(Closure))
#44 E:\\SEMESTER 5\\Pemrograman Framework\\BELAJAR\\Inventory_system\\vendor\\laravel\\framework\\src\\Illuminate\\Pipeline\\Pipeline.php(219): Illuminate\\Foundation\\Http\\Middleware\\TrimStrings->handle(Object(Illuminate\\Http\\Request), Object(Closure))
#45 E:\\SEMESTER 5\\Pemrograman Framework\\BELAJAR\\Inventory_system\\vendor\\laravel\\framework\\src\\Illuminate\\Http\\Middleware\\ValidatePostSize.php(27): Illuminate\\Pipeline\\Pipeline->Illuminate\\Pipeline\\{closure}(Object(Illuminate\\Http\\Request))
#46 E:\\SEMESTER 5\\Pemrograman Framework\\BELAJAR\\Inventory_system\\vendor\\laravel\\framework\\src\\Illuminate\\Pipeline\\Pipeline.php(219): Illuminate\\Http\\Middleware\\ValidatePostSize->handle(Object(Illuminate\\Http\\Request), Object(Closure))
#47 E:\\SEMESTER 5\\Pemrograman Framework\\BELAJAR\\Inventory_system\\vendor\\laravel\\framework\\src\\Illuminate\\Foundation\\Http\\Middleware\\PreventRequestsDuringMaintenance.php(109): Illuminate\\Pipeline\\Pipeline->Illuminate\\Pipeline\\{closure}(Object(Illuminate\\Http\\Request))
#48 E:\\SEMESTER 5\\Pemrograman Framework\\BELAJAR\\Inventory_system\\vendor\\laravel\\framework\\src\\Illuminate\\Pipeline\\Pipeline.php(219): Illuminate\\Foundation\\Http\\Middleware\\PreventRequestsDuringMaintenance->handle(Object(Illuminate\\Http\\Request), Object(Closure))
#49 E:\\SEMESTER 5\\Pemrograman Framework\\BELAJAR\\Inventory_system\\vendor\\laravel\\framework\\src\\Illuminate\\Http\\Middleware\\HandleCors.php(48): Illuminate\\Pipeline\\Pipeline->Illuminate\\Pipeline\\{closure}(Object(Illuminate\\Http\\Request))
#50 E:\\SEMESTER 5\\Pemrograman Framework\\BELAJAR\\Inventory_system\\vendor\\laravel\\framework\\src\\Illuminate\\Pipeline\\Pipeline.php(219): Illuminate\\Http\\Middleware\\HandleCors->handle(Object(Illuminate\\Http\\Request), Object(Closure))
#51 E:\\SEMESTER 5\\Pemrograman Framework\\BELAJAR\\Inventory_system\\vendor\\laravel\\framework\\src\\Illuminate\\Http\\Middleware\\TrustProxies.php(58): Illuminate\\Pipeline\\Pipeline->Illuminate\\Pipeline\\{closure}(Object(Illuminate\\Http\\Request))
#52 E:\\SEMESTER 5\\Pemrograman Framework\\BELAJAR\\Inventory_system\\vendor\\laravel\\framework\\src\\Illuminate\\Pipeline\\Pipeline.php(219): Illuminate\\Http\\Middleware\\TrustProxies->handle(Object(Illuminate\\Http\\Request), Object(Closure))
#53 E:\\SEMESTER 5\\Pemrograman Framework\\BELAJAR\\Inventory_system\\vendor\\laravel\\framework\\src\\Illuminate\\Foundation\\Http\\Middleware\\InvokeDeferredCallbacks.php(22): Illuminate\\Pipeline\\Pipeline->Illuminate\\Pipeline\\{closure}(Object(Illuminate\\Http\\Request))
#54 E:\\SEMESTER 5\\Pemrograman Framework\\BELAJAR\\Inventory_system\\vendor\\laravel\\framework\\src\\Illuminate\\Pipeline\\Pipeline.php(219): Illuminate\\Foundation\\Http\\Middleware\\InvokeDeferredCallbacks->handle(Object(Illuminate\\Http\\Request), Object(Closure))
#55 E:\\SEMESTER 5\\Pemrograman Framework\\BELAJAR\\Inventory_system\\vendor\\laravel\\framework\\src\\Illuminate\\Http\\Middleware\\ValidatePathEncoding.php(26): Illuminate\\Pipeline\\Pipeline->Illuminate\\Pipeline\\{closure}(Object(Illuminate\\Http\\Request))
#56 E:\\SEMESTER 5\\Pemrograman Framework\\BELAJAR\\Inventory_system\\vendor\\laravel\\framework\\src\\Illuminate\\Pipeline\\Pipeline.php(219): Illuminate\\Http\\Middleware\\ValidatePathEncoding->handle(Object(Illuminate\\Http\\Request), Object(Closure))
#57 E:\\SEMESTER 5\\Pemrograman Framework\\BELAJAR\\Inventory_system\\vendor\\laravel\\framework\\src\\Illuminate\\Pipeline\\Pipeline.php(137): Illuminate\\Pipeline\\Pipeline->Illuminate\\Pipeline\\{closure}(Object(Illuminate\\Http\\Request))
#58 E:\\SEMESTER 5\\Pemrograman Framework\\BELAJAR\\Inventory_system\\vendor\\laravel\\framework\\src\\Illuminate\\Foundation\\Http\\Kernel.php(175): Illuminate\\Pipeline\\Pipeline->then(Object(Closure))
#59 E:\\SEMESTER 5\\Pemrograman Framework\\BELAJAR\\Inventory_system\\vendor\\laravel\\framework\\src\\Illuminate\\Foundation\\Http\\Kernel.php(144): Illuminate\\Foundation\\Http\\Kernel->sendRequestThroughRouter(Object(Illuminate\\Http\\Request))
#60 E:\\SEMESTER 5\\Pemrograman Framework\\BELAJAR\\Inventory_system\\vendor\\laravel\\framework\\src\\Illuminate\\Foundation\\Application.php(1220): Illuminate\\Foundation\\Http\\Kernel->handle(Object(Illuminate\\Http\\Request))
#61 E:\\SEMESTER 5\\Pemrograman Framework\\BELAJAR\\Inventory_system\\public\\index.php(20): Illuminate\\Foundation\\Application->handleRequest(Object(Illuminate\\Http\\Request))
#62 E:\\SEMESTER 5\\Pemrograman Framework\\BELAJAR\\Inventory_system\\vendor\\laravel\\framework\\src\\Illuminate\\Foundation\\resources\\server.php(23): require_once('E:\\\\SEMESTER 5\\\\P...')
#63 {main}
"} 
[2025-11-25 18:29:07] local.ERROR: Neither gd-lib or imagick are installed! (View: E:\SEMESTER 5\Pemrograman Framework\BELAJAR\Inventory_system\resources\views\barcodes\print.blade.php) {"userId":1,"exception":"[object] (Illuminate\\View\\ViewException(code: 0): Neither gd-lib or imagick are installed! (View: E:\\SEMESTER 5\\Pemrograman Framework\\BELAJAR\\Inventory_system\\resources\\views\\barcodes\\print.blade.php) at E:\\SEMESTER 5\\Pemrograman Framework\\BELAJAR\\Inventory_system\\vendor\\picqer\\php-barcode-generator\\src\\Renderers\\PngRenderer.php:30)
[stacktrace]
#0 E:\\SEMESTER 5\\Pemrograman Framework\\BELAJAR\\Inventory_system\\vendor\\laravel\\framework\\src\\Illuminate\\View\\Engines\\PhpEngine.php(59): Illuminate\\View\\Engines\\CompilerEngine->handleViewException(Object(Picqer\\Barcode\\Exceptions\\BarcodeException), 1)
#1 E:\\SEMESTER 5\\Pemrograman Framework\\BELAJAR\\Inventory_system\\vendor\\laravel\\framework\\src\\Illuminate\\View\\Engines\\CompilerEngine.php(76): Illuminate\\View\\Engines\\PhpEngine->evaluatePath('E:\\\\SEMESTER 5\\\\P...', Array)
#2 E:\\SEMESTER 5\\Pemrograman Framework\\BELAJAR\\Inventory_system\\vendor\\laravel\\framework\\src\\Illuminate\\View\\View.php(208): Illuminate\\View\\Engines\\CompilerEngine->get('E:\\\\SEMESTER 5\\\\P...', Array)
#3 E:\\SEMESTER 5\\Pemrograman Framework\\BELAJAR\\Inventory_system\\vendor\\laravel\\framework\\src\\Illuminate\\View\\View.php(191): Illuminate\\View\\View->getContents()
#4 E:\\SEMESTER 5\\Pemrograman Framework\\BELAJAR\\Inventory_system\\vendor\\laravel\\framework\\src\\Illuminate\\View\\View.php(160): Illuminate\\View\\View->renderContents()
#5 E:\\SEMESTER 5\\Pemrograman Framework\\BELAJAR\\Inventory_system\\vendor\\laravel\\framework\\src\\Illuminate\\Http\\Response.php(78): Illuminate\\View\\View->render()
#6 E:\\SEMESTER 5\\Pemrograman Framework\\BELAJAR\\Inventory_system\\vendor\\laravel\\framework\\src\\Illuminate\\Http\\Response.php(34): Illuminate\\Http\\Response->setContent(Object(Illuminate\\View\\View))
#7 E:\\SEMESTER 5\\Pemrograman Framework\\BELAJAR\\Inventory_system\\vendor\\laravel\\framework\\src\\Illuminate\\Routing\\Router.php(939): Illuminate\\Http\\Response->__construct(Object(Illuminate\\View\\View), 200, Array)
#8 E:\\SEMESTER 5\\Pemrograman Framework\\BELAJAR\\Inventory_system\\vendor\\laravel\\framework\\src\\Illuminate\\Routing\\Router.php(906): Illuminate\\Routing\\Router::toResponse(Object(Illuminate\\Http\\Request), Object(Illuminate\\View\\View))
#9 E:\\SEMESTER 5\\Pemrograman Framework\\BELAJAR\\Inventory_system\\vendor\\laravel\\framework\\src\\Illuminate\\Routing\\Router.php(821): Illuminate\\Routing\\Router->prepareResponse(Object(Illuminate\\Http\\Request), Object(Illuminate\\View\\View))
#10 E:\\SEMESTER 5\\Pemrograman Framework\\BELAJAR\\Inventory_system\\vendor\\laravel\\framework\\src\\Illuminate\\Pipeline\\Pipeline.php(180): Illuminate\\Routing\\Router->Illuminate\\Routing\\{closure}(Object(Illuminate\\Http\\Request))
#11 E:\\SEMESTER 5\\Pemrograman Framework\\BELAJAR\\Inventory_system\\app\\Http\\Middleware\\RoleMiddleware.php(24): Illuminate\\Pipeline\\Pipeline->Illuminate\\Pipeline\\{closure}(Object(Illuminate\\Http\\Request))
#12 E:\\SEMESTER 5\\Pemrograman Framework\\BELAJAR\\Inventory_system\\vendor\\laravel\\framework\\src\\Illuminate\\Pipeline\\Pipeline.php(219): App\\Http\\Middleware\\RoleMiddleware->handle(Object(Illuminate\\Http\\Request), Object(Closure), 'admin|gudang')
#13 E:\\SEMESTER 5\\Pemrograman Framework\\BELAJAR\\Inventory_system\\vendor\\laravel\\framework\\src\\Illuminate\\Routing\\Middleware\\SubstituteBindings.php(50): Illuminate\\Pipeline\\Pipeline->Illuminate\\Pipeline\\{closure}(Object(Illuminate\\Http\\Request))
#14 E:\\SEMESTER 5\\Pemrograman Framework\\BELAJAR\\Inventory_system\\vendor\\laravel\\framework\\src\\Illuminate\\Pipeline\\Pipeline.php(219): Illuminate\\Routing\\Middleware\\SubstituteBindings->handle(Object(Illuminate\\Http\\Request), Object(Closure))
#15 E:\\SEMESTER 5\\Pemrograman Framework\\BELAJAR\\Inventory_system\\vendor\\laravel\\framework\\src\\Illuminate\\Auth\\Middleware\\Authenticate.php(63): Illuminate\\Pipeline\\Pipeline->Illuminate\\Pipeline\\{closure}(Object(Illuminate\\Http\\Request))
#16 E:\\SEMESTER 5\\Pemrograman Framework\\BELAJAR\\Inventory_system\\vendor\\laravel\\framework\\src\\Illuminate\\Pipeline\\Pipeline.php(219): Illuminate\\Auth\\Middleware\\Authenticate->handle(Object(Illuminate\\Http\\Request), Object(Closure))
#17 E:\\SEMESTER 5\\Pemrograman Framework\\BELAJAR\\Inventory_system\\vendor\\laravel\\framework\\src\\Illuminate\\Foundation\\Http\\Middleware\\VerifyCsrfToken.php(87): Illuminate\\Pipeline\\Pipeline->Illuminate\\Pipeline\\{closure}(Object(Illuminate\\Http\\Request))
#18 E:\\SEMESTER 5\\Pemrograman Framework\\BELAJAR\\Inventory_system\\vendor\\laravel\\framework\\src\\Illuminate\\Pipeline\\Pipeline.php(219): Illuminate\\Foundation\\Http\\Middleware\\VerifyCsrfToken->handle(Object(Illuminate\\Http\\Request), Object(Closure))
#19 E:\\SEMESTER 5\\Pemrograman Framework\\BELAJAR\\Inventory_system\\vendor\\laravel\\framework\\src\\Illuminate\\View\\Middleware\\ShareErrorsFromSession.php(48): Illuminate\\Pipeline\\Pipeline->Illuminate\\Pipeline\\{closure}(Object(Illuminate\\Http\\Request))
#20 E:\\SEMESTER 5\\Pemrograman Framework\\BELAJAR\\Inventory_system\\vendor\\laravel\\framework\\src\\Illuminate\\Pipeline\\Pipeline.php(219): Illuminate\\View\\Middleware\\ShareErrorsFromSession->handle(Object(Illuminate\\Http\\Request), Object(Closure))
#21 E:\\SEMESTER 5\\Pemrograman Framework\\BELAJAR\\Inventory_system\\vendor\\laravel\\framework\\src\\Illuminate\\Session\\Middleware\\StartSession.php(120): Illuminate\\Pipeline\\Pipeline->Illuminate\\Pipeline\\{closure}(Object(Illuminate\\Http\\Request))
#22 E:\\SEMESTER 5\\Pemrograman Framework\\BELAJAR\\Inventory_system\\vendor\\laravel\\framework\\src\\Illuminate\\Session\\Middleware\\StartSession.php(63): Illuminate\\Session\\Middleware\\StartSession->handleStatefulRequest(Object(Illuminate\\Http\\Request), Object(Illuminate\\Session\\Store), Object(Closure))
#23 E:\\SEMESTER 5\\Pemrograman Framework\\BELAJAR\\Inventory_system\\vendor\\laravel\\framework\\src\\Illuminate\\Pipeline\\Pipeline.php(219): Illuminate\\Session\\Middleware\\StartSession->handle(Object(Illuminate\\Http\\Request), Object(Closure))
#24 E:\\SEMESTER 5\\Pemrograman Framework\\BELAJAR\\Inventory_system\\vendor\\laravel\\framework\\src\\Illuminate\\Cookie\\Middleware\\AddQueuedCookiesToResponse.php(36): Illuminate\\Pipeline\\Pipeline->Illuminate\\Pipeline\\{closure}(Object(Illuminate\\Http\\Request))
#25 E:\\SEMESTER 5\\Pemrograman Framework\\BELAJAR\\Inventory_system\\vendor\\laravel\\framework\\src\\Illuminate\\Pipeline\\Pipeline.php(219): Illuminate\\Cookie\\Middleware\\AddQueuedCookiesToResponse->handle(Object(Illuminate\\Http\\Request), Object(Closure))
#26 E:\\SEMESTER 5\\Pemrograman Framework\\BELAJAR\\Inventory_system\\vendor\\laravel\\framework\\src\\Illuminate\\Cookie\\Middleware\\EncryptCookies.php(74): Illuminate\\Pipeline\\Pipeline->Illuminate\\Pipeline\\{closure}(Object(Illuminate\\Http\\Request))
#27 E:\\SEMESTER 5\\Pemrograman Framework\\BELAJAR\\Inventory_system\\vendor\\laravel\\framework\\src\\Illuminate\\Pipeline\\Pipeline.php(219): Illuminate\\Cookie\\Middleware\\EncryptCookies->handle(Object(Illuminate\\Http\\Request), Object(Closure))
#28 E:\\SEMESTER 5\\Pemrograman Framework\\BELAJAR\\Inventory_system\\vendor\\laravel\\framework\\src\\Illuminate\\Pipeline\\Pipeline.php(137): Illuminate\\Pipeline\\Pipeline->Illuminate\\Pipeline\\{closure}(Object(Illuminate\\Http\\Request))
#29 E:\\SEMESTER 5\\Pemrograman Framework\\BELAJAR\\Inventory_system\\vendor\\laravel\\framework\\src\\Illuminate\\Routing\\Router.php(821): Illuminate\\Pipeline\\Pipeline->then(Object(Closure))
#30 E:\\SEMESTER 5\\Pemrograman Framework\\BELAJAR\\Inventory_system\\vendor\\laravel\\framework\\src\\Illuminate\\Routing\\Router.php(800): Illuminate\\Routing\\Router->runRouteWithinStack(Object(Illuminate\\Routing\\Route), Object(Illuminate\\Http\\Request))
#31 E:\\SEMESTER 5\\Pemrograman Framework\\BELAJAR\\Inventory_system\\vendor\\laravel\\framework\\src\\Illuminate\\Routing\\Router.php(764): Illuminate\\Routing\\Router->runRoute(Object(Illuminate\\Http\\Request), Object(Illuminate\\Routing\\Route))
#32 E:\\SEMESTER 5\\Pemrograman Framework\\BELAJAR\\Inventory_system\\vendor\\laravel\\framework\\src\\Illuminate\\Routing\\Router.php(753): Illuminate\\Routing\\Router->dispatchToRoute(Object(Illuminate\\Http\\Request))
#33 E:\\SEMESTER 5\\Pemrograman Framework\\BELAJAR\\Inventory_system\\vendor\\laravel\\framework\\src\\Illuminate\\Foundation\\Http\\Kernel.php(200): Illuminate\\Routing\\Router->dispatch(Object(Illuminate\\Http\\Request))
#34 E:\\SEMESTER 5\\Pemrograman Framework\\BELAJAR\\Inventory_system\\vendor\\laravel\\framework\\src\\Illuminate\\Pipeline\\Pipeline.php(180): Illuminate\\Foundation\\Http\\Kernel->Illuminate\\Foundation\\Http\\{closure}(Object(Illuminate\\Http\\Request))
#35 E:\\SEMESTER 5\\Pemrograman Framework\\BELAJAR\\Inventory_system\\vendor\\laravel\\framework\\src\\Illuminate\\Foundation\\Http\\Middleware\\TransformsRequest.php(21): Illuminate\\Pipeline\\Pipeline->Illuminate\\Pipeline\\{closure}(Object(Illuminate\\Http\\Request))
#36 E:\\SEMESTER 5\\Pemrograman Framework\\BELAJAR\\Inventory_system\\vendor\\laravel\\framework\\src\\Illuminate\\Foundation\\Http\\Middleware\\ConvertEmptyStringsToNull.php(31): Illuminate\\Foundation\\Http\\Middleware\\TransformsRequest->handle(Object(Illuminate\\Http\\Request), Object(Closure))
#37 E:\\SEMESTER 5\\Pemrograman Framework\\BELAJAR\\Inventory_system\\vendor\\laravel\\framework\\src\\Illuminate\\Pipeline\\Pipeline.php(219): Illuminate\\Foundation\\Http\\Middleware\\ConvertEmptyStringsToNull->handle(Object(Illuminate\\Http\\Request), Object(Closure))
#38 E:\\SEMESTER 5\\Pemrograman Framework\\BELAJAR\\Inventory_system\\vendor\\laravel\\framework\\src\\Illuminate\\Foundation\\Http\\Middleware\\TransformsRequest.php(21): Illuminate\\Pipeline\\Pipeline->Illuminate\\Pipeline\\{closure}(Object(Illuminate\\Http\\Request))
#39 E:\\SEMESTER 5\\Pemrograman Framework\\BELAJAR\\Inventory_system\\vendor\\laravel\\framework\\src\\Illuminate\\Foundation\\Http\\Middleware\\TrimStrings.php(51): Illuminate\\Foundation\\Http\\Middleware\\TransformsRequest->handle(Object(Illuminate\\Http\\Request), Object(Closure))
#40 E:\\SEMESTER 5\\Pemrograman Framework\\BELAJAR\\Inventory_system\\vendor\\laravel\\framework\\src\\Illuminate\\Pipeline\\Pipeline.php(219): Illuminate\\Foundation\\Http\\Middleware\\TrimStrings->handle(Object(Illuminate\\Http\\Request), Object(Closure))
#41 E:\\SEMESTER 5\\Pemrograman Framework\\BELAJAR\\Inventory_system\\vendor\\laravel\\framework\\src\\Illuminate\\Http\\Middleware\\ValidatePostSize.php(27): Illuminate\\Pipeline\\Pipeline->Illuminate\\Pipeline\\{closure}(Object(Illuminate\\Http\\Request))
#42 E:\\SEMESTER 5\\Pemrograman Framework\\BELAJAR\\Inventory_system\\vendor\\laravel\\framework\\src\\Illuminate\\Pipeline\\Pipeline.php(219): Illuminate\\Http\\Middleware\\ValidatePostSize->handle(Object(Illuminate\\Http\\Request), Object(Closure))
#43 E:\\SEMESTER 5\\Pemrograman Framework\\BELAJAR\\Inventory_system\\vendor\\laravel\\framework\\src\\Illuminate\\Foundation\\Http\\Middleware\\PreventRequestsDuringMaintenance.php(109): Illuminate\\Pipeline\\Pipeline->Illuminate\\Pipeline\\{closure}(Object(Illuminate\\Http\\Request))
#44 E:\\SEMESTER 5\\Pemrograman Framework\\BELAJAR\\Inventory_system\\vendor\\laravel\\framework\\src\\Illuminate\\Pipeline\\Pipeline.php(219): Illuminate\\Foundation\\Http\\Middleware\\PreventRequestsDuringMaintenance->handle(Object(Illuminate\\Http\\Request), Object(Closure))
#45 E:\\SEMESTER 5\\Pemrograman Framework\\BELAJAR\\Inventory_system\\vendor\\laravel\\framework\\src\\Illuminate\\Http\\Middleware\\HandleCors.php(48): Illuminate\\Pipeline\\Pipeline->Illuminate\\Pipeline\\{closure}(Object(Illuminate\\Http\\Request))
#46 E:\\SEMESTER 5\\Pemrograman Framework\\BELAJAR\\Inventory_system\\vendor\\laravel\\framework\\src\\Illuminate\\Pipeline\\Pipeline.php(219): Illuminate\\Http\\Middleware\\HandleCors->handle(Object(Illuminate\\Http\\Request), Object(Closure))
#47 E:\\SEMESTER 5\\Pemrograman Framework\\BELAJAR\\Inventory_system\\vendor\\laravel\\framework\\src\\Illuminate\\Http\\Middleware\\TrustProxies.php(58): Illuminate\\Pipeline\\Pipeline->Illuminate\\Pipeline\\{closure}(Object(Illuminate\\Http\\Request))
#48 E:\\SEMESTER 5\\Pemrograman Framework\\BELAJAR\\Inventory_system\\vendor\\laravel\\framework\\src\\Illuminate\\Pipeline\\Pipeline.php(219): Illuminate\\Http\\Middleware\\TrustProxies->handle(Object(Illuminate\\Http\\Request), Object(Closure))
#49 E:\\SEMESTER 5\\Pemrograman Framework\\BELAJAR\\Inventory_system\\vendor\\laravel\\framework\\src\\Illuminate\\Foundation\\Http\\Middleware\\InvokeDeferredCallbacks.php(22): Illuminate\\Pipeline\\Pipeline->Illuminate\\Pipeline\\{closure}(Object(Illuminate\\Http\\Request))
#50 E:\\SEMESTER 5\\Pemrograman Framework\\BELAJAR\\Inventory_system\\vendor\\laravel\\framework\\src\\Illuminate\\Pipeline\\Pipeline.php(219): Illuminate\\Foundation\\Http\\Middleware\\InvokeDeferredCallbacks->handle(Object(Illuminate\\Http\\Request), Object(Closure))
#51 E:\\SEMESTER 5\\Pemrograman Framework\\BELAJAR\\Inventory_system\\vendor\\laravel\\framework\\src\\Illuminate\\Http\\Middleware\\ValidatePathEncoding.php(26): Illuminate\\Pipeline\\Pipeline->Illuminate\\Pipeline\\{closure}(Object(Illuminate\\Http\\Request))
#52 E:\\SEMESTER 5\\Pemrograman Framework\\BELAJAR\\Inventory_system\\vendor\\laravel\\framework\\src\\Illuminate\\Pipeline\\Pipeline.php(219): Illuminate\\Http\\Middleware\\ValidatePathEncoding->handle(Object(Illuminate\\Http\\Request), Object(Closure))
#53 E:\\SEMESTER 5\\Pemrograman Framework\\BELAJAR\\Inventory_system\\vendor\\laravel\\framework\\src\\Illuminate\\Pipeline\\Pipeline.php(137): Illuminate\\Pipeline\\Pipeline->Illuminate\\Pipeline\\{closure}(Object(Illuminate\\Http\\Request))
#54 E:\\SEMESTER 5\\Pemrograman Framework\\BELAJAR\\Inventory_system\\vendor\\laravel\\framework\\src\\Illuminate\\Foundation\\Http\\Kernel.php(175): Illuminate\\Pipeline\\Pipeline->then(Object(Closure))
#55 E:\\SEMESTER 5\\Pemrograman Framework\\BELAJAR\\Inventory_system\\vendor\\laravel\\framework\\src\\Illuminate\\Foundation\\Http\\Kernel.php(144): Illuminate\\Foundation\\Http\\Kernel->sendRequestThroughRouter(Object(Illuminate\\Http\\Request))
#56 E:\\SEMESTER 5\\Pemrograman Framework\\BELAJAR\\Inventory_system\\vendor\\laravel\\framework\\src\\Illuminate\\Foundation\\Application.php(1220): Illuminate\\Foundation\\Http\\Kernel->handle(Object(Illuminate\\Http\\Request))
#57 E:\\SEMESTER 5\\Pemrograman Framework\\BELAJAR\\Inventory_system\\public\\index.php(20): Illuminate\\Foundation\\Application->handleRequest(Object(Illuminate\\Http\\Request))
#58 E:\\SEMESTER 5\\Pemrograman Framework\\BELAJAR\\Inventory_system\\vendor\\laravel\\framework\\src\\Illuminate\\Foundation\\resources\\server.php(23): require_once('E:\\\\SEMESTER 5\\\\P...')
#59 {main}

[previous exception] [object] (Picqer\\Barcode\\Exceptions\\BarcodeException(code: 0): Neither gd-lib or imagick are installed! at E:\\SEMESTER 5\\Pemrograman Framework\\BELAJAR\\Inventory_system\\vendor\\picqer\\php-barcode-generator\\src\\Renderers\\PngRenderer.php:30)
[stacktrace]
#0 E:\\SEMESTER 5\\Pemrograman Framework\\BELAJAR\\Inventory_system\\vendor\\picqer\\php-barcode-generator\\src\\BarcodeGeneratorPNG.php(26): Picqer\\Barcode\\Renderers\\PngRenderer->__construct()
#1 E:\\SEMESTER 5\\Pemrograman Framework\\BELAJAR\\Inventory_system\\storage\\framework\\views\\6b6408d7b5501920fd9480cdc421cd41.php(77): Picqer\\Barcode\\BarcodeGeneratorPNG->getBarcode('90', 'C128')
#2 E:\\SEMESTER 5\\Pemrograman Framework\\BELAJAR\\Inventory_system\\vendor\\laravel\\framework\\src\\Illuminate\\Filesystem\\Filesystem.php(123): require('E:\\\\SEMESTER 5\\\\P...')
#3 E:\\SEMESTER 5\\Pemrograman Framework\\BELAJAR\\Inventory_system\\vendor\\laravel\\framework\\src\\Illuminate\\Filesystem\\Filesystem.php(124): Illuminate\\Filesystem\\Filesystem::Illuminate\\Filesystem\\{closure}()
#4 E:\\SEMESTER 5\\Pemrograman Framework\\BELAJAR\\Inventory_system\\vendor\\laravel\\framework\\src\\Illuminate\\View\\Engines\\PhpEngine.php(57): Illuminate\\Filesystem\\Filesystem->getRequire('E:\\\\SEMESTER 5\\\\P...', Array)
#5 E:\\SEMESTER 5\\Pemrograman Framework\\BELAJAR\\Inventory_system\\vendor\\laravel\\framework\\src\\Illuminate\\View\\Engines\\CompilerEngine.php(76): Illuminate\\View\\Engines\\PhpEngine->evaluatePath('E:\\\\SEMESTER 5\\\\P...', Array)
#6 E:\\SEMESTER 5\\Pemrograman Framework\\BELAJAR\\Inventory_system\\vendor\\laravel\\framework\\src\\Illuminate\\View\\View.php(208): Illuminate\\View\\Engines\\CompilerEngine->get('E:\\\\SEMESTER 5\\\\P...', Array)
#7 E:\\SEMESTER 5\\Pemrograman Framework\\BELAJAR\\Inventory_system\\vendor\\laravel\\framework\\src\\Illuminate\\View\\View.php(191): Illuminate\\View\\View->getContents()
#8 E:\\SEMESTER 5\\Pemrograman Framework\\BELAJAR\\Inventory_system\\vendor\\laravel\\framework\\src\\Illuminate\\View\\View.php(160): Illuminate\\View\\View->renderContents()
#9 E:\\SEMESTER 5\\Pemrograman Framework\\BELAJAR\\Inventory_system\\vendor\\laravel\\framework\\src\\Illuminate\\Http\\Response.php(78): Illuminate\\View\\View->render()
#10 E:\\SEMESTER 5\\Pemrograman Framework\\BELAJAR\\Inventory_system\\vendor\\laravel\\framework\\src\\Illuminate\\Http\\Response.php(34): Illuminate\\Http\\Response->setContent(Object(Illuminate\\View\\View))
#11 E:\\SEMESTER 5\\Pemrograman Framework\\BELAJAR\\Inventory_system\\vendor\\laravel\\framework\\src\\Illuminate\\Routing\\Router.php(939): Illuminate\\Http\\Response->__construct(Object(Illuminate\\View\\View), 200, Array)
#12 E:\\SEMESTER 5\\Pemrograman Framework\\BELAJAR\\Inventory_system\\vendor\\laravel\\framework\\src\\Illuminate\\Routing\\Router.php(906): Illuminate\\Routing\\Router::toResponse(Object(Illuminate\\Http\\Request), Object(Illuminate\\View\\View))
#13 E:\\SEMESTER 5\\Pemrograman Framework\\BELAJAR\\Inventory_system\\vendor\\laravel\\framework\\src\\Illuminate\\Routing\\Router.php(821): Illuminate\\Routing\\Router->prepareResponse(Object(Illuminate\\Http\\Request), Object(Illuminate\\View\\View))
#14 E:\\SEMESTER 5\\Pemrograman Framework\\BELAJAR\\Inventory_system\\vendor\\laravel\\framework\\src\\Illuminate\\Pipeline\\Pipeline.php(180): Illuminate\\Routing\\Router->Illuminate\\Routing\\{closure}(Object(Illuminate\\Http\\Request))
#15 E:\\SEMESTER 5\\Pemrograman Framework\\BELAJAR\\Inventory_system\\app\\Http\\Middleware\\RoleMiddleware.php(24): Illuminate\\Pipeline\\Pipeline->Illuminate\\Pipeline\\{closure}(Object(Illuminate\\Http\\Request))
#16 E:\\SEMESTER 5\\Pemrograman Framework\\BELAJAR\\Inventory_system\\vendor\\laravel\\framework\\src\\Illuminate\\Pipeline\\Pipeline.php(219): App\\Http\\Middleware\\RoleMiddleware->handle(Object(Illuminate\\Http\\Request), Object(Closure), 'admin|gudang')
#17 E:\\SEMESTER 5\\Pemrograman Framework\\BELAJAR\\Inventory_system\\vendor\\laravel\\framework\\src\\Illuminate\\Routing\\Middleware\\SubstituteBindings.php(50): Illuminate\\Pipeline\\Pipeline->Illuminate\\Pipeline\\{closure}(Object(Illuminate\\Http\\Request))
#18 E:\\SEMESTER 5\\Pemrograman Framework\\BELAJAR\\Inventory_system\\vendor\\laravel\\framework\\src\\Illuminate\\Pipeline\\Pipeline.php(219): Illuminate\\Routing\\Middleware\\SubstituteBindings->handle(Object(Illuminate\\Http\\Request), Object(Closure))
#19 E:\\SEMESTER 5\\Pemrograman Framework\\BELAJAR\\Inventory_system\\vendor\\laravel\\framework\\src\\Illuminate\\Auth\\Middleware\\Authenticate.php(63): Illuminate\\Pipeline\\Pipeline->Illuminate\\Pipeline\\{closure}(Object(Illuminate\\Http\\Request))
#20 E:\\SEMESTER 5\\Pemrograman Framework\\BELAJAR\\Inventory_system\\vendor\\laravel\\framework\\src\\Illuminate\\Pipeline\\Pipeline.php(219): Illuminate\\Auth\\Middleware\\Authenticate->handle(Object(Illuminate\\Http\\Request), Object(Closure))
#21 E:\\SEMESTER 5\\Pemrograman Framework\\BELAJAR\\Inventory_system\\vendor\\laravel\\framework\\src\\Illuminate\\Foundation\\Http\\Middleware\\VerifyCsrfToken.php(87): Illuminate\\Pipeline\\Pipeline->Illuminate\\Pipeline\\{closure}(Object(Illuminate\\Http\\Request))
#22 E:\\SEMESTER 5\\Pemrograman Framework\\BELAJAR\\Inventory_system\\vendor\\laravel\\framework\\src\\Illuminate\\Pipeline\\Pipeline.php(219): Illuminate\\Foundation\\Http\\Middleware\\VerifyCsrfToken->handle(Object(Illuminate\\Http\\Request), Object(Closure))
#23 E:\\SEMESTER 5\\Pemrograman Framework\\BELAJAR\\Inventory_system\\vendor\\laravel\\framework\\src\\Illuminate\\View\\Middleware\\ShareErrorsFromSession.php(48): Illuminate\\Pipeline\\Pipeline->Illuminate\\Pipeline\\{closure}(Object(Illuminate\\Http\\Request))
#24 E:\\SEMESTER 5\\Pemrograman Framework\\BELAJAR\\Inventory_system\\vendor\\laravel\\framework\\src\\Illuminate\\Pipeline\\Pipeline.php(219): Illuminate\\View\\Middleware\\ShareErrorsFromSession->handle(Object(Illuminate\\Http\\Request), Object(Closure))
#25 E:\\SEMESTER 5\\Pemrograman Framework\\BELAJAR\\Inventory_system\\vendor\\laravel\\framework\\src\\Illuminate\\Session\\Middleware\\StartSession.php(120): Illuminate\\Pipeline\\Pipeline->Illuminate\\Pipeline\\{closure}(Object(Illuminate\\Http\\Request))
#26 E:\\SEMESTER 5\\Pemrograman Framework\\BELAJAR\\Inventory_system\\vendor\\laravel\\framework\\src\\Illuminate\\Session\\Middleware\\StartSession.php(63): Illuminate\\Session\\Middleware\\StartSession->handleStatefulRequest(Object(Illuminate\\Http\\Request), Object(Illuminate\\Session\\Store), Object(Closure))
#27 E:\\SEMESTER 5\\Pemrograman Framework\\BELAJAR\\Inventory_system\\vendor\\laravel\\framework\\src\\Illuminate\\Pipeline\\Pipeline.php(219): Illuminate\\Session\\Middleware\\StartSession->handle(Object(Illuminate\\Http\\Request), Object(Closure))
#28 E:\\SEMESTER 5\\Pemrograman Framework\\BELAJAR\\Inventory_system\\vendor\\laravel\\framework\\src\\Illuminate\\Cookie\\Middleware\\AddQueuedCookiesToResponse.php(36): Illuminate\\Pipeline\\Pipeline->Illuminate\\Pipeline\\{closure}(Object(Illuminate\\Http\\Request))
#29 E:\\SEMESTER 5\\Pemrograman Framework\\BELAJAR\\Inventory_system\\vendor\\laravel\\framework\\src\\Illuminate\\Pipeline\\Pipeline.php(219): Illuminate\\Cookie\\Middleware\\AddQueuedCookiesToResponse->handle(Object(Illuminate\\Http\\Request), Object(Closure))
#30 E:\\SEMESTER 5\\Pemrograman Framework\\BELAJAR\\Inventory_system\\vendor\\laravel\\framework\\src\\Illuminate\\Cookie\\Middleware\\EncryptCookies.php(74): Illuminate\\Pipeline\\Pipeline->Illuminate\\Pipeline\\{closure}(Object(Illuminate\\Http\\Request))
#31 E:\\SEMESTER 5\\Pemrograman Framework\\BELAJAR\\Inventory_system\\vendor\\laravel\\framework\\src\\Illuminate\\Pipeline\\Pipeline.php(219): Illuminate\\Cookie\\Middleware\\EncryptCookies->handle(Object(Illuminate\\Http\\Request), Object(Closure))
#32 E:\\SEMESTER 5\\Pemrograman Framework\\BELAJAR\\Inventory_system\\vendor\\laravel\\framework\\src\\Illuminate\\Pipeline\\Pipeline.php(137): Illuminate\\Pipeline\\Pipeline->Illuminate\\Pipeline\\{closure}(Object(Illuminate\\Http\\Request))
#33 E:\\SEMESTER 5\\Pemrograman Framework\\BELAJAR\\Inventory_system\\vendor\\laravel\\framework\\src\\Illuminate\\Routing\\Router.php(821): Illuminate\\Pipeline\\Pipeline->then(Object(Closure))
#34 E:\\SEMESTER 5\\Pemrograman Framework\\BELAJAR\\Inventory_system\\vendor\\laravel\\framework\\src\\Illuminate\\Routing\\Router.php(800): Illuminate\\Routing\\Router->runRouteWithinStack(Object(Illuminate\\Routing\\Route), Object(Illuminate\\Http\\Request))
#35 E:\\SEMESTER 5\\Pemrograman Framework\\BELAJAR\\Inventory_system\\vendor\\laravel\\framework\\src\\Illuminate\\Routing\\Router.php(764): Illuminate\\Routing\\Router->runRoute(Object(Illuminate\\Http\\Request), Object(Illuminate\\Routing\\Route))
#36 E:\\SEMESTER 5\\Pemrograman Framework\\BELAJAR\\Inventory_system\\vendor\\laravel\\framework\\src\\Illuminate\\Routing\\Router.php(753): Illuminate\\Routing\\Router->dispatchToRoute(Object(Illuminate\\Http\\Request))
#37 E:\\SEMESTER 5\\Pemrograman Framework\\BELAJAR\\Inventory_system\\vendor\\laravel\\framework\\src\\Illuminate\\Foundation\\Http\\Kernel.php(200): Illuminate\\Routing\\Router->dispatch(Object(Illuminate\\Http\\Request))
#38 E:\\SEMESTER 5\\Pemrograman Framework\\BELAJAR\\Inventory_system\\vendor\\laravel\\framework\\src\\Illuminate\\Pipeline\\Pipeline.php(180): Illuminate\\Foundation\\Http\\Kernel->Illuminate\\Foundation\\Http\\{closure}(Object(Illuminate\\Http\\Request))
#39 E:\\SEMESTER 5\\Pemrograman Framework\\BELAJAR\\Inventory_system\\vendor\\laravel\\framework\\src\\Illuminate\\Foundation\\Http\\Middleware\\TransformsRequest.php(21): Illuminate\\Pipeline\\Pipeline->Illuminate\\Pipeline\\{closure}(Object(Illuminate\\Http\\Request))
#40 E:\\SEMESTER 5\\Pemrograman Framework\\BELAJAR\\Inventory_system\\vendor\\laravel\\framework\\src\\Illuminate\\Foundation\\Http\\Middleware\\ConvertEmptyStringsToNull.php(31): Illuminate\\Foundation\\Http\\Middleware\\TransformsRequest->handle(Object(Illuminate\\Http\\Request), Object(Closure))
#41 E:\\SEMESTER 5\\Pemrograman Framework\\BELAJAR\\Inventory_system\\vendor\\laravel\\framework\\src\\Illuminate\\Pipeline\\Pipeline.php(219): Illuminate\\Foundation\\Http\\Middleware\\ConvertEmptyStringsToNull->handle(Object(Illuminate\\Http\\Request), Object(Closure))
#42 E:\\SEMESTER 5\\Pemrograman Framework\\BELAJAR\\Inventory_system\\vendor\\laravel\\framework\\src\\Illuminate\\Foundation\\Http\\Middleware\\TransformsRequest.php(21): Illuminate\\Pipeline\\Pipeline->Illuminate\\Pipeline\\{closure}(Object(Illuminate\\Http\\Request))
#43 E:\\SEMESTER 5\\Pemrograman Framework\\BELAJAR\\Inventory_system\\vendor\\laravel\\framework\\src\\Illuminate\\Foundation\\Http\\Middleware\\TrimStrings.php(51): Illuminate\\Foundation\\Http\\Middleware\\TransformsRequest->handle(Object(Illuminate\\Http\\Request), Object(Closure))
#44 E:\\SEMESTER 5\\Pemrograman Framework\\BELAJAR\\Inventory_system\\vendor\\laravel\\framework\\src\\Illuminate\\Pipeline\\Pipeline.php(219): Illuminate\\Foundation\\Http\\Middleware\\TrimStrings->handle(Object(Illuminate\\Http\\Request), Object(Closure))
#45 E:\\SEMESTER 5\\Pemrograman Framework\\BELAJAR\\Inventory_system\\vendor\\laravel\\framework\\src\\Illuminate\\Http\\Middleware\\ValidatePostSize.php(27): Illuminate\\Pipeline\\Pipeline->Illuminate\\Pipeline\\{closure}(Object(Illuminate\\Http\\Request))
#46 E:\\SEMESTER 5\\Pemrograman Framework\\BELAJAR\\Inventory_system\\vendor\\laravel\\framework\\src\\Illuminate\\Pipeline\\Pipeline.php(219): Illuminate\\Http\\Middleware\\ValidatePostSize->handle(Object(Illuminate\\Http\\Request), Object(Closure))
#47 E:\\SEMESTER 5\\Pemrograman Framework\\BELAJAR\\Inventory_system\\vendor\\laravel\\framework\\src\\Illuminate\\Foundation\\Http\\Middleware\\PreventRequestsDuringMaintenance.php(109): Illuminate\\Pipeline\\Pipeline->Illuminate\\Pipeline\\{closure}(Object(Illuminate\\Http\\Request))
#48 E:\\SEMESTER 5\\Pemrograman Framework\\BELAJAR\\Inventory_system\\vendor\\laravel\\framework\\src\\Illuminate\\Pipeline\\Pipeline.php(219): Illuminate\\Foundation\\Http\\Middleware\\PreventRequestsDuringMaintenance->handle(Object(Illuminate\\Http\\Request), Object(Closure))
#49 E:\\SEMESTER 5\\Pemrograman Framework\\BELAJAR\\Inventory_system\\vendor\\laravel\\framework\\src\\Illuminate\\Http\\Middleware\\HandleCors.php(48): Illuminate\\Pipeline\\Pipeline->Illuminate\\Pipeline\\{closure}(Object(Illuminate\\Http\\Request))
#50 E:\\SEMESTER 5\\Pemrograman Framework\\BELAJAR\\Inventory_system\\vendor\\laravel\\framework\\src\\Illuminate\\Pipeline\\Pipeline.php(219): Illuminate\\Http\\Middleware\\HandleCors->handle(Object(Illuminate\\Http\\Request), Object(Closure))
#51 E:\\SEMESTER 5\\Pemrograman Framework\\BELAJAR\\Inventory_system\\vendor\\laravel\\framework\\src\\Illuminate\\Http\\Middleware\\TrustProxies.php(58): Illuminate\\Pipeline\\Pipeline->Illuminate\\Pipeline\\{closure}(Object(Illuminate\\Http\\Request))
#52 E:\\SEMESTER 5\\Pemrograman Framework\\BELAJAR\\Inventory_system\\vendor\\laravel\\framework\\src\\Illuminate\\Pipeline\\Pipeline.php(219): Illuminate\\Http\\Middleware\\TrustProxies->handle(Object(Illuminate\\Http\\Request), Object(Closure))
#53 E:\\SEMESTER 5\\Pemrograman Framework\\BELAJAR\\Inventory_system\\vendor\\laravel\\framework\\src\\Illuminate\\Foundation\\Http\\Middleware\\InvokeDeferredCallbacks.php(22): Illuminate\\Pipeline\\Pipeline->Illuminate\\Pipeline\\{closure}(Object(Illuminate\\Http\\Request))
#54 E:\\SEMESTER 5\\Pemrograman Framework\\BELAJAR\\Inventory_system\\vendor\\laravel\\framework\\src\\Illuminate\\Pipeline\\Pipeline.php(219): Illuminate\\Foundation\\Http\\Middleware\\InvokeDeferredCallbacks->handle(Object(Illuminate\\Http\\Request), Object(Closure))
#55 E:\\SEMESTER 5\\Pemrograman Framework\\BELAJAR\\Inventory_system\\vendor\\laravel\\framework\\src\\Illuminate\\Http\\Middleware\\ValidatePathEncoding.php(26): Illuminate\\Pipeline\\Pipeline->Illuminate\\Pipeline\\{closure}(Object(Illuminate\\Http\\Request))
#56 E:\\SEMESTER 5\\Pemrograman Framework\\BELAJAR\\Inventory_system\\vendor\\laravel\\framework\\src\\Illuminate\\Pipeline\\Pipeline.php(219): Illuminate\\Http\\Middleware\\ValidatePathEncoding->handle(Object(Illuminate\\Http\\Request), Object(Closure))
#57 E:\\SEMESTER 5\\Pemrograman Framework\\BELAJAR\\Inventory_system\\vendor\\laravel\\framework\\src\\Illuminate\\Pipeline\\Pipeline.php(137): Illuminate\\Pipeline\\Pipeline->Illuminate\\Pipeline\\{closure}(Object(Illuminate\\Http\\Request))
#58 E:\\SEMESTER 5\\Pemrograman Framework\\BELAJAR\\Inventory_system\\vendor\\laravel\\framework\\src\\Illuminate\\Foundation\\Http\\Kernel.php(175): Illuminate\\Pipeline\\Pipeline->then(Object(Closure))
#59 E:\\SEMESTER 5\\Pemrograman Framework\\BELAJAR\\Inventory_system\\vendor\\laravel\\framework\\src\\Illuminate\\Foundation\\Http\\Kernel.php(144): Illuminate\\Foundation\\Http\\Kernel->sendRequestThroughRouter(Object(Illuminate\\Http\\Request))
#60 E:\\SEMESTER 5\\Pemrograman Framework\\BELAJAR\\Inventory_system\\vendor\\laravel\\framework\\src\\Illuminate\\Foundation\\Application.php(1220): Illuminate\\Foundation\\Http\\Kernel->handle(Object(Illuminate\\Http\\Request))
#61 E:\\SEMESTER 5\\Pemrograman Framework\\BELAJAR\\Inventory_system\\public\\index.php(20): Illuminate\\Foundation\\Application->handleRequest(Object(Illuminate\\Http\\Request))
#62 E:\\SEMESTER 5\\Pemrograman Framework\\BELAJAR\\Inventory_system\\vendor\\laravel\\framework\\src\\Illuminate\\Foundation\\resources\\server.php(23): require_once('E:\\\\SEMESTER 5\\\\P...')
#63 {main}
"} 
[2025-11-25 18:31:15] local.ERROR: Route [barcodes.print_one] not defined. (View: E:\SEMESTER 5\Pemrograman Framework\BELAJAR\Inventory_system\resources\views\products\index.blade.php) {"userId":1,"exception":"[object] (Illuminate\\View\\ViewException(code: 0): Route [barcodes.print_one] not defined. (View: E:\\SEMESTER 5\\Pemrograman Framework\\BELAJAR\\Inventory_system\\resources\\views\\products\\index.blade.php) at E:\\SEMESTER 5\\Pemrograman Framework\\BELAJAR\\Inventory_system\\vendor\\laravel\\framework\\src\\Illuminate\\Routing\\UrlGenerator.php:526)
[stacktrace]
#0 E:\\SEMESTER 5\\Pemrograman Framework\\BELAJAR\\Inventory_system\\vendor\\laravel\\framework\\src\\Illuminate\\View\\Engines\\PhpEngine.php(59): Illuminate\\View\\Engines\\CompilerEngine->handleViewException(Object(Symfony\\Component\\Routing\\Exception\\RouteNotFoundException), 1)
#1 E:\\SEMESTER 5\\Pemrograman Framework\\BELAJAR\\Inventory_system\\vendor\\laravel\\framework\\src\\Illuminate\\View\\Engines\\CompilerEngine.php(76): Illuminate\\View\\Engines\\PhpEngine->evaluatePath('E:\\\\SEMESTER 5\\\\P...', Array)
#2 E:\\SEMESTER 5\\Pemrograman Framework\\BELAJAR\\Inventory_system\\vendor\\laravel\\framework\\src\\Illuminate\\View\\View.php(208): Illuminate\\View\\Engines\\CompilerEngine->get('E:\\\\SEMESTER 5\\\\P...', Array)
#3 E:\\SEMESTER 5\\Pemrograman Framework\\BELAJAR\\Inventory_system\\vendor\\laravel\\framework\\src\\Illuminate\\View\\View.php(191): Illuminate\\View\\View->getContents()
#4 E:\\SEMESTER 5\\Pemrograman Framework\\BELAJAR\\Inventory_system\\vendor\\laravel\\framework\\src\\Illuminate\\View\\View.php(160): Illuminate\\View\\View->renderContents()
#5 E:\\SEMESTER 5\\Pemrograman Framework\\BELAJAR\\Inventory_system\\vendor\\laravel\\framework\\src\\Illuminate\\Http\\Response.php(78): Illuminate\\View\\View->render()
#6 E:\\SEMESTER 5\\Pemrograman Framework\\BELAJAR\\Inventory_system\\vendor\\laravel\\framework\\src\\Illuminate\\Http\\Response.php(34): Illuminate\\Http\\Response->setContent(Object(Illuminate\\View\\View))
#7 E:\\SEMESTER 5\\Pemrograman Framework\\BELAJAR\\Inventory_system\\vendor\\laravel\\framework\\src\\Illuminate\\Routing\\Router.php(939): Illuminate\\Http\\Response->__construct(Object(Illuminate\\View\\View), 200, Array)
#8 E:\\SEMESTER 5\\Pemrograman Framework\\BELAJAR\\Inventory_system\\vendor\\laravel\\framework\\src\\Illuminate\\Routing\\Router.php(906): Illuminate\\Routing\\Router::toResponse(Object(Illuminate\\Http\\Request), Object(Illuminate\\View\\View))
#9 E:\\SEMESTER 5\\Pemrograman Framework\\BELAJAR\\Inventory_system\\vendor\\laravel\\framework\\src\\Illuminate\\Routing\\Router.php(821): Illuminate\\Routing\\Router->prepareResponse(Object(Illuminate\\Http\\Request), Object(Illuminate\\View\\View))
#10 E:\\SEMESTER 5\\Pemrograman Framework\\BELAJAR\\Inventory_system\\vendor\\laravel\\framework\\src\\Illuminate\\Pipeline\\Pipeline.php(180): Illuminate\\Routing\\Router->Illuminate\\Routing\\{closure}(Object(Illuminate\\Http\\Request))
#11 E:\\SEMESTER 5\\Pemrograman Framework\\BELAJAR\\Inventory_system\\app\\Http\\Middleware\\RoleMiddleware.php(24): Illuminate\\Pipeline\\Pipeline->Illuminate\\Pipeline\\{closure}(Object(Illuminate\\Http\\Request))
#12 E:\\SEMESTER 5\\Pemrograman Framework\\BELAJAR\\Inventory_system\\vendor\\laravel\\framework\\src\\Illuminate\\Pipeline\\Pipeline.php(219): App\\Http\\Middleware\\RoleMiddleware->handle(Object(Illuminate\\Http\\Request), Object(Closure), 'admin|gudang')
#13 E:\\SEMESTER 5\\Pemrograman Framework\\BELAJAR\\Inventory_system\\vendor\\laravel\\framework\\src\\Illuminate\\Routing\\Middleware\\SubstituteBindings.php(50): Illuminate\\Pipeline\\Pipeline->Illuminate\\Pipeline\\{closure}(Object(Illuminate\\Http\\Request))
#14 E:\\SEMESTER 5\\Pemrograman Framework\\BELAJAR\\Inventory_system\\vendor\\laravel\\framework\\src\\Illuminate\\Pipeline\\Pipeline.php(219): Illuminate\\Routing\\Middleware\\SubstituteBindings->handle(Object(Illuminate\\Http\\Request), Object(Closure))
#15 E:\\SEMESTER 5\\Pemrograman Framework\\BELAJAR\\Inventory_system\\vendor\\laravel\\framework\\src\\Illuminate\\Auth\\Middleware\\Authenticate.php(63): Illuminate\\Pipeline\\Pipeline->Illuminate\\Pipeline\\{closure}(Object(Illuminate\\Http\\Request))
#16 E:\\SEMESTER 5\\Pemrograman Framework\\BELAJAR\\Inventory_system\\vendor\\laravel\\framework\\src\\Illuminate\\Pipeline\\Pipeline.php(219): Illuminate\\Auth\\Middleware\\Authenticate->handle(Object(Illuminate\\Http\\Request), Object(Closure))
#17 E:\\SEMESTER 5\\Pemrograman Framework\\BELAJAR\\Inventory_system\\vendor\\laravel\\framework\\src\\Illuminate\\Foundation\\Http\\Middleware\\VerifyCsrfToken.php(87): Illuminate\\Pipeline\\Pipeline->Illuminate\\Pipeline\\{closure}(Object(Illuminate\\Http\\Request))
#18 E:\\SEMESTER 5\\Pemrograman Framework\\BELAJAR\\Inventory_system\\vendor\\laravel\\framework\\src\\Illuminate\\Pipeline\\Pipeline.php(219): Illuminate\\Foundation\\Http\\Middleware\\VerifyCsrfToken->handle(Object(Illuminate\\Http\\Request), Object(Closure))
#19 E:\\SEMESTER 5\\Pemrograman Framework\\BELAJAR\\Inventory_system\\vendor\\laravel\\framework\\src\\Illuminate\\View\\Middleware\\ShareErrorsFromSession.php(48): Illuminate\\Pipeline\\Pipeline->Illuminate\\Pipeline\\{closure}(Object(Illuminate\\Http\\Request))
#20 E:\\SEMESTER 5\\Pemrograman Framework\\BELAJAR\\Inventory_system\\vendor\\laravel\\framework\\src\\Illuminate\\Pipeline\\Pipeline.php(219): Illuminate\\View\\Middleware\\ShareErrorsFromSession->handle(Object(Illuminate\\Http\\Request), Object(Closure))
#21 E:\\SEMESTER 5\\Pemrograman Framework\\BELAJAR\\Inventory_system\\vendor\\laravel\\framework\\src\\Illuminate\\Session\\Middleware\\StartSession.php(120): Illuminate\\Pipeline\\Pipeline->Illuminate\\Pipeline\\{closure}(Object(Illuminate\\Http\\Request))
#22 E:\\SEMESTER 5\\Pemrograman Framework\\BELAJAR\\Inventory_system\\vendor\\laravel\\framework\\src\\Illuminate\\Session\\Middleware\\StartSession.php(63): Illuminate\\Session\\Middleware\\StartSession->handleStatefulRequest(Object(Illuminate\\Http\\Request), Object(Illuminate\\Session\\Store), Object(Closure))
#23 E:\\SEMESTER 5\\Pemrograman Framework\\BELAJAR\\Inventory_system\\vendor\\laravel\\framework\\src\\Illuminate\\Pipeline\\Pipeline.php(219): Illuminate\\Session\\Middleware\\StartSession->handle(Object(Illuminate\\Http\\Request), Object(Closure))
#24 E:\\SEMESTER 5\\Pemrograman Framework\\BELAJAR\\Inventory_system\\vendor\\laravel\\framework\\src\\Illuminate\\Cookie\\Middleware\\AddQueuedCookiesToResponse.php(36): Illuminate\\Pipeline\\Pipeline->Illuminate\\Pipeline\\{closure}(Object(Illuminate\\Http\\Request))
#25 E:\\SEMESTER 5\\Pemrograman Framework\\BELAJAR\\Inventory_system\\vendor\\laravel\\framework\\src\\Illuminate\\Pipeline\\Pipeline.php(219): Illuminate\\Cookie\\Middleware\\AddQueuedCookiesToResponse->handle(Object(Illuminate\\Http\\Request), Object(Closure))
#26 E:\\SEMESTER 5\\Pemrograman Framework\\BELAJAR\\Inventory_system\\vendor\\laravel\\framework\\src\\Illuminate\\Cookie\\Middleware\\EncryptCookies.php(74): Illuminate\\Pipeline\\Pipeline->Illuminate\\Pipeline\\{closure}(Object(Illuminate\\Http\\Request))
#27 E:\\SEMESTER 5\\Pemrograman Framework\\BELAJAR\\Inventory_system\\vendor\\laravel\\framework\\src\\Illuminate\\Pipeline\\Pipeline.php(219): Illuminate\\Cookie\\Middleware\\EncryptCookies->handle(Object(Illuminate\\Http\\Request), Object(Closure))
#28 E:\\SEMESTER 5\\Pemrograman Framework\\BELAJAR\\Inventory_system\\vendor\\laravel\\framework\\src\\Illuminate\\Pipeline\\Pipeline.php(137): Illuminate\\Pipeline\\Pipeline->Illuminate\\Pipeline\\{closure}(Object(Illuminate\\Http\\Request))
#29 E:\\SEMESTER 5\\Pemrograman Framework\\BELAJAR\\Inventory_system\\vendor\\laravel\\framework\\src\\Illuminate\\Routing\\Router.php(821): Illuminate\\Pipeline\\Pipeline->then(Object(Closure))
#30 E:\\SEMESTER 5\\Pemrograman Framework\\BELAJAR\\Inventory_system\\vendor\\laravel\\framework\\src\\Illuminate\\Routing\\Router.php(800): Illuminate\\Routing\\Router->runRouteWithinStack(Object(Illuminate\\Routing\\Route), Object(Illuminate\\Http\\Request))
#31 E:\\SEMESTER 5\\Pemrograman Framework\\BELAJAR\\Inventory_system\\vendor\\laravel\\framework\\src\\Illuminate\\Routing\\Router.php(764): Illuminate\\Routing\\Router->runRoute(Object(Illuminate\\Http\\Request), Object(Illuminate\\Routing\\Route))
#32 E:\\SEMESTER 5\\Pemrograman Framework\\BELAJAR\\Inventory_system\\vendor\\laravel\\framework\\src\\Illuminate\\Routing\\Router.php(753): Illuminate\\Routing\\Router->dispatchToRoute(Object(Illuminate\\Http\\Request))
#33 E:\\SEMESTER 5\\Pemrograman Framework\\BELAJAR\\Inventory_system\\vendor\\laravel\\framework\\src\\Illuminate\\Foundation\\Http\\Kernel.php(200): Illuminate\\Routing\\Router->dispatch(Object(Illuminate\\Http\\Request))
#34 E:\\SEMESTER 5\\Pemrograman Framework\\BELAJAR\\Inventory_system\\vendor\\laravel\\framework\\src\\Illuminate\\Pipeline\\Pipeline.php(180): Illuminate\\Foundation\\Http\\Kernel->Illuminate\\Foundation\\Http\\{closure}(Object(Illuminate\\Http\\Request))
#35 E:\\SEMESTER 5\\Pemrograman Framework\\BELAJAR\\Inventory_system\\vendor\\laravel\\framework\\src\\Illuminate\\Foundation\\Http\\Middleware\\TransformsRequest.php(21): Illuminate\\Pipeline\\Pipeline->Illuminate\\Pipeline\\{closure}(Object(Illuminate\\Http\\Request))
#36 E:\\SEMESTER 5\\Pemrograman Framework\\BELAJAR\\Inventory_system\\vendor\\laravel\\framework\\src\\Illuminate\\Foundation\\Http\\Middleware\\ConvertEmptyStringsToNull.php(31): Illuminate\\Foundation\\Http\\Middleware\\TransformsRequest->handle(Object(Illuminate\\Http\\Request), Object(Closure))
#37 E:\\SEMESTER 5\\Pemrograman Framework\\BELAJAR\\Inventory_system\\vendor\\laravel\\framework\\src\\Illuminate\\Pipeline\\Pipeline.php(219): Illuminate\\Foundation\\Http\\Middleware\\ConvertEmptyStringsToNull->handle(Object(Illuminate\\Http\\Request), Object(Closure))
#38 E:\\SEMESTER 5\\Pemrograman Framework\\BELAJAR\\Inventory_system\\vendor\\laravel\\framework\\src\\Illuminate\\Foundation\\Http\\Middleware\\TransformsRequest.php(21): Illuminate\\Pipeline\\Pipeline->Illuminate\\Pipeline\\{closure}(Object(Illuminate\\Http\\Request))
#39 E:\\SEMESTER 5\\Pemrograman Framework\\BELAJAR\\Inventory_system\\vendor\\laravel\\framework\\src\\Illuminate\\Foundation\\Http\\Middleware\\TrimStrings.php(51): Illuminate\\Foundation\\Http\\Middleware\\TransformsRequest->handle(Object(Illuminate\\Http\\Request), Object(Closure))
#40 E:\\SEMESTER 5\\Pemrograman Framework\\BELAJAR\\Inventory_system\\vendor\\laravel\\framework\\src\\Illuminate\\Pipeline\\Pipeline.php(219): Illuminate\\Foundation\\Http\\Middleware\\TrimStrings->handle(Object(Illuminate\\Http\\Request), Object(Closure))
#41 E:\\SEMESTER 5\\Pemrograman Framework\\BELAJAR\\Inventory_system\\vendor\\laravel\\framework\\src\\Illuminate\\Http\\Middleware\\ValidatePostSize.php(27): Illuminate\\Pipeline\\Pipeline->Illuminate\\Pipeline\\{closure}(Object(Illuminate\\Http\\Request))
#42 E:\\SEMESTER 5\\Pemrograman Framework\\BELAJAR\\Inventory_system\\vendor\\laravel\\framework\\src\\Illuminate\\Pipeline\\Pipeline.php(219): Illuminate\\Http\\Middleware\\ValidatePostSize->handle(Object(Illuminate\\Http\\Request), Object(Closure))
#43 E:\\SEMESTER 5\\Pemrograman Framework\\BELAJAR\\Inventory_system\\vendor\\laravel\\framework\\src\\Illuminate\\Foundation\\Http\\Middleware\\PreventRequestsDuringMaintenance.php(109): Illuminate\\Pipeline\\Pipeline->Illuminate\\Pipeline\\{closure}(Object(Illuminate\\Http\\Request))
#44 E:\\SEMESTER 5\\Pemrograman Framework\\BELAJAR\\Inventory_system\\vendor\\laravel\\framework\\src\\Illuminate\\Pipeline\\Pipeline.php(219): Illuminate\\Foundation\\Http\\Middleware\\PreventRequestsDuringMaintenance->handle(Object(Illuminate\\Http\\Request), Object(Closure))
#45 E:\\SEMESTER 5\\Pemrograman Framework\\BELAJAR\\Inventory_system\\vendor\\laravel\\framework\\src\\Illuminate\\Http\\Middleware\\HandleCors.php(48): Illuminate\\Pipeline\\Pipeline->Illuminate\\Pipeline\\{closure}(Object(Illuminate\\Http\\Request))
#46 E:\\SEMESTER 5\\Pemrograman Framework\\BELAJAR\\Inventory_system\\vendor\\laravel\\framework\\src\\Illuminate\\Pipeline\\Pipeline.php(219): Illuminate\\Http\\Middleware\\HandleCors->handle(Object(Illuminate\\Http\\Request), Object(Closure))
#47 E:\\SEMESTER 5\\Pemrograman Framework\\BELAJAR\\Inventory_system\\vendor\\laravel\\framework\\src\\Illuminate\\Http\\Middleware\\TrustProxies.php(58): Illuminate\\Pipeline\\Pipeline->Illuminate\\Pipeline\\{closure}(Object(Illuminate\\Http\\Request))
#48 E:\\SEMESTER 5\\Pemrograman Framework\\BELAJAR\\Inventory_system\\vendor\\laravel\\framework\\src\\Illuminate\\Pipeline\\Pipeline.php(219): Illuminate\\Http\\Middleware\\TrustProxies->handle(Object(Illuminate\\Http\\Request), Object(Closure))
#49 E:\\SEMESTER 5\\Pemrograman Framework\\BELAJAR\\Inventory_system\\vendor\\laravel\\framework\\src\\Illuminate\\Foundation\\Http\\Middleware\\InvokeDeferredCallbacks.php(22): Illuminate\\Pipeline\\Pipeline->Illuminate\\Pipeline\\{closure}(Object(Illuminate\\Http\\Request))
#50 E:\\SEMESTER 5\\Pemrograman Framework\\BELAJAR\\Inventory_system\\vendor\\laravel\\framework\\src\\Illuminate\\Pipeline\\Pipeline.php(219): Illuminate\\Foundation\\Http\\Middleware\\InvokeDeferredCallbacks->handle(Object(Illuminate\\Http\\Request), Object(Closure))
#51 E:\\SEMESTER 5\\Pemrograman Framework\\BELAJAR\\Inventory_system\\vendor\\laravel\\framework\\src\\Illuminate\\Http\\Middleware\\ValidatePathEncoding.php(26): Illuminate\\Pipeline\\Pipeline->Illuminate\\Pipeline\\{closure}(Object(Illuminate\\Http\\Request))
#52 E:\\SEMESTER 5\\Pemrograman Framework\\BELAJAR\\Inventory_system\\vendor\\laravel\\framework\\src\\Illuminate\\Pipeline\\Pipeline.php(219): Illuminate\\Http\\Middleware\\ValidatePathEncoding->handle(Object(Illuminate\\Http\\Request), Object(Closure))
#53 E:\\SEMESTER 5\\Pemrograman Framework\\BELAJAR\\Inventory_system\\vendor\\laravel\\framework\\src\\Illuminate\\Pipeline\\Pipeline.php(137): Illuminate\\Pipeline\\Pipeline->Illuminate\\Pipeline\\{closure}(Object(Illuminate\\Http\\Request))
#54 E:\\SEMESTER 5\\Pemrograman Framework\\BELAJAR\\Inventory_system\\vendor\\laravel\\framework\\src\\Illuminate\\Foundation\\Http\\Kernel.php(175): Illuminate\\Pipeline\\Pipeline->then(Object(Closure))
#55 E:\\SEMESTER 5\\Pemrograman Framework\\BELAJAR\\Inventory_system\\vendor\\laravel\\framework\\src\\Illuminate\\Foundation\\Http\\Kernel.php(144): Illuminate\\Foundation\\Http\\Kernel->sendRequestThroughRouter(Object(Illuminate\\Http\\Request))
#56 E:\\SEMESTER 5\\Pemrograman Framework\\BELAJAR\\Inventory_system\\vendor\\laravel\\framework\\src\\Illuminate\\Foundation\\Application.php(1220): Illuminate\\Foundation\\Http\\Kernel->handle(Object(Illuminate\\Http\\Request))
#57 E:\\SEMESTER 5\\Pemrograman Framework\\BELAJAR\\Inventory_system\\public\\index.php(20): Illuminate\\Foundation\\Application->handleRequest(Object(Illuminate\\Http\\Request))
#58 E:\\SEMESTER 5\\Pemrograman Framework\\BELAJAR\\Inventory_system\\vendor\\laravel\\framework\\src\\Illuminate\\Foundation\\resources\\server.php(23): require_once('E:\\\\SEMESTER 5\\\\P...')
#59 {main}

[previous exception] [object] (Symfony\\Component\\Routing\\Exception\\RouteNotFoundException(code: 0): Route [barcodes.print_one] not defined. at E:\\SEMESTER 5\\Pemrograman Framework\\BELAJAR\\Inventory_system\\vendor\\laravel\\framework\\src\\Illuminate\\Routing\\UrlGenerator.php:526)
[stacktrace]
#0 E:\\SEMESTER 5\\Pemrograman Framework\\BELAJAR\\Inventory_system\\vendor\\laravel\\framework\\src\\Illuminate\\Foundation\\helpers.php(871): Illuminate\\Routing\\UrlGenerator->route('barcodes.print_...', 2, true)
#1 E:\\SEMESTER 5\\Pemrograman Framework\\BELAJAR\\Inventory_system\\storage\\framework\\views\\66528fdca0c9db726d65ff1995961ffd.php(74): route('barcodes.print_...', 2)
#2 E:\\SEMESTER 5\\Pemrograman Framework\\BELAJAR\\Inventory_system\\vendor\\laravel\\framework\\src\\Illuminate\\Filesystem\\Filesystem.php(123): require('E:\\\\SEMESTER 5\\\\P...')
#3 E:\\SEMESTER 5\\Pemrograman Framework\\BELAJAR\\Inventory_system\\vendor\\laravel\\framework\\src\\Illuminate\\Filesystem\\Filesystem.php(124): Illuminate\\Filesystem\\Filesystem::Illuminate\\Filesystem\\{closure}()
#4 E:\\SEMESTER 5\\Pemrograman Framework\\BELAJAR\\Inventory_system\\vendor\\laravel\\framework\\src\\Illuminate\\View\\Engines\\PhpEngine.php(57): Illuminate\\Filesystem\\Filesystem->getRequire('E:\\\\SEMESTER 5\\\\P...', Array)
#5 E:\\SEMESTER 5\\Pemrograman Framework\\BELAJAR\\Inventory_system\\vendor\\laravel\\framework\\src\\Illuminate\\View\\Engines\\CompilerEngine.php(76): Illuminate\\View\\Engines\\PhpEngine->evaluatePath('E:\\\\SEMESTER 5\\\\P...', Array)
#6 E:\\SEMESTER 5\\Pemrograman Framework\\BELAJAR\\Inventory_system\\vendor\\laravel\\framework\\src\\Illuminate\\View\\View.php(208): Illuminate\\View\\Engines\\CompilerEngine->get('E:\\\\SEMESTER 5\\\\P...', Array)
#7 E:\\SEMESTER 5\\Pemrograman Framework\\BELAJAR\\Inventory_system\\vendor\\laravel\\framework\\src\\Illuminate\\View\\View.php(191): Illuminate\\View\\View->getContents()
#8 E:\\SEMESTER 5\\Pemrograman Framework\\BELAJAR\\Inventory_system\\vendor\\laravel\\framework\\src\\Illuminate\\View\\View.php(160): Illuminate\\View\\View->renderContents()
#9 E:\\SEMESTER 5\\Pemrograman Framework\\BELAJAR\\Inventory_system\\vendor\\laravel\\framework\\src\\Illuminate\\Http\\Response.php(78): Illuminate\\View\\View->render()
#10 E:\\SEMESTER 5\\Pemrograman Framework\\BELAJAR\\Inventory_system\\vendor\\laravel\\framework\\src\\Illuminate\\Http\\Response.php(34): Illuminate\\Http\\Response->setContent(Object(Illuminate\\View\\View))
#11 E:\\SEMESTER 5\\Pemrograman Framework\\BELAJAR\\Inventory_system\\vendor\\laravel\\framework\\src\\Illuminate\\Routing\\Router.php(939): Illuminate\\Http\\Response->__construct(Object(Illuminate\\View\\View), 200, Array)
#12 E:\\SEMESTER 5\\Pemrograman Framework\\BELAJAR\\Inventory_system\\vendor\\laravel\\framework\\src\\Illuminate\\Routing\\Router.php(906): Illuminate\\Routing\\Router::toResponse(Object(Illuminate\\Http\\Request), Object(Illuminate\\View\\View))
#13 E:\\SEMESTER 5\\Pemrograman Framework\\BELAJAR\\Inventory_system\\vendor\\laravel\\framework\\src\\Illuminate\\Routing\\Router.php(821): Illuminate\\Routing\\Router->prepareResponse(Object(Illuminate\\Http\\Request), Object(Illuminate\\View\\View))
#14 E:\\SEMESTER 5\\Pemrograman Framework\\BELAJAR\\Inventory_system\\vendor\\laravel\\framework\\src\\Illuminate\\Pipeline\\Pipeline.php(180): Illuminate\\Routing\\Router->Illuminate\\Routing\\{closure}(Object(Illuminate\\Http\\Request))
#15 E:\\SEMESTER 5\\Pemrograman Framework\\BELAJAR\\Inventory_system\\app\\Http\\Middleware\\RoleMiddleware.php(24): Illuminate\\Pipeline\\Pipeline->Illuminate\\Pipeline\\{closure}(Object(Illuminate\\Http\\Request))
#16 E:\\SEMESTER 5\\Pemrograman Framework\\BELAJAR\\Inventory_system\\vendor\\laravel\\framework\\src\\Illuminate\\Pipeline\\Pipeline.php(219): App\\Http\\Middleware\\RoleMiddleware->handle(Object(Illuminate\\Http\\Request), Object(Closure), 'admin|gudang')
#17 E:\\SEMESTER 5\\Pemrograman Framework\\BELAJAR\\Inventory_system\\vendor\\laravel\\framework\\src\\Illuminate\\Routing\\Middleware\\SubstituteBindings.php(50): Illuminate\\Pipeline\\Pipeline->Illuminate\\Pipeline\\{closure}(Object(Illuminate\\Http\\Request))
#18 E:\\SEMESTER 5\\Pemrograman Framework\\BELAJAR\\Inventory_system\\vendor\\laravel\\framework\\src\\Illuminate\\Pipeline\\Pipeline.php(219): Illuminate\\Routing\\Middleware\\SubstituteBindings->handle(Object(Illuminate\\Http\\Request), Object(Closure))
#19 E:\\SEMESTER 5\\Pemrograman Framework\\BELAJAR\\Inventory_system\\vendor\\laravel\\framework\\src\\Illuminate\\Auth\\Middleware\\Authenticate.php(63): Illuminate\\Pipeline\\Pipeline->Illuminate\\Pipeline\\{closure}(Object(Illuminate\\Http\\Request))
#20 E:\\SEMESTER 5\\Pemrograman Framework\\BELAJAR\\Inventory_system\\vendor\\laravel\\framework\\src\\Illuminate\\Pipeline\\Pipeline.php(219): Illuminate\\Auth\\Middleware\\Authenticate->handle(Object(Illuminate\\Http\\Request), Object(Closure))
#21 E:\\SEMESTER 5\\Pemrograman Framework\\BELAJAR\\Inventory_system\\vendor\\laravel\\framework\\src\\Illuminate\\Foundation\\Http\\Middleware\\VerifyCsrfToken.php(87): Illuminate\\Pipeline\\Pipeline->Illuminate\\Pipeline\\{closure}(Object(Illuminate\\Http\\Request))
#22 E:\\SEMESTER 5\\Pemrograman Framework\\BELAJAR\\Inventory_system\\vendor\\laravel\\framework\\src\\Illuminate\\Pipeline\\Pipeline.php(219): Illuminate\\Foundation\\Http\\Middleware\\VerifyCsrfToken->handle(Object(Illuminate\\Http\\Request), Object(Closure))
#23 E:\\SEMESTER 5\\Pemrograman Framework\\BELAJAR\\Inventory_system\\vendor\\laravel\\framework\\src\\Illuminate\\View\\Middleware\\ShareErrorsFromSession.php(48): Illuminate\\Pipeline\\Pipeline->Illuminate\\Pipeline\\{closure}(Object(Illuminate\\Http\\Request))
#24 E:\\SEMESTER 5\\Pemrograman Framework\\BELAJAR\\Inventory_system\\vendor\\laravel\\framework\\src\\Illuminate\\Pipeline\\Pipeline.php(219): Illuminate\\View\\Middleware\\ShareErrorsFromSession->handle(Object(Illuminate\\Http\\Request), Object(Closure))
#25 E:\\SEMESTER 5\\Pemrograman Framework\\BELAJAR\\Inventory_system\\vendor\\laravel\\framework\\src\\Illuminate\\Session\\Middleware\\StartSession.php(120): Illuminate\\Pipeline\\Pipeline->Illuminate\\Pipeline\\{closure}(Object(Illuminate\\Http\\Request))
#26 E:\\SEMESTER 5\\Pemrograman Framework\\BELAJAR\\Inventory_system\\vendor\\laravel\\framework\\src\\Illuminate\\Session\\Middleware\\StartSession.php(63): Illuminate\\Session\\Middleware\\StartSession->handleStatefulRequest(Object(Illuminate\\Http\\Request), Object(Illuminate\\Session\\Store), Object(Closure))
#27 E:\\SEMESTER 5\\Pemrograman Framework\\BELAJAR\\Inventory_system\\vendor\\laravel\\framework\\src\\Illuminate\\Pipeline\\Pipeline.php(219): Illuminate\\Session\\Middleware\\StartSession->handle(Object(Illuminate\\Http\\Request), Object(Closure))
#28 E:\\SEMESTER 5\\Pemrograman Framework\\BELAJAR\\Inventory_system\\vendor\\laravel\\framework\\src\\Illuminate\\Cookie\\Middleware\\AddQueuedCookiesToResponse.php(36): Illuminate\\Pipeline\\Pipeline->Illuminate\\Pipeline\\{closure}(Object(Illuminate\\Http\\Request))
#29 E:\\SEMESTER 5\\Pemrograman Framework\\BELAJAR\\Inventory_system\\vendor\\laravel\\framework\\src\\Illuminate\\Pipeline\\Pipeline.php(219): Illuminate\\Cookie\\Middleware\\AddQueuedCookiesToResponse->handle(Object(Illuminate\\Http\\Request), Object(Closure))
#30 E:\\SEMESTER 5\\Pemrograman Framework\\BELAJAR\\Inventory_system\\vendor\\laravel\\framework\\src\\Illuminate\\Cookie\\Middleware\\EncryptCookies.php(74): Illuminate\\Pipeline\\Pipeline->Illuminate\\Pipeline\\{closure}(Object(Illuminate\\Http\\Request))
#31 E:\\SEMESTER 5\\Pemrograman Framework\\BELAJAR\\Inventory_system\\vendor\\laravel\\framework\\src\\Illuminate\\Pipeline\\Pipeline.php(219): Illuminate\\Cookie\\Middleware\\EncryptCookies->handle(Object(Illuminate\\Http\\Request), Object(Closure))
#32 E:\\SEMESTER 5\\Pemrograman Framework\\BELAJAR\\Inventory_system\\vendor\\laravel\\framework\\src\\Illuminate\\Pipeline\\Pipeline.php(137): Illuminate\\Pipeline\\Pipeline->Illuminate\\Pipeline\\{closure}(Object(Illuminate\\Http\\Request))
#33 E:\\SEMESTER 5\\Pemrograman Framework\\BELAJAR\\Inventory_system\\vendor\\laravel\\framework\\src\\Illuminate\\Routing\\Router.php(821): Illuminate\\Pipeline\\Pipeline->then(Object(Closure))
#34 E:\\SEMESTER 5\\Pemrograman Framework\\BELAJAR\\Inventory_system\\vendor\\laravel\\framework\\src\\Illuminate\\Routing\\Router.php(800): Illuminate\\Routing\\Router->runRouteWithinStack(Object(Illuminate\\Routing\\Route), Object(Illuminate\\Http\\Request))
#35 E:\\SEMESTER 5\\Pemrograman Framework\\BELAJAR\\Inventory_system\\vendor\\laravel\\framework\\src\\Illuminate\\Routing\\Router.php(764): Illuminate\\Routing\\Router->runRoute(Object(Illuminate\\Http\\Request), Object(Illuminate\\Routing\\Route))
#36 E:\\SEMESTER 5\\Pemrograman Framework\\BELAJAR\\Inventory_system\\vendor\\laravel\\framework\\src\\Illuminate\\Routing\\Router.php(753): Illuminate\\Routing\\Router->dispatchToRoute(Object(Illuminate\\Http\\Request))
#37 E:\\SEMESTER 5\\Pemrograman Framework\\BELAJAR\\Inventory_system\\vendor\\laravel\\framework\\src\\Illuminate\\Foundation\\Http\\Kernel.php(200): Illuminate\\Routing\\Router->dispatch(Object(Illuminate\\Http\\Request))
#38 E:\\SEMESTER 5\\Pemrograman Framework\\BELAJAR\\Inventory_system\\vendor\\laravel\\framework\\src\\Illuminate\\Pipeline\\Pipeline.php(180): Illuminate\\Foundation\\Http\\Kernel->Illuminate\\Foundation\\Http\\{closure}(Object(Illuminate\\Http\\Request))
#39 E:\\SEMESTER 5\\Pemrograman Framework\\BELAJAR\\Inventory_system\\vendor\\laravel\\framework\\src\\Illuminate\\Foundation\\Http\\Middleware\\TransformsRequest.php(21): Illuminate\\Pipeline\\Pipeline->Illuminate\\Pipeline\\{closure}(Object(Illuminate\\Http\\Request))
#40 E:\\SEMESTER 5\\Pemrograman Framework\\BELAJAR\\Inventory_system\\vendor\\laravel\\framework\\src\\Illuminate\\Foundation\\Http\\Middleware\\ConvertEmptyStringsToNull.php(31): Illuminate\\Foundation\\Http\\Middleware\\TransformsRequest->handle(Object(Illuminate\\Http\\Request), Object(Closure))
#41 E:\\SEMESTER 5\\Pemrograman Framework\\BELAJAR\\Inventory_system\\vendor\\laravel\\framework\\src\\Illuminate\\Pipeline\\Pipeline.php(219): Illuminate\\Foundation\\Http\\Middleware\\ConvertEmptyStringsToNull->handle(Object(Illuminate\\Http\\Request), Object(Closure))
#42 E:\\SEMESTER 5\\Pemrograman Framework\\BELAJAR\\Inventory_system\\vendor\\laravel\\framework\\src\\Illuminate\\Foundation\\Http\\Middleware\\TransformsRequest.php(21): Illuminate\\Pipeline\\Pipeline->Illuminate\\Pipeline\\{closure}(Object(Illuminate\\Http\\Request))
#43 E:\\SEMESTER 5\\Pemrograman Framework\\BELAJAR\\Inventory_system\\vendor\\laravel\\framework\\src\\Illuminate\\Foundation\\Http\\Middleware\\TrimStrings.php(51): Illuminate\\Foundation\\Http\\Middleware\\TransformsRequest->handle(Object(Illuminate\\Http\\Request), Object(Closure))
#44 E:\\SEMESTER 5\\Pemrograman Framework\\BELAJAR\\Inventory_system\\vendor\\laravel\\framework\\src\\Illuminate\\Pipeline\\Pipeline.php(219): Illuminate\\Foundation\\Http\\Middleware\\TrimStrings->handle(Object(Illuminate\\Http\\Request), Object(Closure))
#45 E:\\SEMESTER 5\\Pemrograman Framework\\BELAJAR\\Inventory_system\\vendor\\laravel\\framework\\src\\Illuminate\\Http\\Middleware\\ValidatePostSize.php(27): Illuminate\\Pipeline\\Pipeline->Illuminate\\Pipeline\\{closure}(Object(Illuminate\\Http\\Request))
#46 E:\\SEMESTER 5\\Pemrograman Framework\\BELAJAR\\Inventory_system\\vendor\\laravel\\framework\\src\\Illuminate\\Pipeline\\Pipeline.php(219): Illuminate\\Http\\Middleware\\ValidatePostSize->handle(Object(Illuminate\\Http\\Request), Object(Closure))
#47 E:\\SEMESTER 5\\Pemrograman Framework\\BELAJAR\\Inventory_system\\vendor\\laravel\\framework\\src\\Illuminate\\Foundation\\Http\\Middleware\\PreventRequestsDuringMaintenance.php(109): Illuminate\\Pipeline\\Pipeline->Illuminate\\Pipeline\\{closure}(Object(Illuminate\\Http\\Request))
#48 E:\\SEMESTER 5\\Pemrograman Framework\\BELAJAR\\Inventory_system\\vendor\\laravel\\framework\\src\\Illuminate\\Pipeline\\Pipeline.php(219): Illuminate\\Foundation\\Http\\Middleware\\PreventRequestsDuringMaintenance->handle(Object(Illuminate\\Http\\Request), Object(Closure))
#49 E:\\SEMESTER 5\\Pemrograman Framework\\BELAJAR\\Inventory_system\\vendor\\laravel\\framework\\src\\Illuminate\\Http\\Middleware\\HandleCors.php(48): Illuminate\\Pipeline\\Pipeline->Illuminate\\Pipeline\\{closure}(Object(Illuminate\\Http\\Request))
#50 E:\\SEMESTER 5\\Pemrograman Framework\\BELAJAR\\Inventory_system\\vendor\\laravel\\framework\\src\\Illuminate\\Pipeline\\Pipeline.php(219): Illuminate\\Http\\Middleware\\HandleCors->handle(Object(Illuminate\\Http\\Request), Object(Closure))
#51 E:\\SEMESTER 5\\Pemrograman Framework\\BELAJAR\\Inventory_system\\vendor\\laravel\\framework\\src\\Illuminate\\Http\\Middleware\\TrustProxies.php(58): Illuminate\\Pipeline\\Pipeline->Illuminate\\Pipeline\\{closure}(Object(Illuminate\\Http\\Request))
#52 E:\\SEMESTER 5\\Pemrograman Framework\\BELAJAR\\Inventory_system\\vendor\\laravel\\framework\\src\\Illuminate\\Pipeline\\Pipeline.php(219): Illuminate\\Http\\Middleware\\TrustProxies->handle(Object(Illuminate\\Http\\Request), Object(Closure))
#53 E:\\SEMESTER 5\\Pemrograman Framework\\BELAJAR\\Inventory_system\\vendor\\laravel\\framework\\src\\Illuminate\\Foundation\\Http\\Middleware\\InvokeDeferredCallbacks.php(22): Illuminate\\Pipeline\\Pipeline->Illuminate\\Pipeline\\{closure}(Object(Illuminate\\Http\\Request))
#54 E:\\SEMESTER 5\\Pemrograman Framework\\BELAJAR\\Inventory_system\\vendor\\laravel\\framework\\src\\Illuminate\\Pipeline\\Pipeline.php(219): Illuminate\\Foundation\\Http\\Middleware\\InvokeDeferredCallbacks->handle(Object(Illuminate\\Http\\Request), Object(Closure))
#55 E:\\SEMESTER 5\\Pemrograman Framework\\BELAJAR\\Inventory_system\\vendor\\laravel\\framework\\src\\Illuminate\\Http\\Middleware\\ValidatePathEncoding.php(26): Illuminate\\Pipeline\\Pipeline->Illuminate\\Pipeline\\{closure}(Object(Illuminate\\Http\\Request))
#56 E:\\SEMESTER 5\\Pemrograman Framework\\BELAJAR\\Inventory_system\\vendor\\laravel\\framework\\src\\Illuminate\\Pipeline\\Pipeline.php(219): Illuminate\\Http\\Middleware\\ValidatePathEncoding->handle(Object(Illuminate\\Http\\Request), Object(Closure))
#57 E:\\SEMESTER 5\\Pemrograman Framework\\BELAJAR\\Inventory_system\\vendor\\laravel\\framework\\src\\Illuminate\\Pipeline\\Pipeline.php(137): Illuminate\\Pipeline\\Pipeline->Illuminate\\Pipeline\\{closure}(Object(Illuminate\\Http\\Request))
#58 E:\\SEMESTER 5\\Pemrograman Framework\\BELAJAR\\Inventory_system\\vendor\\laravel\\framework\\src\\Illuminate\\Foundation\\Http\\Kernel.php(175): Illuminate\\Pipeline\\Pipeline->then(Object(Closure))
#59 E:\\SEMESTER 5\\Pemrograman Framework\\BELAJAR\\Inventory_system\\vendor\\laravel\\framework\\src\\Illuminate\\Foundation\\Http\\Kernel.php(144): Illuminate\\Foundation\\Http\\Kernel->sendRequestThroughRouter(Object(Illuminate\\Http\\Request))
#60 E:\\SEMESTER 5\\Pemrograman Framework\\BELAJAR\\Inventory_system\\vendor\\laravel\\framework\\src\\Illuminate\\Foundation\\Application.php(1220): Illuminate\\Foundation\\Http\\Kernel->handle(Object(Illuminate\\Http\\Request))
#61 E:\\SEMESTER 5\\Pemrograman Framework\\BELAJAR\\Inventory_system\\public\\index.php(20): Illuminate\\Foundation\\Application->handleRequest(Object(Illuminate\\Http\\Request))
#62 E:\\SEMESTER 5\\Pemrograman Framework\\BELAJAR\\Inventory_system\\vendor\\laravel\\framework\\src\\Illuminate\\Foundation\\resources\\server.php(23): require_once('E:\\\\SEMESTER 5\\\\P...')
#63 {main}
"} 
[2025-11-25 18:31:16] local.ERROR: Call to undefined method App\Http\Controllers\BarcodeController::print() {"userId":1,"exception":"[object] (Error(code: 0): Call to undefined method App\\Http\\Controllers\\BarcodeController::print() at E:\\SEMESTER 5\\Pemrograman Framework\\BELAJAR\\Inventory_system\\vendor\\laravel\\framework\\src\\Illuminate\\Routing\\ControllerDispatcher.php:46)
[stacktrace]
#0 E:\\SEMESTER 5\\Pemrograman Framework\\BELAJAR\\Inventory_system\\vendor\\laravel\\framework\\src\\Illuminate\\Routing\\Route.php(265): Illuminate\\Routing\\ControllerDispatcher->dispatch(Object(Illuminate\\Routing\\Route), Object(App\\Http\\Controllers\\BarcodeController), 'print')
#1 E:\\SEMESTER 5\\Pemrograman Framework\\BELAJAR\\Inventory_system\\vendor\\laravel\\framework\\src\\Illuminate\\Routing\\Route.php(211): Illuminate\\Routing\\Route->runController()
#2 E:\\SEMESTER 5\\Pemrograman Framework\\BELAJAR\\Inventory_system\\vendor\\laravel\\framework\\src\\Illuminate\\Routing\\Router.php(822): Illuminate\\Routing\\Route->run()
#3 E:\\SEMESTER 5\\Pemrograman Framework\\BELAJAR\\Inventory_system\\vendor\\laravel\\framework\\src\\Illuminate\\Pipeline\\Pipeline.php(180): Illuminate\\Routing\\Router->Illuminate\\Routing\\{closure}(Object(Illuminate\\Http\\Request))
#4 E:\\SEMESTER 5\\Pemrograman Framework\\BELAJAR\\Inventory_system\\app\\Http\\Middleware\\RoleMiddleware.php(24): Illuminate\\Pipeline\\Pipeline->Illuminate\\Pipeline\\{closure}(Object(Illuminate\\Http\\Request))
#5 E:\\SEMESTER 5\\Pemrograman Framework\\BELAJAR\\Inventory_system\\vendor\\laravel\\framework\\src\\Illuminate\\Pipeline\\Pipeline.php(219): App\\Http\\Middleware\\RoleMiddleware->handle(Object(Illuminate\\Http\\Request), Object(Closure), 'admin|gudang')
#6 E:\\SEMESTER 5\\Pemrograman Framework\\BELAJAR\\Inventory_system\\vendor\\laravel\\framework\\src\\Illuminate\\Routing\\Middleware\\SubstituteBindings.php(50): Illuminate\\Pipeline\\Pipeline->Illuminate\\Pipeline\\{closure}(Object(Illuminate\\Http\\Request))
#7 E:\\SEMESTER 5\\Pemrograman Framework\\BELAJAR\\Inventory_system\\vendor\\laravel\\framework\\src\\Illuminate\\Pipeline\\Pipeline.php(219): Illuminate\\Routing\\Middleware\\SubstituteBindings->handle(Object(Illuminate\\Http\\Request), Object(Closure))
#8 E:\\SEMESTER 5\\Pemrograman Framework\\BELAJAR\\Inventory_system\\vendor\\laravel\\framework\\src\\Illuminate\\Auth\\Middleware\\Authenticate.php(63): Illuminate\\Pipeline\\Pipeline->Illuminate\\Pipeline\\{closure}(Object(Illuminate\\Http\\Request))
#9 E:\\SEMESTER 5\\Pemrograman Framework\\BELAJAR\\Inventory_system\\vendor\\laravel\\framework\\src\\Illuminate\\Pipeline\\Pipeline.php(219): Illuminate\\Auth\\Middleware\\Authenticate->handle(Object(Illuminate\\Http\\Request), Object(Closure))
#10 E:\\SEMESTER 5\\Pemrograman Framework\\BELAJAR\\Inventory_system\\vendor\\laravel\\framework\\src\\Illuminate\\Foundation\\Http\\Middleware\\VerifyCsrfToken.php(87): Illuminate\\Pipeline\\Pipeline->Illuminate\\Pipeline\\{closure}(Object(Illuminate\\Http\\Request))
#11 E:\\SEMESTER 5\\Pemrograman Framework\\BELAJAR\\Inventory_system\\vendor\\laravel\\framework\\src\\Illuminate\\Pipeline\\Pipeline.php(219): Illuminate\\Foundation\\Http\\Middleware\\VerifyCsrfToken->handle(Object(Illuminate\\Http\\Request), Object(Closure))
#12 E:\\SEMESTER 5\\Pemrograman Framework\\BELAJAR\\Inventory_system\\vendor\\laravel\\framework\\src\\Illuminate\\View\\Middleware\\ShareErrorsFromSession.php(48): Illuminate\\Pipeline\\Pipeline->Illuminate\\Pipeline\\{closure}(Object(Illuminate\\Http\\Request))
#13 E:\\SEMESTER 5\\Pemrograman Framework\\BELAJAR\\Inventory_system\\vendor\\laravel\\framework\\src\\Illuminate\\Pipeline\\Pipeline.php(219): Illuminate\\View\\Middleware\\ShareErrorsFromSession->handle(Object(Illuminate\\Http\\Request), Object(Closure))
#14 E:\\SEMESTER 5\\Pemrograman Framework\\BELAJAR\\Inventory_system\\vendor\\laravel\\framework\\src\\Illuminate\\Session\\Middleware\\StartSession.php(120): Illuminate\\Pipeline\\Pipeline->Illuminate\\Pipeline\\{closure}(Object(Illuminate\\Http\\Request))
#15 E:\\SEMESTER 5\\Pemrograman Framework\\BELAJAR\\Inventory_system\\vendor\\laravel\\framework\\src\\Illuminate\\Session\\Middleware\\StartSession.php(63): Illuminate\\Session\\Middleware\\StartSession->handleStatefulRequest(Object(Illuminate\\Http\\Request), Object(Illuminate\\Session\\Store), Object(Closure))
#16 E:\\SEMESTER 5\\Pemrograman Framework\\BELAJAR\\Inventory_system\\vendor\\laravel\\framework\\src\\Illuminate\\Pipeline\\Pipeline.php(219): Illuminate\\Session\\Middleware\\StartSession->handle(Object(Illuminate\\Http\\Request), Object(Closure))
#17 E:\\SEMESTER 5\\Pemrograman Framework\\BELAJAR\\Inventory_system\\vendor\\laravel\\framework\\src\\Illuminate\\Cookie\\Middleware\\AddQueuedCookiesToResponse.php(36): Illuminate\\Pipeline\\Pipeline->Illuminate\\Pipeline\\{closure}(Object(Illuminate\\Http\\Request))
#18 E:\\SEMESTER 5\\Pemrograman Framework\\BELAJAR\\Inventory_system\\vendor\\laravel\\framework\\src\\Illuminate\\Pipeline\\Pipeline.php(219): Illuminate\\Cookie\\Middleware\\AddQueuedCookiesToResponse->handle(Object(Illuminate\\Http\\Request), Object(Closure))
#19 E:\\SEMESTER 5\\Pemrograman Framework\\BELAJAR\\Inventory_system\\vendor\\laravel\\framework\\src\\Illuminate\\Cookie\\Middleware\\EncryptCookies.php(74): Illuminate\\Pipeline\\Pipeline->Illuminate\\Pipeline\\{closure}(Object(Illuminate\\Http\\Request))
#20 E:\\SEMESTER 5\\Pemrograman Framework\\BELAJAR\\Inventory_system\\vendor\\laravel\\framework\\src\\Illuminate\\Pipeline\\Pipeline.php(219): Illuminate\\Cookie\\Middleware\\EncryptCookies->handle(Object(Illuminate\\Http\\Request), Object(Closure))
#21 E:\\SEMESTER 5\\Pemrograman Framework\\BELAJAR\\Inventory_system\\vendor\\laravel\\framework\\src\\Illuminate\\Pipeline\\Pipeline.php(137): Illuminate\\Pipeline\\Pipeline->Illuminate\\Pipeline\\{closure}(Object(Illuminate\\Http\\Request))
#22 E:\\SEMESTER 5\\Pemrograman Framework\\BELAJAR\\Inventory_system\\vendor\\laravel\\framework\\src\\Illuminate\\Routing\\Router.php(821): Illuminate\\Pipeline\\Pipeline->then(Object(Closure))
#23 E:\\SEMESTER 5\\Pemrograman Framework\\BELAJAR\\Inventory_system\\vendor\\laravel\\framework\\src\\Illuminate\\Routing\\Router.php(800): Illuminate\\Routing\\Router->runRouteWithinStack(Object(Illuminate\\Routing\\Route), Object(Illuminate\\Http\\Request))
#24 E:\\SEMESTER 5\\Pemrograman Framework\\BELAJAR\\Inventory_system\\vendor\\laravel\\framework\\src\\Illuminate\\Routing\\Router.php(764): Illuminate\\Routing\\Router->runRoute(Object(Illuminate\\Http\\Request), Object(Illuminate\\Routing\\Route))
#25 E:\\SEMESTER 5\\Pemrograman Framework\\BELAJAR\\Inventory_system\\vendor\\laravel\\framework\\src\\Illuminate\\Routing\\Router.php(753): Illuminate\\Routing\\Router->dispatchToRoute(Object(Illuminate\\Http\\Request))
#26 E:\\SEMESTER 5\\Pemrograman Framework\\BELAJAR\\Inventory_system\\vendor\\laravel\\framework\\src\\Illuminate\\Foundation\\Http\\Kernel.php(200): Illuminate\\Routing\\Router->dispatch(Object(Illuminate\\Http\\Request))
#27 E:\\SEMESTER 5\\Pemrograman Framework\\BELAJAR\\Inventory_system\\vendor\\laravel\\framework\\src\\Illuminate\\Pipeline\\Pipeline.php(180): Illuminate\\Foundation\\Http\\Kernel->Illuminate\\Foundation\\Http\\{closure}(Object(Illuminate\\Http\\Request))
#28 E:\\SEMESTER 5\\Pemrograman Framework\\BELAJAR\\Inventory_system\\vendor\\laravel\\framework\\src\\Illuminate\\Foundation\\Http\\Middleware\\TransformsRequest.php(21): Illuminate\\Pipeline\\Pipeline->Illuminate\\Pipeline\\{closure}(Object(Illuminate\\Http\\Request))
#29 E:\\SEMESTER 5\\Pemrograman Framework\\BELAJAR\\Inventory_system\\vendor\\laravel\\framework\\src\\Illuminate\\Foundation\\Http\\Middleware\\ConvertEmptyStringsToNull.php(31): Illuminate\\Foundation\\Http\\Middleware\\TransformsRequest->handle(Object(Illuminate\\Http\\Request), Object(Closure))
#30 E:\\SEMESTER 5\\Pemrograman Framework\\BELAJAR\\Inventory_system\\vendor\\laravel\\framework\\src\\Illuminate\\Pipeline\\Pipeline.php(219): Illuminate\\Foundation\\Http\\Middleware\\ConvertEmptyStringsToNull->handle(Object(Illuminate\\Http\\Request), Object(Closure))
#31 E:\\SEMESTER 5\\Pemrograman Framework\\BELAJAR\\Inventory_system\\vendor\\laravel\\framework\\src\\Illuminate\\Foundation\\Http\\Middleware\\TransformsRequest.php(21): Illuminate\\Pipeline\\Pipeline->Illuminate\\Pipeline\\{closure}(Object(Illuminate\\Http\\Request))
#32 E:\\SEMESTER 5\\Pemrograman Framework\\BELAJAR\\Inventory_system\\vendor\\laravel\\framework\\src\\Illuminate\\Foundation\\Http\\Middleware\\TrimStrings.php(51): Illuminate\\Foundation\\Http\\Middleware\\TransformsRequest->handle(Object(Illuminate\\Http\\Request), Object(Closure))
#33 E:\\SEMESTER 5\\Pemrograman Framework\\BELAJAR\\Inventory_system\\vendor\\laravel\\framework\\src\\Illuminate\\Pipeline\\Pipeline.php(219): Illuminate\\Foundation\\Http\\Middleware\\TrimStrings->handle(Object(Illuminate\\Http\\Request), Object(Closure))
#34 E:\\SEMESTER 5\\Pemrograman Framework\\BELAJAR\\Inventory_system\\vendor\\laravel\\framework\\src\\Illuminate\\Http\\Middleware\\ValidatePostSize.php(27): Illuminate\\Pipeline\\Pipeline->Illuminate\\Pipeline\\{closure}(Object(Illuminate\\Http\\Request))
#35 E:\\SEMESTER 5\\Pemrograman Framework\\BELAJAR\\Inventory_system\\vendor\\laravel\\framework\\src\\Illuminate\\Pipeline\\Pipeline.php(219): Illuminate\\Http\\Middleware\\ValidatePostSize->handle(Object(Illuminate\\Http\\Request), Object(Closure))
#36 E:\\SEMESTER 5\\Pemrograman Framework\\BELAJAR\\Inventory_system\\vendor\\laravel\\framework\\src\\Illuminate\\Foundation\\Http\\Middleware\\PreventRequestsDuringMaintenance.php(109): Illuminate\\Pipeline\\Pipeline->Illuminate\\Pipeline\\{closure}(Object(Illuminate\\Http\\Request))
#37 E:\\SEMESTER 5\\Pemrograman Framework\\BELAJAR\\Inventory_system\\vendor\\laravel\\framework\\src\\Illuminate\\Pipeline\\Pipeline.php(219): Illuminate\\Foundation\\Http\\Middleware\\PreventRequestsDuringMaintenance->handle(Object(Illuminate\\Http\\Request), Object(Closure))
#38 E:\\SEMESTER 5\\Pemrograman Framework\\BELAJAR\\Inventory_system\\vendor\\laravel\\framework\\src\\Illuminate\\Http\\Middleware\\HandleCors.php(48): Illuminate\\Pipeline\\Pipeline->Illuminate\\Pipeline\\{closure}(Object(Illuminate\\Http\\Request))
#39 E:\\SEMESTER 5\\Pemrograman Framework\\BELAJAR\\Inventory_system\\vendor\\laravel\\framework\\src\\Illuminate\\Pipeline\\Pipeline.php(219): Illuminate\\Http\\Middleware\\HandleCors->handle(Object(Illuminate\\Http\\Request), Object(Closure))
#40 E:\\SEMESTER 5\\Pemrograman Framework\\BELAJAR\\Inventory_system\\vendor\\laravel\\framework\\src\\Illuminate\\Http\\Middleware\\TrustProxies.php(58): Illuminate\\Pipeline\\Pipeline->Illuminate\\Pipeline\\{closure}(Object(Illuminate\\Http\\Request))
#41 E:\\SEMESTER 5\\Pemrograman Framework\\BELAJAR\\Inventory_system\\vendor\\laravel\\framework\\src\\Illuminate\\Pipeline\\Pipeline.php(219): Illuminate\\Http\\Middleware\\TrustProxies->handle(Object(Illuminate\\Http\\Request), Object(Closure))
#42 E:\\SEMESTER 5\\Pemrograman Framework\\BELAJAR\\Inventory_system\\vendor\\laravel\\framework\\src\\Illuminate\\Foundation\\Http\\Middleware\\InvokeDeferredCallbacks.php(22): Illuminate\\Pipeline\\Pipeline->Illuminate\\Pipeline\\{closure}(Object(Illuminate\\Http\\Request))
#43 E:\\SEMESTER 5\\Pemrograman Framework\\BELAJAR\\Inventory_system\\vendor\\laravel\\framework\\src\\Illuminate\\Pipeline\\Pipeline.php(219): Illuminate\\Foundation\\Http\\Middleware\\InvokeDeferredCallbacks->handle(Object(Illuminate\\Http\\Request), Object(Closure))
#44 E:\\SEMESTER 5\\Pemrograman Framework\\BELAJAR\\Inventory_system\\vendor\\laravel\\framework\\src\\Illuminate\\Http\\Middleware\\ValidatePathEncoding.php(26): Illuminate\\Pipeline\\Pipeline->Illuminate\\Pipeline\\{closure}(Object(Illuminate\\Http\\Request))
#45 E:\\SEMESTER 5\\Pemrograman Framework\\BELAJAR\\Inventory_system\\vendor\\laravel\\framework\\src\\Illuminate\\Pipeline\\Pipeline.php(219): Illuminate\\Http\\Middleware\\ValidatePathEncoding->handle(Object(Illuminate\\Http\\Request), Object(Closure))
#46 E:\\SEMESTER 5\\Pemrograman Framework\\BELAJAR\\Inventory_system\\vendor\\laravel\\framework\\src\\Illuminate\\Pipeline\\Pipeline.php(137): Illuminate\\Pipeline\\Pipeline->Illuminate\\Pipeline\\{closure}(Object(Illuminate\\Http\\Request))
#47 E:\\SEMESTER 5\\Pemrograman Framework\\BELAJAR\\Inventory_system\\vendor\\laravel\\framework\\src\\Illuminate\\Foundation\\Http\\Kernel.php(175): Illuminate\\Pipeline\\Pipeline->then(Object(Closure))
#48 E:\\SEMESTER 5\\Pemrograman Framework\\BELAJAR\\Inventory_system\\vendor\\laravel\\framework\\src\\Illuminate\\Foundation\\Http\\Kernel.php(144): Illuminate\\Foundation\\Http\\Kernel->sendRequestThroughRouter(Object(Illuminate\\Http\\Request))
#49 E:\\SEMESTER 5\\Pemrograman Framework\\BELAJAR\\Inventory_system\\vendor\\laravel\\framework\\src\\Illuminate\\Foundation\\Application.php(1220): Illuminate\\Foundation\\Http\\Kernel->handle(Object(Illuminate\\Http\\Request))
#50 E:\\SEMESTER 5\\Pemrograman Framework\\BELAJAR\\Inventory_system\\public\\index.php(20): Illuminate\\Foundation\\Application->handleRequest(Object(Illuminate\\Http\\Request))
#51 E:\\SEMESTER 5\\Pemrograman Framework\\BELAJAR\\Inventory_system\\vendor\\laravel\\framework\\src\\Illuminate\\Foundation\\resources\\server.php(23): require_once('E:\\\\SEMESTER 5\\\\P...')
#52 {main}
"} 
[2025-11-25 18:31:25] local.ERROR: Route [barcodes.print_one] not defined. (View: E:\SEMESTER 5\Pemrograman Framework\BELAJAR\Inventory_system\resources\views\products\index.blade.php) {"userId":1,"exception":"[object] (Illuminate\\View\\ViewException(code: 0): Route [barcodes.print_one] not defined. (View: E:\\SEMESTER 5\\Pemrograman Framework\\BELAJAR\\Inventory_system\\resources\\views\\products\\index.blade.php) at E:\\SEMESTER 5\\Pemrograman Framework\\BELAJAR\\Inventory_system\\vendor\\laravel\\framework\\src\\Illuminate\\Routing\\UrlGenerator.php:526)
[stacktrace]
#0 E:\\SEMESTER 5\\Pemrograman Framework\\BELAJAR\\Inventory_system\\vendor\\laravel\\framework\\src\\Illuminate\\View\\Engines\\PhpEngine.php(59): Illuminate\\View\\Engines\\CompilerEngine->handleViewException(Object(Symfony\\Component\\Routing\\Exception\\RouteNotFoundException), 1)
#1 E:\\SEMESTER 5\\Pemrograman Framework\\BELAJAR\\Inventory_system\\vendor\\laravel\\framework\\src\\Illuminate\\View\\Engines\\CompilerEngine.php(76): Illuminate\\View\\Engines\\PhpEngine->evaluatePath('E:\\\\SEMESTER 5\\\\P...', Array)
#2 E:\\SEMESTER 5\\Pemrograman Framework\\BELAJAR\\Inventory_system\\vendor\\laravel\\framework\\src\\Illuminate\\View\\View.php(208): Illuminate\\View\\Engines\\CompilerEngine->get('E:\\\\SEMESTER 5\\\\P...', Array)
#3 E:\\SEMESTER 5\\Pemrograman Framework\\BELAJAR\\Inventory_system\\vendor\\laravel\\framework\\src\\Illuminate\\View\\View.php(191): Illuminate\\View\\View->getContents()
#4 E:\\SEMESTER 5\\Pemrograman Framework\\BELAJAR\\Inventory_system\\vendor\\laravel\\framework\\src\\Illuminate\\View\\View.php(160): Illuminate\\View\\View->renderContents()
#5 E:\\SEMESTER 5\\Pemrograman Framework\\BELAJAR\\Inventory_system\\vendor\\laravel\\framework\\src\\Illuminate\\Http\\Response.php(78): Illuminate\\View\\View->render()
#6 E:\\SEMESTER 5\\Pemrograman Framework\\BELAJAR\\Inventory_system\\vendor\\laravel\\framework\\src\\Illuminate\\Http\\Response.php(34): Illuminate\\Http\\Response->setContent(Object(Illuminate\\View\\View))
#7 E:\\SEMESTER 5\\Pemrograman Framework\\BELAJAR\\Inventory_system\\vendor\\laravel\\framework\\src\\Illuminate\\Routing\\Router.php(939): Illuminate\\Http\\Response->__construct(Object(Illuminate\\View\\View), 200, Array)
#8 E:\\SEMESTER 5\\Pemrograman Framework\\BELAJAR\\Inventory_system\\vendor\\laravel\\framework\\src\\Illuminate\\Routing\\Router.php(906): Illuminate\\Routing\\Router::toResponse(Object(Illuminate\\Http\\Request), Object(Illuminate\\View\\View))
#9 E:\\SEMESTER 5\\Pemrograman Framework\\BELAJAR\\Inventory_system\\vendor\\laravel\\framework\\src\\Illuminate\\Routing\\Router.php(821): Illuminate\\Routing\\Router->prepareResponse(Object(Illuminate\\Http\\Request), Object(Illuminate\\View\\View))
#10 E:\\SEMESTER 5\\Pemrograman Framework\\BELAJAR\\Inventory_system\\vendor\\laravel\\framework\\src\\Illuminate\\Pipeline\\Pipeline.php(180): Illuminate\\Routing\\Router->Illuminate\\Routing\\{closure}(Object(Illuminate\\Http\\Request))
#11 E:\\SEMESTER 5\\Pemrograman Framework\\BELAJAR\\Inventory_system\\app\\Http\\Middleware\\RoleMiddleware.php(24): Illuminate\\Pipeline\\Pipeline->Illuminate\\Pipeline\\{closure}(Object(Illuminate\\Http\\Request))
#12 E:\\SEMESTER 5\\Pemrograman Framework\\BELAJAR\\Inventory_system\\vendor\\laravel\\framework\\src\\Illuminate\\Pipeline\\Pipeline.php(219): App\\Http\\Middleware\\RoleMiddleware->handle(Object(Illuminate\\Http\\Request), Object(Closure), 'admin|gudang')
#13 E:\\SEMESTER 5\\Pemrograman Framework\\BELAJAR\\Inventory_system\\vendor\\laravel\\framework\\src\\Illuminate\\Routing\\Middleware\\SubstituteBindings.php(50): Illuminate\\Pipeline\\Pipeline->Illuminate\\Pipeline\\{closure}(Object(Illuminate\\Http\\Request))
#14 E:\\SEMESTER 5\\Pemrograman Framework\\BELAJAR\\Inventory_system\\vendor\\laravel\\framework\\src\\Illuminate\\Pipeline\\Pipeline.php(219): Illuminate\\Routing\\Middleware\\SubstituteBindings->handle(Object(Illuminate\\Http\\Request), Object(Closure))
#15 E:\\SEMESTER 5\\Pemrograman Framework\\BELAJAR\\Inventory_system\\vendor\\laravel\\framework\\src\\Illuminate\\Auth\\Middleware\\Authenticate.php(63): Illuminate\\Pipeline\\Pipeline->Illuminate\\Pipeline\\{closure}(Object(Illuminate\\Http\\Request))
#16 E:\\SEMESTER 5\\Pemrograman Framework\\BELAJAR\\Inventory_system\\vendor\\laravel\\framework\\src\\Illuminate\\Pipeline\\Pipeline.php(219): Illuminate\\Auth\\Middleware\\Authenticate->handle(Object(Illuminate\\Http\\Request), Object(Closure))
#17 E:\\SEMESTER 5\\Pemrograman Framework\\BELAJAR\\Inventory_system\\vendor\\laravel\\framework\\src\\Illuminate\\Foundation\\Http\\Middleware\\VerifyCsrfToken.php(87): Illuminate\\Pipeline\\Pipeline->Illuminate\\Pipeline\\{closure}(Object(Illuminate\\Http\\Request))
#18 E:\\SEMESTER 5\\Pemrograman Framework\\BELAJAR\\Inventory_system\\vendor\\laravel\\framework\\src\\Illuminate\\Pipeline\\Pipeline.php(219): Illuminate\\Foundation\\Http\\Middleware\\VerifyCsrfToken->handle(Object(Illuminate\\Http\\Request), Object(Closure))
#19 E:\\SEMESTER 5\\Pemrograman Framework\\BELAJAR\\Inventory_system\\vendor\\laravel\\framework\\src\\Illuminate\\View\\Middleware\\ShareErrorsFromSession.php(48): Illuminate\\Pipeline\\Pipeline->Illuminate\\Pipeline\\{closure}(Object(Illuminate\\Http\\Request))
#20 E:\\SEMESTER 5\\Pemrograman Framework\\BELAJAR\\Inventory_system\\vendor\\laravel\\framework\\src\\Illuminate\\Pipeline\\Pipeline.php(219): Illuminate\\View\\Middleware\\ShareErrorsFromSession->handle(Object(Illuminate\\Http\\Request), Object(Closure))
#21 E:\\SEMESTER 5\\Pemrograman Framework\\BELAJAR\\Inventory_system\\vendor\\laravel\\framework\\src\\Illuminate\\Session\\Middleware\\StartSession.php(120): Illuminate\\Pipeline\\Pipeline->Illuminate\\Pipeline\\{closure}(Object(Illuminate\\Http\\Request))
#22 E:\\SEMESTER 5\\Pemrograman Framework\\BELAJAR\\Inventory_system\\vendor\\laravel\\framework\\src\\Illuminate\\Session\\Middleware\\StartSession.php(63): Illuminate\\Session\\Middleware\\StartSession->handleStatefulRequest(Object(Illuminate\\Http\\Request), Object(Illuminate\\Session\\Store), Object(Closure))
#23 E:\\SEMESTER 5\\Pemrograman Framework\\BELAJAR\\Inventory_system\\vendor\\laravel\\framework\\src\\Illuminate\\Pipeline\\Pipeline.php(219): Illuminate\\Session\\Middleware\\StartSession->handle(Object(Illuminate\\Http\\Request), Object(Closure))
#24 E:\\SEMESTER 5\\Pemrograman Framework\\BELAJAR\\Inventory_system\\vendor\\laravel\\framework\\src\\Illuminate\\Cookie\\Middleware\\AddQueuedCookiesToResponse.php(36): Illuminate\\Pipeline\\Pipeline->Illuminate\\Pipeline\\{closure}(Object(Illuminate\\Http\\Request))
#25 E:\\SEMESTER 5\\Pemrograman Framework\\BELAJAR\\Inventory_system\\vendor\\laravel\\framework\\src\\Illuminate\\Pipeline\\Pipeline.php(219): Illuminate\\Cookie\\Middleware\\AddQueuedCookiesToResponse->handle(Object(Illuminate\\Http\\Request), Object(Closure))
#26 E:\\SEMESTER 5\\Pemrograman Framework\\BELAJAR\\Inventory_system\\vendor\\laravel\\framework\\src\\Illuminate\\Cookie\\Middleware\\EncryptCookies.php(74): Illuminate\\Pipeline\\Pipeline->Illuminate\\Pipeline\\{closure}(Object(Illuminate\\Http\\Request))
#27 E:\\SEMESTER 5\\Pemrograman Framework\\BELAJAR\\Inventory_system\\vendor\\laravel\\framework\\src\\Illuminate\\Pipeline\\Pipeline.php(219): Illuminate\\Cookie\\Middleware\\EncryptCookies->handle(Object(Illuminate\\Http\\Request), Object(Closure))
#28 E:\\SEMESTER 5\\Pemrograman Framework\\BELAJAR\\Inventory_system\\vendor\\laravel\\framework\\src\\Illuminate\\Pipeline\\Pipeline.php(137): Illuminate\\Pipeline\\Pipeline->Illuminate\\Pipeline\\{closure}(Object(Illuminate\\Http\\Request))
#29 E:\\SEMESTER 5\\Pemrograman Framework\\BELAJAR\\Inventory_system\\vendor\\laravel\\framework\\src\\Illuminate\\Routing\\Router.php(821): Illuminate\\Pipeline\\Pipeline->then(Object(Closure))
#30 E:\\SEMESTER 5\\Pemrograman Framework\\BELAJAR\\Inventory_system\\vendor\\laravel\\framework\\src\\Illuminate\\Routing\\Router.php(800): Illuminate\\Routing\\Router->runRouteWithinStack(Object(Illuminate\\Routing\\Route), Object(Illuminate\\Http\\Request))
#31 E:\\SEMESTER 5\\Pemrograman Framework\\BELAJAR\\Inventory_system\\vendor\\laravel\\framework\\src\\Illuminate\\Routing\\Router.php(764): Illuminate\\Routing\\Router->runRoute(Object(Illuminate\\Http\\Request), Object(Illuminate\\Routing\\Route))
#32 E:\\SEMESTER 5\\Pemrograman Framework\\BELAJAR\\Inventory_system\\vendor\\laravel\\framework\\src\\Illuminate\\Routing\\Router.php(753): Illuminate\\Routing\\Router->dispatchToRoute(Object(Illuminate\\Http\\Request))
#33 E:\\SEMESTER 5\\Pemrograman Framework\\BELAJAR\\Inventory_system\\vendor\\laravel\\framework\\src\\Illuminate\\Foundation\\Http\\Kernel.php(200): Illuminate\\Routing\\Router->dispatch(Object(Illuminate\\Http\\Request))
#34 E:\\SEMESTER 5\\Pemrograman Framework\\BELAJAR\\Inventory_system\\vendor\\laravel\\framework\\src\\Illuminate\\Pipeline\\Pipeline.php(180): Illuminate\\Foundation\\Http\\Kernel->Illuminate\\Foundation\\Http\\{closure}(Object(Illuminate\\Http\\Request))
#35 E:\\SEMESTER 5\\Pemrograman Framework\\BELAJAR\\Inventory_system\\vendor\\laravel\\framework\\src\\Illuminate\\Foundation\\Http\\Middleware\\TransformsRequest.php(21): Illuminate\\Pipeline\\Pipeline->Illuminate\\Pipeline\\{closure}(Object(Illuminate\\Http\\Request))
#36 E:\\SEMESTER 5\\Pemrograman Framework\\BELAJAR\\Inventory_system\\vendor\\laravel\\framework\\src\\Illuminate\\Foundation\\Http\\Middleware\\ConvertEmptyStringsToNull.php(31): Illuminate\\Foundation\\Http\\Middleware\\TransformsRequest->handle(Object(Illuminate\\Http\\Request), Object(Closure))
#37 E:\\SEMESTER 5\\Pemrograman Framework\\BELAJAR\\Inventory_system\\vendor\\laravel\\framework\\src\\Illuminate\\Pipeline\\Pipeline.php(219): Illuminate\\Foundation\\Http\\Middleware\\ConvertEmptyStringsToNull->handle(Object(Illuminate\\Http\\Request), Object(Closure))
#38 E:\\SEMESTER 5\\Pemrograman Framework\\BELAJAR\\Inventory_system\\vendor\\laravel\\framework\\src\\Illuminate\\Foundation\\Http\\Middleware\\TransformsRequest.php(21): Illuminate\\Pipeline\\Pipeline->Illuminate\\Pipeline\\{closure}(Object(Illuminate\\Http\\Request))
#39 E:\\SEMESTER 5\\Pemrograman Framework\\BELAJAR\\Inventory_system\\vendor\\laravel\\framework\\src\\Illuminate\\Foundation\\Http\\Middleware\\TrimStrings.php(51): Illuminate\\Foundation\\Http\\Middleware\\TransformsRequest->handle(Object(Illuminate\\Http\\Request), Object(Closure))
#40 E:\\SEMESTER 5\\Pemrograman Framework\\BELAJAR\\Inventory_system\\vendor\\laravel\\framework\\src\\Illuminate\\Pipeline\\Pipeline.php(219): Illuminate\\Foundation\\Http\\Middleware\\TrimStrings->handle(Object(Illuminate\\Http\\Request), Object(Closure))
#41 E:\\SEMESTER 5\\Pemrograman Framework\\BELAJAR\\Inventory_system\\vendor\\laravel\\framework\\src\\Illuminate\\Http\\Middleware\\ValidatePostSize.php(27): Illuminate\\Pipeline\\Pipeline->Illuminate\\Pipeline\\{closure}(Object(Illuminate\\Http\\Request))
#42 E:\\SEMESTER 5\\Pemrograman Framework\\BELAJAR\\Inventory_system\\vendor\\laravel\\framework\\src\\Illuminate\\Pipeline\\Pipeline.php(219): Illuminate\\Http\\Middleware\\ValidatePostSize->handle(Object(Illuminate\\Http\\Request), Object(Closure))
#43 E:\\SEMESTER 5\\Pemrograman Framework\\BELAJAR\\Inventory_system\\vendor\\laravel\\framework\\src\\Illuminate\\Foundation\\Http\\Middleware\\PreventRequestsDuringMaintenance.php(109): Illuminate\\Pipeline\\Pipeline->Illuminate\\Pipeline\\{closure}(Object(Illuminate\\Http\\Request))
#44 E:\\SEMESTER 5\\Pemrograman Framework\\BELAJAR\\Inventory_system\\vendor\\laravel\\framework\\src\\Illuminate\\Pipeline\\Pipeline.php(219): Illuminate\\Foundation\\Http\\Middleware\\PreventRequestsDuringMaintenance->handle(Object(Illuminate\\Http\\Request), Object(Closure))
#45 E:\\SEMESTER 5\\Pemrograman Framework\\BELAJAR\\Inventory_system\\vendor\\laravel\\framework\\src\\Illuminate\\Http\\Middleware\\HandleCors.php(48): Illuminate\\Pipeline\\Pipeline->Illuminate\\Pipeline\\{closure}(Object(Illuminate\\Http\\Request))
#46 E:\\SEMESTER 5\\Pemrograman Framework\\BELAJAR\\Inventory_system\\vendor\\laravel\\framework\\src\\Illuminate\\Pipeline\\Pipeline.php(219): Illuminate\\Http\\Middleware\\HandleCors->handle(Object(Illuminate\\Http\\Request), Object(Closure))
#47 E:\\SEMESTER 5\\Pemrograman Framework\\BELAJAR\\Inventory_system\\vendor\\laravel\\framework\\src\\Illuminate\\Http\\Middleware\\TrustProxies.php(58): Illuminate\\Pipeline\\Pipeline->Illuminate\\Pipeline\\{closure}(Object(Illuminate\\Http\\Request))
#48 E:\\SEMESTER 5\\Pemrograman Framework\\BELAJAR\\Inventory_system\\vendor\\laravel\\framework\\src\\Illuminate\\Pipeline\\Pipeline.php(219): Illuminate\\Http\\Middleware\\TrustProxies->handle(Object(Illuminate\\Http\\Request), Object(Closure))
#49 E:\\SEMESTER 5\\Pemrograman Framework\\BELAJAR\\Inventory_system\\vendor\\laravel\\framework\\src\\Illuminate\\Foundation\\Http\\Middleware\\InvokeDeferredCallbacks.php(22): Illuminate\\Pipeline\\Pipeline->Illuminate\\Pipeline\\{closure}(Object(Illuminate\\Http\\Request))
#50 E:\\SEMESTER 5\\Pemrograman Framework\\BELAJAR\\Inventory_system\\vendor\\laravel\\framework\\src\\Illuminate\\Pipeline\\Pipeline.php(219): Illuminate\\Foundation\\Http\\Middleware\\InvokeDeferredCallbacks->handle(Object(Illuminate\\Http\\Request), Object(Closure))
#51 E:\\SEMESTER 5\\Pemrograman Framework\\BELAJAR\\Inventory_system\\vendor\\laravel\\framework\\src\\Illuminate\\Http\\Middleware\\ValidatePathEncoding.php(26): Illuminate\\Pipeline\\Pipeline->Illuminate\\Pipeline\\{closure}(Object(Illuminate\\Http\\Request))
#52 E:\\SEMESTER 5\\Pemrograman Framework\\BELAJAR\\Inventory_system\\vendor\\laravel\\framework\\src\\Illuminate\\Pipeline\\Pipeline.php(219): Illuminate\\Http\\Middleware\\ValidatePathEncoding->handle(Object(Illuminate\\Http\\Request), Object(Closure))
#53 E:\\SEMESTER 5\\Pemrograman Framework\\BELAJAR\\Inventory_system\\vendor\\laravel\\framework\\src\\Illuminate\\Pipeline\\Pipeline.php(137): Illuminate\\Pipeline\\Pipeline->Illuminate\\Pipeline\\{closure}(Object(Illuminate\\Http\\Request))
#54 E:\\SEMESTER 5\\Pemrograman Framework\\BELAJAR\\Inventory_system\\vendor\\laravel\\framework\\src\\Illuminate\\Foundation\\Http\\Kernel.php(175): Illuminate\\Pipeline\\Pipeline->then(Object(Closure))
#55 E:\\SEMESTER 5\\Pemrograman Framework\\BELAJAR\\Inventory_system\\vendor\\laravel\\framework\\src\\Illuminate\\Foundation\\Http\\Kernel.php(144): Illuminate\\Foundation\\Http\\Kernel->sendRequestThroughRouter(Object(Illuminate\\Http\\Request))
#56 E:\\SEMESTER 5\\Pemrograman Framework\\BELAJAR\\Inventory_system\\vendor\\laravel\\framework\\src\\Illuminate\\Foundation\\Application.php(1220): Illuminate\\Foundation\\Http\\Kernel->handle(Object(Illuminate\\Http\\Request))
#57 E:\\SEMESTER 5\\Pemrograman Framework\\BELAJAR\\Inventory_system\\public\\index.php(20): Illuminate\\Foundation\\Application->handleRequest(Object(Illuminate\\Http\\Request))
#58 E:\\SEMESTER 5\\Pemrograman Framework\\BELAJAR\\Inventory_system\\vendor\\laravel\\framework\\src\\Illuminate\\Foundation\\resources\\server.php(23): require_once('E:\\\\SEMESTER 5\\\\P...')
#59 {main}

[previous exception] [object] (Symfony\\Component\\Routing\\Exception\\RouteNotFoundException(code: 0): Route [barcodes.print_one] not defined. at E:\\SEMESTER 5\\Pemrograman Framework\\BELAJAR\\Inventory_system\\vendor\\laravel\\framework\\src\\Illuminate\\Routing\\UrlGenerator.php:526)
[stacktrace]
#0 E:\\SEMESTER 5\\Pemrograman Framework\\BELAJAR\\Inventory_system\\vendor\\laravel\\framework\\src\\Illuminate\\Foundation\\helpers.php(871): Illuminate\\Routing\\UrlGenerator->route('barcodes.print_...', 2, true)
#1 E:\\SEMESTER 5\\Pemrograman Framework\\BELAJAR\\Inventory_system\\storage\\framework\\views\\66528fdca0c9db726d65ff1995961ffd.php(74): route('barcodes.print_...', 2)
#2 E:\\SEMESTER 5\\Pemrograman Framework\\BELAJAR\\Inventory_system\\vendor\\laravel\\framework\\src\\Illuminate\\Filesystem\\Filesystem.php(123): require('E:\\\\SEMESTER 5\\\\P...')
#3 E:\\SEMESTER 5\\Pemrograman Framework\\BELAJAR\\Inventory_system\\vendor\\laravel\\framework\\src\\Illuminate\\Filesystem\\Filesystem.php(124): Illuminate\\Filesystem\\Filesystem::Illuminate\\Filesystem\\{closure}()
#4 E:\\SEMESTER 5\\Pemrograman Framework\\BELAJAR\\Inventory_system\\vendor\\laravel\\framework\\src\\Illuminate\\View\\Engines\\PhpEngine.php(57): Illuminate\\Filesystem\\Filesystem->getRequire('E:\\\\SEMESTER 5\\\\P...', Array)
#5 E:\\SEMESTER 5\\Pemrograman Framework\\BELAJAR\\Inventory_system\\vendor\\laravel\\framework\\src\\Illuminate\\View\\Engines\\CompilerEngine.php(76): Illuminate\\View\\Engines\\PhpEngine->evaluatePath('E:\\\\SEMESTER 5\\\\P...', Array)
#6 E:\\SEMESTER 5\\Pemrograman Framework\\BELAJAR\\Inventory_system\\vendor\\laravel\\framework\\src\\Illuminate\\View\\View.php(208): Illuminate\\View\\Engines\\CompilerEngine->get('E:\\\\SEMESTER 5\\\\P...', Array)
#7 E:\\SEMESTER 5\\Pemrograman Framework\\BELAJAR\\Inventory_system\\vendor\\laravel\\framework\\src\\Illuminate\\View\\View.php(191): Illuminate\\View\\View->getContents()
#8 E:\\SEMESTER 5\\Pemrograman Framework\\BELAJAR\\Inventory_system\\vendor\\laravel\\framework\\src\\Illuminate\\View\\View.php(160): Illuminate\\View\\View->renderContents()
#9 E:\\SEMESTER 5\\Pemrograman Framework\\BELAJAR\\Inventory_system\\vendor\\laravel\\framework\\src\\Illuminate\\Http\\Response.php(78): Illuminate\\View\\View->render()
#10 E:\\SEMESTER 5\\Pemrograman Framework\\BELAJAR\\Inventory_system\\vendor\\laravel\\framework\\src\\Illuminate\\Http\\Response.php(34): Illuminate\\Http\\Response->setContent(Object(Illuminate\\View\\View))
#11 E:\\SEMESTER 5\\Pemrograman Framework\\BELAJAR\\Inventory_system\\vendor\\laravel\\framework\\src\\Illuminate\\Routing\\Router.php(939): Illuminate\\Http\\Response->__construct(Object(Illuminate\\View\\View), 200, Array)
#12 E:\\SEMESTER 5\\Pemrograman Framework\\BELAJAR\\Inventory_system\\vendor\\laravel\\framework\\src\\Illuminate\\Routing\\Router.php(906): Illuminate\\Routing\\Router::toResponse(Object(Illuminate\\Http\\Request), Object(Illuminate\\View\\View))
#13 E:\\SEMESTER 5\\Pemrograman Framework\\BELAJAR\\Inventory_system\\vendor\\laravel\\framework\\src\\Illuminate\\Routing\\Router.php(821): Illuminate\\Routing\\Router->prepareResponse(Object(Illuminate\\Http\\Request), Object(Illuminate\\View\\View))
#14 E:\\SEMESTER 5\\Pemrograman Framework\\BELAJAR\\Inventory_system\\vendor\\laravel\\framework\\src\\Illuminate\\Pipeline\\Pipeline.php(180): Illuminate\\Routing\\Router->Illuminate\\Routing\\{closure}(Object(Illuminate\\Http\\Request))
#15 E:\\SEMESTER 5\\Pemrograman Framework\\BELAJAR\\Inventory_system\\app\\Http\\Middleware\\RoleMiddleware.php(24): Illuminate\\Pipeline\\Pipeline->Illuminate\\Pipeline\\{closure}(Object(Illuminate\\Http\\Request))
#16 E:\\SEMESTER 5\\Pemrograman Framework\\BELAJAR\\Inventory_system\\vendor\\laravel\\framework\\src\\Illuminate\\Pipeline\\Pipeline.php(219): App\\Http\\Middleware\\RoleMiddleware->handle(Object(Illuminate\\Http\\Request), Object(Closure), 'admin|gudang')
#17 E:\\SEMESTER 5\\Pemrograman Framework\\BELAJAR\\Inventory_system\\vendor\\laravel\\framework\\src\\Illuminate\\Routing\\Middleware\\SubstituteBindings.php(50): Illuminate\\Pipeline\\Pipeline->Illuminate\\Pipeline\\{closure}(Object(Illuminate\\Http\\Request))
#18 E:\\SEMESTER 5\\Pemrograman Framework\\BELAJAR\\Inventory_system\\vendor\\laravel\\framework\\src\\Illuminate\\Pipeline\\Pipeline.php(219): Illuminate\\Routing\\Middleware\\SubstituteBindings->handle(Object(Illuminate\\Http\\Request), Object(Closure))
#19 E:\\SEMESTER 5\\Pemrograman Framework\\BELAJAR\\Inventory_system\\vendor\\laravel\\framework\\src\\Illuminate\\Auth\\Middleware\\Authenticate.php(63): Illuminate\\Pipeline\\Pipeline->Illuminate\\Pipeline\\{closure}(Object(Illuminate\\Http\\Request))
#20 E:\\SEMESTER 5\\Pemrograman Framework\\BELAJAR\\Inventory_system\\vendor\\laravel\\framework\\src\\Illuminate\\Pipeline\\Pipeline.php(219): Illuminate\\Auth\\Middleware\\Authenticate->handle(Object(Illuminate\\Http\\Request), Object(Closure))
#21 E:\\SEMESTER 5\\Pemrograman Framework\\BELAJAR\\Inventory_system\\vendor\\laravel\\framework\\src\\Illuminate\\Foundation\\Http\\Middleware\\VerifyCsrfToken.php(87): Illuminate\\Pipeline\\Pipeline->Illuminate\\Pipeline\\{closure}(Object(Illuminate\\Http\\Request))
#22 E:\\SEMESTER 5\\Pemrograman Framework\\BELAJAR\\Inventory_system\\vendor\\laravel\\framework\\src\\Illuminate\\Pipeline\\Pipeline.php(219): Illuminate\\Foundation\\Http\\Middleware\\VerifyCsrfToken->handle(Object(Illuminate\\Http\\Request), Object(Closure))
#23 E:\\SEMESTER 5\\Pemrograman Framework\\BELAJAR\\Inventory_system\\vendor\\laravel\\framework\\src\\Illuminate\\View\\Middleware\\ShareErrorsFromSession.php(48): Illuminate\\Pipeline\\Pipeline->Illuminate\\Pipeline\\{closure}(Object(Illuminate\\Http\\Request))
#24 E:\\SEMESTER 5\\Pemrograman Framework\\BELAJAR\\Inventory_system\\vendor\\laravel\\framework\\src\\Illuminate\\Pipeline\\Pipeline.php(219): Illuminate\\View\\Middleware\\ShareErrorsFromSession->handle(Object(Illuminate\\Http\\Request), Object(Closure))
#25 E:\\SEMESTER 5\\Pemrograman Framework\\BELAJAR\\Inventory_system\\vendor\\laravel\\framework\\src\\Illuminate\\Session\\Middleware\\StartSession.php(120): Illuminate\\Pipeline\\Pipeline->Illuminate\\Pipeline\\{closure}(Object(Illuminate\\Http\\Request))
#26 E:\\SEMESTER 5\\Pemrograman Framework\\BELAJAR\\Inventory_system\\vendor\\laravel\\framework\\src\\Illuminate\\Session\\Middleware\\StartSession.php(63): Illuminate\\Session\\Middleware\\StartSession->handleStatefulRequest(Object(Illuminate\\Http\\Request), Object(Illuminate\\Session\\Store), Object(Closure))
#27 E:\\SEMESTER 5\\Pemrograman Framework\\BELAJAR\\Inventory_system\\vendor\\laravel\\framework\\src\\Illuminate\\Pipeline\\Pipeline.php(219): Illuminate\\Session\\Middleware\\StartSession->handle(Object(Illuminate\\Http\\Request), Object(Closure))
#28 E:\\SEMESTER 5\\Pemrograman Framework\\BELAJAR\\Inventory_system\\vendor\\laravel\\framework\\src\\Illuminate\\Cookie\\Middleware\\AddQueuedCookiesToResponse.php(36): Illuminate\\Pipeline\\Pipeline->Illuminate\\Pipeline\\{closure}(Object(Illuminate\\Http\\Request))
#29 E:\\SEMESTER 5\\Pemrograman Framework\\BELAJAR\\Inventory_system\\vendor\\laravel\\framework\\src\\Illuminate\\Pipeline\\Pipeline.php(219): Illuminate\\Cookie\\Middleware\\AddQueuedCookiesToResponse->handle(Object(Illuminate\\Http\\Request), Object(Closure))
#30 E:\\SEMESTER 5\\Pemrograman Framework\\BELAJAR\\Inventory_system\\vendor\\laravel\\framework\\src\\Illuminate\\Cookie\\Middleware\\EncryptCookies.php(74): Illuminate\\Pipeline\\Pipeline->Illuminate\\Pipeline\\{closure}(Object(Illuminate\\Http\\Request))
#31 E:\\SEMESTER 5\\Pemrograman Framework\\BELAJAR\\Inventory_system\\vendor\\laravel\\framework\\src\\Illuminate\\Pipeline\\Pipeline.php(219): Illuminate\\Cookie\\Middleware\\EncryptCookies->handle(Object(Illuminate\\Http\\Request), Object(Closure))
#32 E:\\SEMESTER 5\\Pemrograman Framework\\BELAJAR\\Inventory_system\\vendor\\laravel\\framework\\src\\Illuminate\\Pipeline\\Pipeline.php(137): Illuminate\\Pipeline\\Pipeline->Illuminate\\Pipeline\\{closure}(Object(Illuminate\\Http\\Request))
#33 E:\\SEMESTER 5\\Pemrograman Framework\\BELAJAR\\Inventory_system\\vendor\\laravel\\framework\\src\\Illuminate\\Routing\\Router.php(821): Illuminate\\Pipeline\\Pipeline->then(Object(Closure))
#34 E:\\SEMESTER 5\\Pemrograman Framework\\BELAJAR\\Inventory_system\\vendor\\laravel\\framework\\src\\Illuminate\\Routing\\Router.php(800): Illuminate\\Routing\\Router->runRouteWithinStack(Object(Illuminate\\Routing\\Route), Object(Illuminate\\Http\\Request))
#35 E:\\SEMESTER 5\\Pemrograman Framework\\BELAJAR\\Inventory_system\\vendor\\laravel\\framework\\src\\Illuminate\\Routing\\Router.php(764): Illuminate\\Routing\\Router->runRoute(Object(Illuminate\\Http\\Request), Object(Illuminate\\Routing\\Route))
#36 E:\\SEMESTER 5\\Pemrograman Framework\\BELAJAR\\Inventory_system\\vendor\\laravel\\framework\\src\\Illuminate\\Routing\\Router.php(753): Illuminate\\Routing\\Router->dispatchToRoute(Object(Illuminate\\Http\\Request))
#37 E:\\SEMESTER 5\\Pemrograman Framework\\BELAJAR\\Inventory_system\\vendor\\laravel\\framework\\src\\Illuminate\\Foundation\\Http\\Kernel.php(200): Illuminate\\Routing\\Router->dispatch(Object(Illuminate\\Http\\Request))
#38 E:\\SEMESTER 5\\Pemrograman Framework\\BELAJAR\\Inventory_system\\vendor\\laravel\\framework\\src\\Illuminate\\Pipeline\\Pipeline.php(180): Illuminate\\Foundation\\Http\\Kernel->Illuminate\\Foundation\\Http\\{closure}(Object(Illuminate\\Http\\Request))
#39 E:\\SEMESTER 5\\Pemrograman Framework\\BELAJAR\\Inventory_system\\vendor\\laravel\\framework\\src\\Illuminate\\Foundation\\Http\\Middleware\\TransformsRequest.php(21): Illuminate\\Pipeline\\Pipeline->Illuminate\\Pipeline\\{closure}(Object(Illuminate\\Http\\Request))
#40 E:\\SEMESTER 5\\Pemrograman Framework\\BELAJAR\\Inventory_system\\vendor\\laravel\\framework\\src\\Illuminate\\Foundation\\Http\\Middleware\\ConvertEmptyStringsToNull.php(31): Illuminate\\Foundation\\Http\\Middleware\\TransformsRequest->handle(Object(Illuminate\\Http\\Request), Object(Closure))
#41 E:\\SEMESTER 5\\Pemrograman Framework\\BELAJAR\\Inventory_system\\vendor\\laravel\\framework\\src\\Illuminate\\Pipeline\\Pipeline.php(219): Illuminate\\Foundation\\Http\\Middleware\\ConvertEmptyStringsToNull->handle(Object(Illuminate\\Http\\Request), Object(Closure))
#42 E:\\SEMESTER 5\\Pemrograman Framework\\BELAJAR\\Inventory_system\\vendor\\laravel\\framework\\src\\Illuminate\\Foundation\\Http\\Middleware\\TransformsRequest.php(21): Illuminate\\Pipeline\\Pipeline->Illuminate\\Pipeline\\{closure}(Object(Illuminate\\Http\\Request))
#43 E:\\SEMESTER 5\\Pemrograman Framework\\BELAJAR\\Inventory_system\\vendor\\laravel\\framework\\src\\Illuminate\\Foundation\\Http\\Middleware\\TrimStrings.php(51): Illuminate\\Foundation\\Http\\Middleware\\TransformsRequest->handle(Object(Illuminate\\Http\\Request), Object(Closure))
#44 E:\\SEMESTER 5\\Pemrograman Framework\\BELAJAR\\Inventory_system\\vendor\\laravel\\framework\\src\\Illuminate\\Pipeline\\Pipeline.php(219): Illuminate\\Foundation\\Http\\Middleware\\TrimStrings->handle(Object(Illuminate\\Http\\Request), Object(Closure))
#45 E:\\SEMESTER 5\\Pemrograman Framework\\BELAJAR\\Inventory_system\\vendor\\laravel\\framework\\src\\Illuminate\\Http\\Middleware\\ValidatePostSize.php(27): Illuminate\\Pipeline\\Pipeline->Illuminate\\Pipeline\\{closure}(Object(Illuminate\\Http\\Request))
#46 E:\\SEMESTER 5\\Pemrograman Framework\\BELAJAR\\Inventory_system\\vendor\\laravel\\framework\\src\\Illuminate\\Pipeline\\Pipeline.php(219): Illuminate\\Http\\Middleware\\ValidatePostSize->handle(Object(Illuminate\\Http\\Request), Object(Closure))
#47 E:\\SEMESTER 5\\Pemrograman Framework\\BELAJAR\\Inventory_system\\vendor\\laravel\\framework\\src\\Illuminate\\Foundation\\Http\\Middleware\\PreventRequestsDuringMaintenance.php(109): Illuminate\\Pipeline\\Pipeline->Illuminate\\Pipeline\\{closure}(Object(Illuminate\\Http\\Request))
#48 E:\\SEMESTER 5\\Pemrograman Framework\\BELAJAR\\Inventory_system\\vendor\\laravel\\framework\\src\\Illuminate\\Pipeline\\Pipeline.php(219): Illuminate\\Foundation\\Http\\Middleware\\PreventRequestsDuringMaintenance->handle(Object(Illuminate\\Http\\Request), Object(Closure))
#49 E:\\SEMESTER 5\\Pemrograman Framework\\BELAJAR\\Inventory_system\\vendor\\laravel\\framework\\src\\Illuminate\\Http\\Middleware\\HandleCors.php(48): Illuminate\\Pipeline\\Pipeline->Illuminate\\Pipeline\\{closure}(Object(Illuminate\\Http\\Request))
#50 E:\\SEMESTER 5\\Pemrograman Framework\\BELAJAR\\Inventory_system\\vendor\\laravel\\framework\\src\\Illuminate\\Pipeline\\Pipeline.php(219): Illuminate\\Http\\Middleware\\HandleCors->handle(Object(Illuminate\\Http\\Request), Object(Closure))
#51 E:\\SEMESTER 5\\Pemrograman Framework\\BELAJAR\\Inventory_system\\vendor\\laravel\\framework\\src\\Illuminate\\Http\\Middleware\\TrustProxies.php(58): Illuminate\\Pipeline\\Pipeline->Illuminate\\Pipeline\\{closure}(Object(Illuminate\\Http\\Request))
#52 E:\\SEMESTER 5\\Pemrograman Framework\\BELAJAR\\Inventory_system\\vendor\\laravel\\framework\\src\\Illuminate\\Pipeline\\Pipeline.php(219): Illuminate\\Http\\Middleware\\TrustProxies->handle(Object(Illuminate\\Http\\Request), Object(Closure))
#53 E:\\SEMESTER 5\\Pemrograman Framework\\BELAJAR\\Inventory_system\\vendor\\laravel\\framework\\src\\Illuminate\\Foundation\\Http\\Middleware\\InvokeDeferredCallbacks.php(22): Illuminate\\Pipeline\\Pipeline->Illuminate\\Pipeline\\{closure}(Object(Illuminate\\Http\\Request))
#54 E:\\SEMESTER 5\\Pemrograman Framework\\BELAJAR\\Inventory_system\\vendor\\laravel\\framework\\src\\Illuminate\\Pipeline\\Pipeline.php(219): Illuminate\\Foundation\\Http\\Middleware\\InvokeDeferredCallbacks->handle(Object(Illuminate\\Http\\Request), Object(Closure))
#55 E:\\SEMESTER 5\\Pemrograman Framework\\BELAJAR\\Inventory_system\\vendor\\laravel\\framework\\src\\Illuminate\\Http\\Middleware\\ValidatePathEncoding.php(26): Illuminate\\Pipeline\\Pipeline->Illuminate\\Pipeline\\{closure}(Object(Illuminate\\Http\\Request))
#56 E:\\SEMESTER 5\\Pemrograman Framework\\BELAJAR\\Inventory_system\\vendor\\laravel\\framework\\src\\Illuminate\\Pipeline\\Pipeline.php(219): Illuminate\\Http\\Middleware\\ValidatePathEncoding->handle(Object(Illuminate\\Http\\Request), Object(Closure))
#57 E:\\SEMESTER 5\\Pemrograman Framework\\BELAJAR\\Inventory_system\\vendor\\laravel\\framework\\src\\Illuminate\\Pipeline\\Pipeline.php(137): Illuminate\\Pipeline\\Pipeline->Illuminate\\Pipeline\\{closure}(Object(Illuminate\\Http\\Request))
#58 E:\\SEMESTER 5\\Pemrograman Framework\\BELAJAR\\Inventory_system\\vendor\\laravel\\framework\\src\\Illuminate\\Foundation\\Http\\Kernel.php(175): Illuminate\\Pipeline\\Pipeline->then(Object(Closure))
#59 E:\\SEMESTER 5\\Pemrograman Framework\\BELAJAR\\Inventory_system\\vendor\\laravel\\framework\\src\\Illuminate\\Foundation\\Http\\Kernel.php(144): Illuminate\\Foundation\\Http\\Kernel->sendRequestThroughRouter(Object(Illuminate\\Http\\Request))
#60 E:\\SEMESTER 5\\Pemrograman Framework\\BELAJAR\\Inventory_system\\vendor\\laravel\\framework\\src\\Illuminate\\Foundation\\Application.php(1220): Illuminate\\Foundation\\Http\\Kernel->handle(Object(Illuminate\\Http\\Request))
#61 E:\\SEMESTER 5\\Pemrograman Framework\\BELAJAR\\Inventory_system\\public\\index.php(20): Illuminate\\Foundation\\Application->handleRequest(Object(Illuminate\\Http\\Request))
#62 E:\\SEMESTER 5\\Pemrograman Framework\\BELAJAR\\Inventory_system\\vendor\\laravel\\framework\\src\\Illuminate\\Foundation\\resources\\server.php(23): require_once('E:\\\\SEMESTER 5\\\\P...')
#63 {main}
"} 
[2025-11-25 18:31:29] local.ERROR: Call to undefined method App\Http\Controllers\BarcodeController::print() {"userId":1,"exception":"[object] (Error(code: 0): Call to undefined method App\\Http\\Controllers\\BarcodeController::print() at E:\\SEMESTER 5\\Pemrograman Framework\\BELAJAR\\Inventory_system\\vendor\\laravel\\framework\\src\\Illuminate\\Routing\\ControllerDispatcher.php:46)
[stacktrace]
#0 E:\\SEMESTER 5\\Pemrograman Framework\\BELAJAR\\Inventory_system\\vendor\\laravel\\framework\\src\\Illuminate\\Routing\\Route.php(265): Illuminate\\Routing\\ControllerDispatcher->dispatch(Object(Illuminate\\Routing\\Route), Object(App\\Http\\Controllers\\BarcodeController), 'print')
#1 E:\\SEMESTER 5\\Pemrograman Framework\\BELAJAR\\Inventory_system\\vendor\\laravel\\framework\\src\\Illuminate\\Routing\\Route.php(211): Illuminate\\Routing\\Route->runController()
#2 E:\\SEMESTER 5\\Pemrograman Framework\\BELAJAR\\Inventory_system\\vendor\\laravel\\framework\\src\\Illuminate\\Routing\\Router.php(822): Illuminate\\Routing\\Route->run()
#3 E:\\SEMESTER 5\\Pemrograman Framework\\BELAJAR\\Inventory_system\\vendor\\laravel\\framework\\src\\Illuminate\\Pipeline\\Pipeline.php(180): Illuminate\\Routing\\Router->Illuminate\\Routing\\{closure}(Object(Illuminate\\Http\\Request))
#4 E:\\SEMESTER 5\\Pemrograman Framework\\BELAJAR\\Inventory_system\\app\\Http\\Middleware\\RoleMiddleware.php(24): Illuminate\\Pipeline\\Pipeline->Illuminate\\Pipeline\\{closure}(Object(Illuminate\\Http\\Request))
#5 E:\\SEMESTER 5\\Pemrograman Framework\\BELAJAR\\Inventory_system\\vendor\\laravel\\framework\\src\\Illuminate\\Pipeline\\Pipeline.php(219): App\\Http\\Middleware\\RoleMiddleware->handle(Object(Illuminate\\Http\\Request), Object(Closure), 'admin|gudang')
#6 E:\\SEMESTER 5\\Pemrograman Framework\\BELAJAR\\Inventory_system\\vendor\\laravel\\framework\\src\\Illuminate\\Routing\\Middleware\\SubstituteBindings.php(50): Illuminate\\Pipeline\\Pipeline->Illuminate\\Pipeline\\{closure}(Object(Illuminate\\Http\\Request))
#7 E:\\SEMESTER 5\\Pemrograman Framework\\BELAJAR\\Inventory_system\\vendor\\laravel\\framework\\src\\Illuminate\\Pipeline\\Pipeline.php(219): Illuminate\\Routing\\Middleware\\SubstituteBindings->handle(Object(Illuminate\\Http\\Request), Object(Closure))
#8 E:\\SEMESTER 5\\Pemrograman Framework\\BELAJAR\\Inventory_system\\vendor\\laravel\\framework\\src\\Illuminate\\Auth\\Middleware\\Authenticate.php(63): Illuminate\\Pipeline\\Pipeline->Illuminate\\Pipeline\\{closure}(Object(Illuminate\\Http\\Request))
#9 E:\\SEMESTER 5\\Pemrograman Framework\\BELAJAR\\Inventory_system\\vendor\\laravel\\framework\\src\\Illuminate\\Pipeline\\Pipeline.php(219): Illuminate\\Auth\\Middleware\\Authenticate->handle(Object(Illuminate\\Http\\Request), Object(Closure))
#10 E:\\SEMESTER 5\\Pemrograman Framework\\BELAJAR\\Inventory_system\\vendor\\laravel\\framework\\src\\Illuminate\\Foundation\\Http\\Middleware\\VerifyCsrfToken.php(87): Illuminate\\Pipeline\\Pipeline->Illuminate\\Pipeline\\{closure}(Object(Illuminate\\Http\\Request))
#11 E:\\SEMESTER 5\\Pemrograman Framework\\BELAJAR\\Inventory_system\\vendor\\laravel\\framework\\src\\Illuminate\\Pipeline\\Pipeline.php(219): Illuminate\\Foundation\\Http\\Middleware\\VerifyCsrfToken->handle(Object(Illuminate\\Http\\Request), Object(Closure))
#12 E:\\SEMESTER 5\\Pemrograman Framework\\BELAJAR\\Inventory_system\\vendor\\laravel\\framework\\src\\Illuminate\\View\\Middleware\\ShareErrorsFromSession.php(48): Illuminate\\Pipeline\\Pipeline->Illuminate\\Pipeline\\{closure}(Object(Illuminate\\Http\\Request))
#13 E:\\SEMESTER 5\\Pemrograman Framework\\BELAJAR\\Inventory_system\\vendor\\laravel\\framework\\src\\Illuminate\\Pipeline\\Pipeline.php(219): Illuminate\\View\\Middleware\\ShareErrorsFromSession->handle(Object(Illuminate\\Http\\Request), Object(Closure))
#14 E:\\SEMESTER 5\\Pemrograman Framework\\BELAJAR\\Inventory_system\\vendor\\laravel\\framework\\src\\Illuminate\\Session\\Middleware\\StartSession.php(120): Illuminate\\Pipeline\\Pipeline->Illuminate\\Pipeline\\{closure}(Object(Illuminate\\Http\\Request))
#15 E:\\SEMESTER 5\\Pemrograman Framework\\BELAJAR\\Inventory_system\\vendor\\laravel\\framework\\src\\Illuminate\\Session\\Middleware\\StartSession.php(63): Illuminate\\Session\\Middleware\\StartSession->handleStatefulRequest(Object(Illuminate\\Http\\Request), Object(Illuminate\\Session\\Store), Object(Closure))
#16 E:\\SEMESTER 5\\Pemrograman Framework\\BELAJAR\\Inventory_system\\vendor\\laravel\\framework\\src\\Illuminate\\Pipeline\\Pipeline.php(219): Illuminate\\Session\\Middleware\\StartSession->handle(Object(Illuminate\\Http\\Request), Object(Closure))
#17 E:\\SEMESTER 5\\Pemrograman Framework\\BELAJAR\\Inventory_system\\vendor\\laravel\\framework\\src\\Illuminate\\Cookie\\Middleware\\AddQueuedCookiesToResponse.php(36): Illuminate\\Pipeline\\Pipeline->Illuminate\\Pipeline\\{closure}(Object(Illuminate\\Http\\Request))
#18 E:\\SEMESTER 5\\Pemrograman Framework\\BELAJAR\\Inventory_system\\vendor\\laravel\\framework\\src\\Illuminate\\Pipeline\\Pipeline.php(219): Illuminate\\Cookie\\Middleware\\AddQueuedCookiesToResponse->handle(Object(Illuminate\\Http\\Request), Object(Closure))
#19 E:\\SEMESTER 5\\Pemrograman Framework\\BELAJAR\\Inventory_system\\vendor\\laravel\\framework\\src\\Illuminate\\Cookie\\Middleware\\EncryptCookies.php(74): Illuminate\\Pipeline\\Pipeline->Illuminate\\Pipeline\\{closure}(Object(Illuminate\\Http\\Request))
#20 E:\\SEMESTER 5\\Pemrograman Framework\\BELAJAR\\Inventory_system\\vendor\\laravel\\framework\\src\\Illuminate\\Pipeline\\Pipeline.php(219): Illuminate\\Cookie\\Middleware\\EncryptCookies->handle(Object(Illuminate\\Http\\Request), Object(Closure))
#21 E:\\SEMESTER 5\\Pemrograman Framework\\BELAJAR\\Inventory_system\\vendor\\laravel\\framework\\src\\Illuminate\\Pipeline\\Pipeline.php(137): Illuminate\\Pipeline\\Pipeline->Illuminate\\Pipeline\\{closure}(Object(Illuminate\\Http\\Request))
#22 E:\\SEMESTER 5\\Pemrograman Framework\\BELAJAR\\Inventory_system\\vendor\\laravel\\framework\\src\\Illuminate\\Routing\\Router.php(821): Illuminate\\Pipeline\\Pipeline->then(Object(Closure))
#23 E:\\SEMESTER 5\\Pemrograman Framework\\BELAJAR\\Inventory_system\\vendor\\laravel\\framework\\src\\Illuminate\\Routing\\Router.php(800): Illuminate\\Routing\\Router->runRouteWithinStack(Object(Illuminate\\Routing\\Route), Object(Illuminate\\Http\\Request))
#24 E:\\SEMESTER 5\\Pemrograman Framework\\BELAJAR\\Inventory_system\\vendor\\laravel\\framework\\src\\Illuminate\\Routing\\Router.php(764): Illuminate\\Routing\\Router->runRoute(Object(Illuminate\\Http\\Request), Object(Illuminate\\Routing\\Route))
#25 E:\\SEMESTER 5\\Pemrograman Framework\\BELAJAR\\Inventory_system\\vendor\\laravel\\framework\\src\\Illuminate\\Routing\\Router.php(753): Illuminate\\Routing\\Router->dispatchToRoute(Object(Illuminate\\Http\\Request))
#26 E:\\SEMESTER 5\\Pemrograman Framework\\BELAJAR\\Inventory_system\\vendor\\laravel\\framework\\src\\Illuminate\\Foundation\\Http\\Kernel.php(200): Illuminate\\Routing\\Router->dispatch(Object(Illuminate\\Http\\Request))
#27 E:\\SEMESTER 5\\Pemrograman Framework\\BELAJAR\\Inventory_system\\vendor\\laravel\\framework\\src\\Illuminate\\Pipeline\\Pipeline.php(180): Illuminate\\Foundation\\Http\\Kernel->Illuminate\\Foundation\\Http\\{closure}(Object(Illuminate\\Http\\Request))
#28 E:\\SEMESTER 5\\Pemrograman Framework\\BELAJAR\\Inventory_system\\vendor\\laravel\\framework\\src\\Illuminate\\Foundation\\Http\\Middleware\\TransformsRequest.php(21): Illuminate\\Pipeline\\Pipeline->Illuminate\\Pipeline\\{closure}(Object(Illuminate\\Http\\Request))
#29 E:\\SEMESTER 5\\Pemrograman Framework\\BELAJAR\\Inventory_system\\vendor\\laravel\\framework\\src\\Illuminate\\Foundation\\Http\\Middleware\\ConvertEmptyStringsToNull.php(31): Illuminate\\Foundation\\Http\\Middleware\\TransformsRequest->handle(Object(Illuminate\\Http\\Request), Object(Closure))
#30 E:\\SEMESTER 5\\Pemrograman Framework\\BELAJAR\\Inventory_system\\vendor\\laravel\\framework\\src\\Illuminate\\Pipeline\\Pipeline.php(219): Illuminate\\Foundation\\Http\\Middleware\\ConvertEmptyStringsToNull->handle(Object(Illuminate\\Http\\Request), Object(Closure))
#31 E:\\SEMESTER 5\\Pemrograman Framework\\BELAJAR\\Inventory_system\\vendor\\laravel\\framework\\src\\Illuminate\\Foundation\\Http\\Middleware\\TransformsRequest.php(21): Illuminate\\Pipeline\\Pipeline->Illuminate\\Pipeline\\{closure}(Object(Illuminate\\Http\\Request))
#32 E:\\SEMESTER 5\\Pemrograman Framework\\BELAJAR\\Inventory_system\\vendor\\laravel\\framework\\src\\Illuminate\\Foundation\\Http\\Middleware\\TrimStrings.php(51): Illuminate\\Foundation\\Http\\Middleware\\TransformsRequest->handle(Object(Illuminate\\Http\\Request), Object(Closure))
#33 E:\\SEMESTER 5\\Pemrograman Framework\\BELAJAR\\Inventory_system\\vendor\\laravel\\framework\\src\\Illuminate\\Pipeline\\Pipeline.php(219): Illuminate\\Foundation\\Http\\Middleware\\TrimStrings->handle(Object(Illuminate\\Http\\Request), Object(Closure))
#34 E:\\SEMESTER 5\\Pemrograman Framework\\BELAJAR\\Inventory_system\\vendor\\laravel\\framework\\src\\Illuminate\\Http\\Middleware\\ValidatePostSize.php(27): Illuminate\\Pipeline\\Pipeline->Illuminate\\Pipeline\\{closure}(Object(Illuminate\\Http\\Request))
#35 E:\\SEMESTER 5\\Pemrograman Framework\\BELAJAR\\Inventory_system\\vendor\\laravel\\framework\\src\\Illuminate\\Pipeline\\Pipeline.php(219): Illuminate\\Http\\Middleware\\ValidatePostSize->handle(Object(Illuminate\\Http\\Request), Object(Closure))
#36 E:\\SEMESTER 5\\Pemrograman Framework\\BELAJAR\\Inventory_system\\vendor\\laravel\\framework\\src\\Illuminate\\Foundation\\Http\\Middleware\\PreventRequestsDuringMaintenance.php(109): Illuminate\\Pipeline\\Pipeline->Illuminate\\Pipeline\\{closure}(Object(Illuminate\\Http\\Request))
#37 E:\\SEMESTER 5\\Pemrograman Framework\\BELAJAR\\Inventory_system\\vendor\\laravel\\framework\\src\\Illuminate\\Pipeline\\Pipeline.php(219): Illuminate\\Foundation\\Http\\Middleware\\PreventRequestsDuringMaintenance->handle(Object(Illuminate\\Http\\Request), Object(Closure))
#38 E:\\SEMESTER 5\\Pemrograman Framework\\BELAJAR\\Inventory_system\\vendor\\laravel\\framework\\src\\Illuminate\\Http\\Middleware\\HandleCors.php(48): Illuminate\\Pipeline\\Pipeline->Illuminate\\Pipeline\\{closure}(Object(Illuminate\\Http\\Request))
#39 E:\\SEMESTER 5\\Pemrograman Framework\\BELAJAR\\Inventory_system\\vendor\\laravel\\framework\\src\\Illuminate\\Pipeline\\Pipeline.php(219): Illuminate\\Http\\Middleware\\HandleCors->handle(Object(Illuminate\\Http\\Request), Object(Closure))
#40 E:\\SEMESTER 5\\Pemrograman Framework\\BELAJAR\\Inventory_system\\vendor\\laravel\\framework\\src\\Illuminate\\Http\\Middleware\\TrustProxies.php(58): Illuminate\\Pipeline\\Pipeline->Illuminate\\Pipeline\\{closure}(Object(Illuminate\\Http\\Request))
#41 E:\\SEMESTER 5\\Pemrograman Framework\\BELAJAR\\Inventory_system\\vendor\\laravel\\framework\\src\\Illuminate\\Pipeline\\Pipeline.php(219): Illuminate\\Http\\Middleware\\TrustProxies->handle(Object(Illuminate\\Http\\Request), Object(Closure))
#42 E:\\SEMESTER 5\\Pemrograman Framework\\BELAJAR\\Inventory_system\\vendor\\laravel\\framework\\src\\Illuminate\\Foundation\\Http\\Middleware\\InvokeDeferredCallbacks.php(22): Illuminate\\Pipeline\\Pipeline->Illuminate\\Pipeline\\{closure}(Object(Illuminate\\Http\\Request))
#43 E:\\SEMESTER 5\\Pemrograman Framework\\BELAJAR\\Inventory_system\\vendor\\laravel\\framework\\src\\Illuminate\\Pipeline\\Pipeline.php(219): Illuminate\\Foundation\\Http\\Middleware\\InvokeDeferredCallbacks->handle(Object(Illuminate\\Http\\Request), Object(Closure))
#44 E:\\SEMESTER 5\\Pemrograman Framework\\BELAJAR\\Inventory_system\\vendor\\laravel\\framework\\src\\Illuminate\\Http\\Middleware\\ValidatePathEncoding.php(26): Illuminate\\Pipeline\\Pipeline->Illuminate\\Pipeline\\{closure}(Object(Illuminate\\Http\\Request))
#45 E:\\SEMESTER 5\\Pemrograman Framework\\BELAJAR\\Inventory_system\\vendor\\laravel\\framework\\src\\Illuminate\\Pipeline\\Pipeline.php(219): Illuminate\\Http\\Middleware\\ValidatePathEncoding->handle(Object(Illuminate\\Http\\Request), Object(Closure))
#46 E:\\SEMESTER 5\\Pemrograman Framework\\BELAJAR\\Inventory_system\\vendor\\laravel\\framework\\src\\Illuminate\\Pipeline\\Pipeline.php(137): Illuminate\\Pipeline\\Pipeline->Illuminate\\Pipeline\\{closure}(Object(Illuminate\\Http\\Request))
#47 E:\\SEMESTER 5\\Pemrograman Framework\\BELAJAR\\Inventory_system\\vendor\\laravel\\framework\\src\\Illuminate\\Foundation\\Http\\Kernel.php(175): Illuminate\\Pipeline\\Pipeline->then(Object(Closure))
#48 E:\\SEMESTER 5\\Pemrograman Framework\\BELAJAR\\Inventory_system\\vendor\\laravel\\framework\\src\\Illuminate\\Foundation\\Http\\Kernel.php(144): Illuminate\\Foundation\\Http\\Kernel->sendRequestThroughRouter(Object(Illuminate\\Http\\Request))
#49 E:\\SEMESTER 5\\Pemrograman Framework\\BELAJAR\\Inventory_system\\vendor\\laravel\\framework\\src\\Illuminate\\Foundation\\Application.php(1220): Illuminate\\Foundation\\Http\\Kernel->handle(Object(Illuminate\\Http\\Request))
#50 E:\\SEMESTER 5\\Pemrograman Framework\\BELAJAR\\Inventory_system\\public\\index.php(20): Illuminate\\Foundation\\Application->handleRequest(Object(Illuminate\\Http\\Request))
#51 E:\\SEMESTER 5\\Pemrograman Framework\\BELAJAR\\Inventory_system\\vendor\\laravel\\framework\\src\\Illuminate\\Foundation\\resources\\server.php(23): require_once('E:\\\\SEMESTER 5\\\\P...')
#52 {main}
"} 
[2025-11-25 18:31:30] local.ERROR: Route [barcodes.print_one] not defined. (View: E:\SEMESTER 5\Pemrograman Framework\BELAJAR\Inventory_system\resources\views\products\index.blade.php) {"userId":1,"exception":"[object] (Illuminate\\View\\ViewException(code: 0): Route [barcodes.print_one] not defined. (View: E:\\SEMESTER 5\\Pemrograman Framework\\BELAJAR\\Inventory_system\\resources\\views\\products\\index.blade.php) at E:\\SEMESTER 5\\Pemrograman Framework\\BELAJAR\\Inventory_system\\vendor\\laravel\\framework\\src\\Illuminate\\Routing\\UrlGenerator.php:526)
[stacktrace]
#0 E:\\SEMESTER 5\\Pemrograman Framework\\BELAJAR\\Inventory_system\\vendor\\laravel\\framework\\src\\Illuminate\\View\\Engines\\PhpEngine.php(59): Illuminate\\View\\Engines\\CompilerEngine->handleViewException(Object(Symfony\\Component\\Routing\\Exception\\RouteNotFoundException), 1)
#1 E:\\SEMESTER 5\\Pemrograman Framework\\BELAJAR\\Inventory_system\\vendor\\laravel\\framework\\src\\Illuminate\\View\\Engines\\CompilerEngine.php(76): Illuminate\\View\\Engines\\PhpEngine->evaluatePath('E:\\\\SEMESTER 5\\\\P...', Array)
#2 E:\\SEMESTER 5\\Pemrograman Framework\\BELAJAR\\Inventory_system\\vendor\\laravel\\framework\\src\\Illuminate\\View\\View.php(208): Illuminate\\View\\Engines\\CompilerEngine->get('E:\\\\SEMESTER 5\\\\P...', Array)
#3 E:\\SEMESTER 5\\Pemrograman Framework\\BELAJAR\\Inventory_system\\vendor\\laravel\\framework\\src\\Illuminate\\View\\View.php(191): Illuminate\\View\\View->getContents()
#4 E:\\SEMESTER 5\\Pemrograman Framework\\BELAJAR\\Inventory_system\\vendor\\laravel\\framework\\src\\Illuminate\\View\\View.php(160): Illuminate\\View\\View->renderContents()
#5 E:\\SEMESTER 5\\Pemrograman Framework\\BELAJAR\\Inventory_system\\vendor\\laravel\\framework\\src\\Illuminate\\Http\\Response.php(78): Illuminate\\View\\View->render()
#6 E:\\SEMESTER 5\\Pemrograman Framework\\BELAJAR\\Inventory_system\\vendor\\laravel\\framework\\src\\Illuminate\\Http\\Response.php(34): Illuminate\\Http\\Response->setContent(Object(Illuminate\\View\\View))
#7 E:\\SEMESTER 5\\Pemrograman Framework\\BELAJAR\\Inventory_system\\vendor\\laravel\\framework\\src\\Illuminate\\Routing\\Router.php(939): Illuminate\\Http\\Response->__construct(Object(Illuminate\\View\\View), 200, Array)
#8 E:\\SEMESTER 5\\Pemrograman Framework\\BELAJAR\\Inventory_system\\vendor\\laravel\\framework\\src\\Illuminate\\Routing\\Router.php(906): Illuminate\\Routing\\Router::toResponse(Object(Illuminate\\Http\\Request), Object(Illuminate\\View\\View))
#9 E:\\SEMESTER 5\\Pemrograman Framework\\BELAJAR\\Inventory_system\\vendor\\laravel\\framework\\src\\Illuminate\\Routing\\Router.php(821): Illuminate\\Routing\\Router->prepareResponse(Object(Illuminate\\Http\\Request), Object(Illuminate\\View\\View))
#10 E:\\SEMESTER 5\\Pemrograman Framework\\BELAJAR\\Inventory_system\\vendor\\laravel\\framework\\src\\Illuminate\\Pipeline\\Pipeline.php(180): Illuminate\\Routing\\Router->Illuminate\\Routing\\{closure}(Object(Illuminate\\Http\\Request))
#11 E:\\SEMESTER 5\\Pemrograman Framework\\BELAJAR\\Inventory_system\\app\\Http\\Middleware\\RoleMiddleware.php(24): Illuminate\\Pipeline\\Pipeline->Illuminate\\Pipeline\\{closure}(Object(Illuminate\\Http\\Request))
#12 E:\\SEMESTER 5\\Pemrograman Framework\\BELAJAR\\Inventory_system\\vendor\\laravel\\framework\\src\\Illuminate\\Pipeline\\Pipeline.php(219): App\\Http\\Middleware\\RoleMiddleware->handle(Object(Illuminate\\Http\\Request), Object(Closure), 'admin|gudang')
#13 E:\\SEMESTER 5\\Pemrograman Framework\\BELAJAR\\Inventory_system\\vendor\\laravel\\framework\\src\\Illuminate\\Routing\\Middleware\\SubstituteBindings.php(50): Illuminate\\Pipeline\\Pipeline->Illuminate\\Pipeline\\{closure}(Object(Illuminate\\Http\\Request))
#14 E:\\SEMESTER 5\\Pemrograman Framework\\BELAJAR\\Inventory_system\\vendor\\laravel\\framework\\src\\Illuminate\\Pipeline\\Pipeline.php(219): Illuminate\\Routing\\Middleware\\SubstituteBindings->handle(Object(Illuminate\\Http\\Request), Object(Closure))
#15 E:\\SEMESTER 5\\Pemrograman Framework\\BELAJAR\\Inventory_system\\vendor\\laravel\\framework\\src\\Illuminate\\Auth\\Middleware\\Authenticate.php(63): Illuminate\\Pipeline\\Pipeline->Illuminate\\Pipeline\\{closure}(Object(Illuminate\\Http\\Request))
#16 E:\\SEMESTER 5\\Pemrograman Framework\\BELAJAR\\Inventory_system\\vendor\\laravel\\framework\\src\\Illuminate\\Pipeline\\Pipeline.php(219): Illuminate\\Auth\\Middleware\\Authenticate->handle(Object(Illuminate\\Http\\Request), Object(Closure))
#17 E:\\SEMESTER 5\\Pemrograman Framework\\BELAJAR\\Inventory_system\\vendor\\laravel\\framework\\src\\Illuminate\\Foundation\\Http\\Middleware\\VerifyCsrfToken.php(87): Illuminate\\Pipeline\\Pipeline->Illuminate\\Pipeline\\{closure}(Object(Illuminate\\Http\\Request))
#18 E:\\SEMESTER 5\\Pemrograman Framework\\BELAJAR\\Inventory_system\\vendor\\laravel\\framework\\src\\Illuminate\\Pipeline\\Pipeline.php(219): Illuminate\\Foundation\\Http\\Middleware\\VerifyCsrfToken->handle(Object(Illuminate\\Http\\Request), Object(Closure))
#19 E:\\SEMESTER 5\\Pemrograman Framework\\BELAJAR\\Inventory_system\\vendor\\laravel\\framework\\src\\Illuminate\\View\\Middleware\\ShareErrorsFromSession.php(48): Illuminate\\Pipeline\\Pipeline->Illuminate\\Pipeline\\{closure}(Object(Illuminate\\Http\\Request))
#20 E:\\SEMESTER 5\\Pemrograman Framework\\BELAJAR\\Inventory_system\\vendor\\laravel\\framework\\src\\Illuminate\\Pipeline\\Pipeline.php(219): Illuminate\\View\\Middleware\\ShareErrorsFromSession->handle(Object(Illuminate\\Http\\Request), Object(Closure))
#21 E:\\SEMESTER 5\\Pemrograman Framework\\BELAJAR\\Inventory_system\\vendor\\laravel\\framework\\src\\Illuminate\\Session\\Middleware\\StartSession.php(120): Illuminate\\Pipeline\\Pipeline->Illuminate\\Pipeline\\{closure}(Object(Illuminate\\Http\\Request))
#22 E:\\SEMESTER 5\\Pemrograman Framework\\BELAJAR\\Inventory_system\\vendor\\laravel\\framework\\src\\Illuminate\\Session\\Middleware\\StartSession.php(63): Illuminate\\Session\\Middleware\\StartSession->handleStatefulRequest(Object(Illuminate\\Http\\Request), Object(Illuminate\\Session\\Store), Object(Closure))
#23 E:\\SEMESTER 5\\Pemrograman Framework\\BELAJAR\\Inventory_system\\vendor\\laravel\\framework\\src\\Illuminate\\Pipeline\\Pipeline.php(219): Illuminate\\Session\\Middleware\\StartSession->handle(Object(Illuminate\\Http\\Request), Object(Closure))
#24 E:\\SEMESTER 5\\Pemrograman Framework\\BELAJAR\\Inventory_system\\vendor\\laravel\\framework\\src\\Illuminate\\Cookie\\Middleware\\AddQueuedCookiesToResponse.php(36): Illuminate\\Pipeline\\Pipeline->Illuminate\\Pipeline\\{closure}(Object(Illuminate\\Http\\Request))
#25 E:\\SEMESTER 5\\Pemrograman Framework\\BELAJAR\\Inventory_system\\vendor\\laravel\\framework\\src\\Illuminate\\Pipeline\\Pipeline.php(219): Illuminate\\Cookie\\Middleware\\AddQueuedCookiesToResponse->handle(Object(Illuminate\\Http\\Request), Object(Closure))
#26 E:\\SEMESTER 5\\Pemrograman Framework\\BELAJAR\\Inventory_system\\vendor\\laravel\\framework\\src\\Illuminate\\Cookie\\Middleware\\EncryptCookies.php(74): Illuminate\\Pipeline\\Pipeline->Illuminate\\Pipeline\\{closure}(Object(Illuminate\\Http\\Request))
#27 E:\\SEMESTER 5\\Pemrograman Framework\\BELAJAR\\Inventory_system\\vendor\\laravel\\framework\\src\\Illuminate\\Pipeline\\Pipeline.php(219): Illuminate\\Cookie\\Middleware\\EncryptCookies->handle(Object(Illuminate\\Http\\Request), Object(Closure))
#28 E:\\SEMESTER 5\\Pemrograman Framework\\BELAJAR\\Inventory_system\\vendor\\laravel\\framework\\src\\Illuminate\\Pipeline\\Pipeline.php(137): Illuminate\\Pipeline\\Pipeline->Illuminate\\Pipeline\\{closure}(Object(Illuminate\\Http\\Request))
#29 E:\\SEMESTER 5\\Pemrograman Framework\\BELAJAR\\Inventory_system\\vendor\\laravel\\framework\\src\\Illuminate\\Routing\\Router.php(821): Illuminate\\Pipeline\\Pipeline->then(Object(Closure))
#30 E:\\SEMESTER 5\\Pemrograman Framework\\BELAJAR\\Inventory_system\\vendor\\laravel\\framework\\src\\Illuminate\\Routing\\Router.php(800): Illuminate\\Routing\\Router->runRouteWithinStack(Object(Illuminate\\Routing\\Route), Object(Illuminate\\Http\\Request))
#31 E:\\SEMESTER 5\\Pemrograman Framework\\BELAJAR\\Inventory_system\\vendor\\laravel\\framework\\src\\Illuminate\\Routing\\Router.php(764): Illuminate\\Routing\\Router->runRoute(Object(Illuminate\\Http\\Request), Object(Illuminate\\Routing\\Route))
#32 E:\\SEMESTER 5\\Pemrograman Framework\\BELAJAR\\Inventory_system\\vendor\\laravel\\framework\\src\\Illuminate\\Routing\\Router.php(753): Illuminate\\Routing\\Router->dispatchToRoute(Object(Illuminate\\Http\\Request))
#33 E:\\SEMESTER 5\\Pemrograman Framework\\BELAJAR\\Inventory_system\\vendor\\laravel\\framework\\src\\Illuminate\\Foundation\\Http\\Kernel.php(200): Illuminate\\Routing\\Router->dispatch(Object(Illuminate\\Http\\Request))
#34 E:\\SEMESTER 5\\Pemrograman Framework\\BELAJAR\\Inventory_system\\vendor\\laravel\\framework\\src\\Illuminate\\Pipeline\\Pipeline.php(180): Illuminate\\Foundation\\Http\\Kernel->Illuminate\\Foundation\\Http\\{closure}(Object(Illuminate\\Http\\Request))
#35 E:\\SEMESTER 5\\Pemrograman Framework\\BELAJAR\\Inventory_system\\vendor\\laravel\\framework\\src\\Illuminate\\Foundation\\Http\\Middleware\\TransformsRequest.php(21): Illuminate\\Pipeline\\Pipeline->Illuminate\\Pipeline\\{closure}(Object(Illuminate\\Http\\Request))
#36 E:\\SEMESTER 5\\Pemrograman Framework\\BELAJAR\\Inventory_system\\vendor\\laravel\\framework\\src\\Illuminate\\Foundation\\Http\\Middleware\\ConvertEmptyStringsToNull.php(31): Illuminate\\Foundation\\Http\\Middleware\\TransformsRequest->handle(Object(Illuminate\\Http\\Request), Object(Closure))
#37 E:\\SEMESTER 5\\Pemrograman Framework\\BELAJAR\\Inventory_system\\vendor\\laravel\\framework\\src\\Illuminate\\Pipeline\\Pipeline.php(219): Illuminate\\Foundation\\Http\\Middleware\\ConvertEmptyStringsToNull->handle(Object(Illuminate\\Http\\Request), Object(Closure))
#38 E:\\SEMESTER 5\\Pemrograman Framework\\BELAJAR\\Inventory_system\\vendor\\laravel\\framework\\src\\Illuminate\\Foundation\\Http\\Middleware\\TransformsRequest.php(21): Illuminate\\Pipeline\\Pipeline->Illuminate\\Pipeline\\{closure}(Object(Illuminate\\Http\\Request))
#39 E:\\SEMESTER 5\\Pemrograman Framework\\BELAJAR\\Inventory_system\\vendor\\laravel\\framework\\src\\Illuminate\\Foundation\\Http\\Middleware\\TrimStrings.php(51): Illuminate\\Foundation\\Http\\Middleware\\TransformsRequest->handle(Object(Illuminate\\Http\\Request), Object(Closure))
#40 E:\\SEMESTER 5\\Pemrograman Framework\\BELAJAR\\Inventory_system\\vendor\\laravel\\framework\\src\\Illuminate\\Pipeline\\Pipeline.php(219): Illuminate\\Foundation\\Http\\Middleware\\TrimStrings->handle(Object(Illuminate\\Http\\Request), Object(Closure))
#41 E:\\SEMESTER 5\\Pemrograman Framework\\BELAJAR\\Inventory_system\\vendor\\laravel\\framework\\src\\Illuminate\\Http\\Middleware\\ValidatePostSize.php(27): Illuminate\\Pipeline\\Pipeline->Illuminate\\Pipeline\\{closure}(Object(Illuminate\\Http\\Request))
#42 E:\\SEMESTER 5\\Pemrograman Framework\\BELAJAR\\Inventory_system\\vendor\\laravel\\framework\\src\\Illuminate\\Pipeline\\Pipeline.php(219): Illuminate\\Http\\Middleware\\ValidatePostSize->handle(Object(Illuminate\\Http\\Request), Object(Closure))
#43 E:\\SEMESTER 5\\Pemrograman Framework\\BELAJAR\\Inventory_system\\vendor\\laravel\\framework\\src\\Illuminate\\Foundation\\Http\\Middleware\\PreventRequestsDuringMaintenance.php(109): Illuminate\\Pipeline\\Pipeline->Illuminate\\Pipeline\\{closure}(Object(Illuminate\\Http\\Request))
#44 E:\\SEMESTER 5\\Pemrograman Framework\\BELAJAR\\Inventory_system\\vendor\\laravel\\framework\\src\\Illuminate\\Pipeline\\Pipeline.php(219): Illuminate\\Foundation\\Http\\Middleware\\PreventRequestsDuringMaintenance->handle(Object(Illuminate\\Http\\Request), Object(Closure))
#45 E:\\SEMESTER 5\\Pemrograman Framework\\BELAJAR\\Inventory_system\\vendor\\laravel\\framework\\src\\Illuminate\\Http\\Middleware\\HandleCors.php(48): Illuminate\\Pipeline\\Pipeline->Illuminate\\Pipeline\\{closure}(Object(Illuminate\\Http\\Request))
#46 E:\\SEMESTER 5\\Pemrograman Framework\\BELAJAR\\Inventory_system\\vendor\\laravel\\framework\\src\\Illuminate\\Pipeline\\Pipeline.php(219): Illuminate\\Http\\Middleware\\HandleCors->handle(Object(Illuminate\\Http\\Request), Object(Closure))
#47 E:\\SEMESTER 5\\Pemrograman Framework\\BELAJAR\\Inventory_system\\vendor\\laravel\\framework\\src\\Illuminate\\Http\\Middleware\\TrustProxies.php(58): Illuminate\\Pipeline\\Pipeline->Illuminate\\Pipeline\\{closure}(Object(Illuminate\\Http\\Request))
#48 E:\\SEMESTER 5\\Pemrograman Framework\\BELAJAR\\Inventory_system\\vendor\\laravel\\framework\\src\\Illuminate\\Pipeline\\Pipeline.php(219): Illuminate\\Http\\Middleware\\TrustProxies->handle(Object(Illuminate\\Http\\Request), Object(Closure))
#49 E:\\SEMESTER 5\\Pemrograman Framework\\BELAJAR\\Inventory_system\\vendor\\laravel\\framework\\src\\Illuminate\\Foundation\\Http\\Middleware\\InvokeDeferredCallbacks.php(22): Illuminate\\Pipeline\\Pipeline->Illuminate\\Pipeline\\{closure}(Object(Illuminate\\Http\\Request))
#50 E:\\SEMESTER 5\\Pemrograman Framework\\BELAJAR\\Inventory_system\\vendor\\laravel\\framework\\src\\Illuminate\\Pipeline\\Pipeline.php(219): Illuminate\\Foundation\\Http\\Middleware\\InvokeDeferredCallbacks->handle(Object(Illuminate\\Http\\Request), Object(Closure))
#51 E:\\SEMESTER 5\\Pemrograman Framework\\BELAJAR\\Inventory_system\\vendor\\laravel\\framework\\src\\Illuminate\\Http\\Middleware\\ValidatePathEncoding.php(26): Illuminate\\Pipeline\\Pipeline->Illuminate\\Pipeline\\{closure}(Object(Illuminate\\Http\\Request))
#52 E:\\SEMESTER 5\\Pemrograman Framework\\BELAJAR\\Inventory_system\\vendor\\laravel\\framework\\src\\Illuminate\\Pipeline\\Pipeline.php(219): Illuminate\\Http\\Middleware\\ValidatePathEncoding->handle(Object(Illuminate\\Http\\Request), Object(Closure))
#53 E:\\SEMESTER 5\\Pemrograman Framework\\BELAJAR\\Inventory_system\\vendor\\laravel\\framework\\src\\Illuminate\\Pipeline\\Pipeline.php(137): Illuminate\\Pipeline\\Pipeline->Illuminate\\Pipeline\\{closure}(Object(Illuminate\\Http\\Request))
#54 E:\\SEMESTER 5\\Pemrograman Framework\\BELAJAR\\Inventory_system\\vendor\\laravel\\framework\\src\\Illuminate\\Foundation\\Http\\Kernel.php(175): Illuminate\\Pipeline\\Pipeline->then(Object(Closure))
#55 E:\\SEMESTER 5\\Pemrograman Framework\\BELAJAR\\Inventory_system\\vendor\\laravel\\framework\\src\\Illuminate\\Foundation\\Http\\Kernel.php(144): Illuminate\\Foundation\\Http\\Kernel->sendRequestThroughRouter(Object(Illuminate\\Http\\Request))
#56 E:\\SEMESTER 5\\Pemrograman Framework\\BELAJAR\\Inventory_system\\vendor\\laravel\\framework\\src\\Illuminate\\Foundation\\Application.php(1220): Illuminate\\Foundation\\Http\\Kernel->handle(Object(Illuminate\\Http\\Request))
#57 E:\\SEMESTER 5\\Pemrograman Framework\\BELAJAR\\Inventory_system\\public\\index.php(20): Illuminate\\Foundation\\Application->handleRequest(Object(Illuminate\\Http\\Request))
#58 E:\\SEMESTER 5\\Pemrograman Framework\\BELAJAR\\Inventory_system\\vendor\\laravel\\framework\\src\\Illuminate\\Foundation\\resources\\server.php(23): require_once('E:\\\\SEMESTER 5\\\\P...')
#59 {main}

[previous exception] [object] (Symfony\\Component\\Routing\\Exception\\RouteNotFoundException(code: 0): Route [barcodes.print_one] not defined. at E:\\SEMESTER 5\\Pemrograman Framework\\BELAJAR\\Inventory_system\\vendor\\laravel\\framework\\src\\Illuminate\\Routing\\UrlGenerator.php:526)
[stacktrace]
#0 E:\\SEMESTER 5\\Pemrograman Framework\\BELAJAR\\Inventory_system\\vendor\\laravel\\framework\\src\\Illuminate\\Foundation\\helpers.php(871): Illuminate\\Routing\\UrlGenerator->route('barcodes.print_...', 2, true)
#1 E:\\SEMESTER 5\\Pemrograman Framework\\BELAJAR\\Inventory_system\\storage\\framework\\views\\66528fdca0c9db726d65ff1995961ffd.php(74): route('barcodes.print_...', 2)
#2 E:\\SEMESTER 5\\Pemrograman Framework\\BELAJAR\\Inventory_system\\vendor\\laravel\\framework\\src\\Illuminate\\Filesystem\\Filesystem.php(123): require('E:\\\\SEMESTER 5\\\\P...')
#3 E:\\SEMESTER 5\\Pemrograman Framework\\BELAJAR\\Inventory_system\\vendor\\laravel\\framework\\src\\Illuminate\\Filesystem\\Filesystem.php(124): Illuminate\\Filesystem\\Filesystem::Illuminate\\Filesystem\\{closure}()
#4 E:\\SEMESTER 5\\Pemrograman Framework\\BELAJAR\\Inventory_system\\vendor\\laravel\\framework\\src\\Illuminate\\View\\Engines\\PhpEngine.php(57): Illuminate\\Filesystem\\Filesystem->getRequire('E:\\\\SEMESTER 5\\\\P...', Array)
#5 E:\\SEMESTER 5\\Pemrograman Framework\\BELAJAR\\Inventory_system\\vendor\\laravel\\framework\\src\\Illuminate\\View\\Engines\\CompilerEngine.php(76): Illuminate\\View\\Engines\\PhpEngine->evaluatePath('E:\\\\SEMESTER 5\\\\P...', Array)
#6 E:\\SEMESTER 5\\Pemrograman Framework\\BELAJAR\\Inventory_system\\vendor\\laravel\\framework\\src\\Illuminate\\View\\View.php(208): Illuminate\\View\\Engines\\CompilerEngine->get('E:\\\\SEMESTER 5\\\\P...', Array)
#7 E:\\SEMESTER 5\\Pemrograman Framework\\BELAJAR\\Inventory_system\\vendor\\laravel\\framework\\src\\Illuminate\\View\\View.php(191): Illuminate\\View\\View->getContents()
#8 E:\\SEMESTER 5\\Pemrograman Framework\\BELAJAR\\Inventory_system\\vendor\\laravel\\framework\\src\\Illuminate\\View\\View.php(160): Illuminate\\View\\View->renderContents()
#9 E:\\SEMESTER 5\\Pemrograman Framework\\BELAJAR\\Inventory_system\\vendor\\laravel\\framework\\src\\Illuminate\\Http\\Response.php(78): Illuminate\\View\\View->render()
#10 E:\\SEMESTER 5\\Pemrograman Framework\\BELAJAR\\Inventory_system\\vendor\\laravel\\framework\\src\\Illuminate\\Http\\Response.php(34): Illuminate\\Http\\Response->setContent(Object(Illuminate\\View\\View))
#11 E:\\SEMESTER 5\\Pemrograman Framework\\BELAJAR\\Inventory_system\\vendor\\laravel\\framework\\src\\Illuminate\\Routing\\Router.php(939): Illuminate\\Http\\Response->__construct(Object(Illuminate\\View\\View), 200, Array)
#12 E:\\SEMESTER 5\\Pemrograman Framework\\BELAJAR\\Inventory_system\\vendor\\laravel\\framework\\src\\Illuminate\\Routing\\Router.php(906): Illuminate\\Routing\\Router::toResponse(Object(Illuminate\\Http\\Request), Object(Illuminate\\View\\View))
#13 E:\\SEMESTER 5\\Pemrograman Framework\\BELAJAR\\Inventory_system\\vendor\\laravel\\framework\\src\\Illuminate\\Routing\\Router.php(821): Illuminate\\Routing\\Router->prepareResponse(Object(Illuminate\\Http\\Request), Object(Illuminate\\View\\View))
#14 E:\\SEMESTER 5\\Pemrograman Framework\\BELAJAR\\Inventory_system\\vendor\\laravel\\framework\\src\\Illuminate\\Pipeline\\Pipeline.php(180): Illuminate\\Routing\\Router->Illuminate\\Routing\\{closure}(Object(Illuminate\\Http\\Request))
#15 E:\\SEMESTER 5\\Pemrograman Framework\\BELAJAR\\Inventory_system\\app\\Http\\Middleware\\RoleMiddleware.php(24): Illuminate\\Pipeline\\Pipeline->Illuminate\\Pipeline\\{closure}(Object(Illuminate\\Http\\Request))
#16 E:\\SEMESTER 5\\Pemrograman Framework\\BELAJAR\\Inventory_system\\vendor\\laravel\\framework\\src\\Illuminate\\Pipeline\\Pipeline.php(219): App\\Http\\Middleware\\RoleMiddleware->handle(Object(Illuminate\\Http\\Request), Object(Closure), 'admin|gudang')
#17 E:\\SEMESTER 5\\Pemrograman Framework\\BELAJAR\\Inventory_system\\vendor\\laravel\\framework\\src\\Illuminate\\Routing\\Middleware\\SubstituteBindings.php(50): Illuminate\\Pipeline\\Pipeline->Illuminate\\Pipeline\\{closure}(Object(Illuminate\\Http\\Request))
#18 E:\\SEMESTER 5\\Pemrograman Framework\\BELAJAR\\Inventory_system\\vendor\\laravel\\framework\\src\\Illuminate\\Pipeline\\Pipeline.php(219): Illuminate\\Routing\\Middleware\\SubstituteBindings->handle(Object(Illuminate\\Http\\Request), Object(Closure))
#19 E:\\SEMESTER 5\\Pemrograman Framework\\BELAJAR\\Inventory_system\\vendor\\laravel\\framework\\src\\Illuminate\\Auth\\Middleware\\Authenticate.php(63): Illuminate\\Pipeline\\Pipeline->Illuminate\\Pipeline\\{closure}(Object(Illuminate\\Http\\Request))
#20 E:\\SEMESTER 5\\Pemrograman Framework\\BELAJAR\\Inventory_system\\vendor\\laravel\\framework\\src\\Illuminate\\Pipeline\\Pipeline.php(219): Illuminate\\Auth\\Middleware\\Authenticate->handle(Object(Illuminate\\Http\\Request), Object(Closure))
#21 E:\\SEMESTER 5\\Pemrograman Framework\\BELAJAR\\Inventory_system\\vendor\\laravel\\framework\\src\\Illuminate\\Foundation\\Http\\Middleware\\VerifyCsrfToken.php(87): Illuminate\\Pipeline\\Pipeline->Illuminate\\Pipeline\\{closure}(Object(Illuminate\\Http\\Request))
#22 E:\\SEMESTER 5\\Pemrograman Framework\\BELAJAR\\Inventory_system\\vendor\\laravel\\framework\\src\\Illuminate\\Pipeline\\Pipeline.php(219): Illuminate\\Foundation\\Http\\Middleware\\VerifyCsrfToken->handle(Object(Illuminate\\Http\\Request), Object(Closure))
#23 E:\\SEMESTER 5\\Pemrograman Framework\\BELAJAR\\Inventory_system\\vendor\\laravel\\framework\\src\\Illuminate\\View\\Middleware\\ShareErrorsFromSession.php(48): Illuminate\\Pipeline\\Pipeline->Illuminate\\Pipeline\\{closure}(Object(Illuminate\\Http\\Request))
#24 E:\\SEMESTER 5\\Pemrograman Framework\\BELAJAR\\Inventory_system\\vendor\\laravel\\framework\\src\\Illuminate\\Pipeline\\Pipeline.php(219): Illuminate\\View\\Middleware\\ShareErrorsFromSession->handle(Object(Illuminate\\Http\\Request), Object(Closure))
#25 E:\\SEMESTER 5\\Pemrograman Framework\\BELAJAR\\Inventory_system\\vendor\\laravel\\framework\\src\\Illuminate\\Session\\Middleware\\StartSession.php(120): Illuminate\\Pipeline\\Pipeline->Illuminate\\Pipeline\\{closure}(Object(Illuminate\\Http\\Request))
#26 E:\\SEMESTER 5\\Pemrograman Framework\\BELAJAR\\Inventory_system\\vendor\\laravel\\framework\\src\\Illuminate\\Session\\Middleware\\StartSession.php(63): Illuminate\\Session\\Middleware\\StartSession->handleStatefulRequest(Object(Illuminate\\Http\\Request), Object(Illuminate\\Session\\Store), Object(Closure))
#27 E:\\SEMESTER 5\\Pemrograman Framework\\BELAJAR\\Inventory_system\\vendor\\laravel\\framework\\src\\Illuminate\\Pipeline\\Pipeline.php(219): Illuminate\\Session\\Middleware\\StartSession->handle(Object(Illuminate\\Http\\Request), Object(Closure))
#28 E:\\SEMESTER 5\\Pemrograman Framework\\BELAJAR\\Inventory_system\\vendor\\laravel\\framework\\src\\Illuminate\\Cookie\\Middleware\\AddQueuedCookiesToResponse.php(36): Illuminate\\Pipeline\\Pipeline->Illuminate\\Pipeline\\{closure}(Object(Illuminate\\Http\\Request))
#29 E:\\SEMESTER 5\\Pemrograman Framework\\BELAJAR\\Inventory_system\\vendor\\laravel\\framework\\src\\Illuminate\\Pipeline\\Pipeline.php(219): Illuminate\\Cookie\\Middleware\\AddQueuedCookiesToResponse->handle(Object(Illuminate\\Http\\Request), Object(Closure))
#30 E:\\SEMESTER 5\\Pemrograman Framework\\BELAJAR\\Inventory_system\\vendor\\laravel\\framework\\src\\Illuminate\\Cookie\\Middleware\\EncryptCookies.php(74): Illuminate\\Pipeline\\Pipeline->Illuminate\\Pipeline\\{closure}(Object(Illuminate\\Http\\Request))
#31 E:\\SEMESTER 5\\Pemrograman Framework\\BELAJAR\\Inventory_system\\vendor\\laravel\\framework\\src\\Illuminate\\Pipeline\\Pipeline.php(219): Illuminate\\Cookie\\Middleware\\EncryptCookies->handle(Object(Illuminate\\Http\\Request), Object(Closure))
#32 E:\\SEMESTER 5\\Pemrograman Framework\\BELAJAR\\Inventory_system\\vendor\\laravel\\framework\\src\\Illuminate\\Pipeline\\Pipeline.php(137): Illuminate\\Pipeline\\Pipeline->Illuminate\\Pipeline\\{closure}(Object(Illuminate\\Http\\Request))
#33 E:\\SEMESTER 5\\Pemrograman Framework\\BELAJAR\\Inventory_system\\vendor\\laravel\\framework\\src\\Illuminate\\Routing\\Router.php(821): Illuminate\\Pipeline\\Pipeline->then(Object(Closure))
#34 E:\\SEMESTER 5\\Pemrograman Framework\\BELAJAR\\Inventory_system\\vendor\\laravel\\framework\\src\\Illuminate\\Routing\\Router.php(800): Illuminate\\Routing\\Router->runRouteWithinStack(Object(Illuminate\\Routing\\Route), Object(Illuminate\\Http\\Request))
#35 E:\\SEMESTER 5\\Pemrograman Framework\\BELAJAR\\Inventory_system\\vendor\\laravel\\framework\\src\\Illuminate\\Routing\\Router.php(764): Illuminate\\Routing\\Router->runRoute(Object(Illuminate\\Http\\Request), Object(Illuminate\\Routing\\Route))
#36 E:\\SEMESTER 5\\Pemrograman Framework\\BELAJAR\\Inventory_system\\vendor\\laravel\\framework\\src\\Illuminate\\Routing\\Router.php(753): Illuminate\\Routing\\Router->dispatchToRoute(Object(Illuminate\\Http\\Request))
#37 E:\\SEMESTER 5\\Pemrograman Framework\\BELAJAR\\Inventory_system\\vendor\\laravel\\framework\\src\\Illuminate\\Foundation\\Http\\Kernel.php(200): Illuminate\\Routing\\Router->dispatch(Object(Illuminate\\Http\\Request))
#38 E:\\SEMESTER 5\\Pemrograman Framework\\BELAJAR\\Inventory_system\\vendor\\laravel\\framework\\src\\Illuminate\\Pipeline\\Pipeline.php(180): Illuminate\\Foundation\\Http\\Kernel->Illuminate\\Foundation\\Http\\{closure}(Object(Illuminate\\Http\\Request))
#39 E:\\SEMESTER 5\\Pemrograman Framework\\BELAJAR\\Inventory_system\\vendor\\laravel\\framework\\src\\Illuminate\\Foundation\\Http\\Middleware\\TransformsRequest.php(21): Illuminate\\Pipeline\\Pipeline->Illuminate\\Pipeline\\{closure}(Object(Illuminate\\Http\\Request))
#40 E:\\SEMESTER 5\\Pemrograman Framework\\BELAJAR\\Inventory_system\\vendor\\laravel\\framework\\src\\Illuminate\\Foundation\\Http\\Middleware\\ConvertEmptyStringsToNull.php(31): Illuminate\\Foundation\\Http\\Middleware\\TransformsRequest->handle(Object(Illuminate\\Http\\Request), Object(Closure))
#41 E:\\SEMESTER 5\\Pemrograman Framework\\BELAJAR\\Inventory_system\\vendor\\laravel\\framework\\src\\Illuminate\\Pipeline\\Pipeline.php(219): Illuminate\\Foundation\\Http\\Middleware\\ConvertEmptyStringsToNull->handle(Object(Illuminate\\Http\\Request), Object(Closure))
#42 E:\\SEMESTER 5\\Pemrograman Framework\\BELAJAR\\Inventory_system\\vendor\\laravel\\framework\\src\\Illuminate\\Foundation\\Http\\Middleware\\TransformsRequest.php(21): Illuminate\\Pipeline\\Pipeline->Illuminate\\Pipeline\\{closure}(Object(Illuminate\\Http\\Request))
#43 E:\\SEMESTER 5\\Pemrograman Framework\\BELAJAR\\Inventory_system\\vendor\\laravel\\framework\\src\\Illuminate\\Foundation\\Http\\Middleware\\TrimStrings.php(51): Illuminate\\Foundation\\Http\\Middleware\\TransformsRequest->handle(Object(Illuminate\\Http\\Request), Object(Closure))
#44 E:\\SEMESTER 5\\Pemrograman Framework\\BELAJAR\\Inventory_system\\vendor\\laravel\\framework\\src\\Illuminate\\Pipeline\\Pipeline.php(219): Illuminate\\Foundation\\Http\\Middleware\\TrimStrings->handle(Object(Illuminate\\Http\\Request), Object(Closure))
#45 E:\\SEMESTER 5\\Pemrograman Framework\\BELAJAR\\Inventory_system\\vendor\\laravel\\framework\\src\\Illuminate\\Http\\Middleware\\ValidatePostSize.php(27): Illuminate\\Pipeline\\Pipeline->Illuminate\\Pipeline\\{closure}(Object(Illuminate\\Http\\Request))
#46 E:\\SEMESTER 5\\Pemrograman Framework\\BELAJAR\\Inventory_system\\vendor\\laravel\\framework\\src\\Illuminate\\Pipeline\\Pipeline.php(219): Illuminate\\Http\\Middleware\\ValidatePostSize->handle(Object(Illuminate\\Http\\Request), Object(Closure))
#47 E:\\SEMESTER 5\\Pemrograman Framework\\BELAJAR\\Inventory_system\\vendor\\laravel\\framework\\src\\Illuminate\\Foundation\\Http\\Middleware\\PreventRequestsDuringMaintenance.php(109): Illuminate\\Pipeline\\Pipeline->Illuminate\\Pipeline\\{closure}(Object(Illuminate\\Http\\Request))
#48 E:\\SEMESTER 5\\Pemrograman Framework\\BELAJAR\\Inventory_system\\vendor\\laravel\\framework\\src\\Illuminate\\Pipeline\\Pipeline.php(219): Illuminate\\Foundation\\Http\\Middleware\\PreventRequestsDuringMaintenance->handle(Object(Illuminate\\Http\\Request), Object(Closure))
#49 E:\\SEMESTER 5\\Pemrograman Framework\\BELAJAR\\Inventory_system\\vendor\\laravel\\framework\\src\\Illuminate\\Http\\Middleware\\HandleCors.php(48): Illuminate\\Pipeline\\Pipeline->Illuminate\\Pipeline\\{closure}(Object(Illuminate\\Http\\Request))
#50 E:\\SEMESTER 5\\Pemrograman Framework\\BELAJAR\\Inventory_system\\vendor\\laravel\\framework\\src\\Illuminate\\Pipeline\\Pipeline.php(219): Illuminate\\Http\\Middleware\\HandleCors->handle(Object(Illuminate\\Http\\Request), Object(Closure))
#51 E:\\SEMESTER 5\\Pemrograman Framework\\BELAJAR\\Inventory_system\\vendor\\laravel\\framework\\src\\Illuminate\\Http\\Middleware\\TrustProxies.php(58): Illuminate\\Pipeline\\Pipeline->Illuminate\\Pipeline\\{closure}(Object(Illuminate\\Http\\Request))
#52 E:\\SEMESTER 5\\Pemrograman Framework\\BELAJAR\\Inventory_system\\vendor\\laravel\\framework\\src\\Illuminate\\Pipeline\\Pipeline.php(219): Illuminate\\Http\\Middleware\\TrustProxies->handle(Object(Illuminate\\Http\\Request), Object(Closure))
#53 E:\\SEMESTER 5\\Pemrograman Framework\\BELAJAR\\Inventory_system\\vendor\\laravel\\framework\\src\\Illuminate\\Foundation\\Http\\Middleware\\InvokeDeferredCallbacks.php(22): Illuminate\\Pipeline\\Pipeline->Illuminate\\Pipeline\\{closure}(Object(Illuminate\\Http\\Request))
#54 E:\\SEMESTER 5\\Pemrograman Framework\\BELAJAR\\Inventory_system\\vendor\\laravel\\framework\\src\\Illuminate\\Pipeline\\Pipeline.php(219): Illuminate\\Foundation\\Http\\Middleware\\InvokeDeferredCallbacks->handle(Object(Illuminate\\Http\\Request), Object(Closure))
#55 E:\\SEMESTER 5\\Pemrograman Framework\\BELAJAR\\Inventory_system\\vendor\\laravel\\framework\\src\\Illuminate\\Http\\Middleware\\ValidatePathEncoding.php(26): Illuminate\\Pipeline\\Pipeline->Illuminate\\Pipeline\\{closure}(Object(Illuminate\\Http\\Request))
#56 E:\\SEMESTER 5\\Pemrograman Framework\\BELAJAR\\Inventory_system\\vendor\\laravel\\framework\\src\\Illuminate\\Pipeline\\Pipeline.php(219): Illuminate\\Http\\Middleware\\ValidatePathEncoding->handle(Object(Illuminate\\Http\\Request), Object(Closure))
#57 E:\\SEMESTER 5\\Pemrograman Framework\\BELAJAR\\Inventory_system\\vendor\\laravel\\framework\\src\\Illuminate\\Pipeline\\Pipeline.php(137): Illuminate\\Pipeline\\Pipeline->Illuminate\\Pipeline\\{closure}(Object(Illuminate\\Http\\Request))
#58 E:\\SEMESTER 5\\Pemrograman Framework\\BELAJAR\\Inventory_system\\vendor\\laravel\\framework\\src\\Illuminate\\Foundation\\Http\\Kernel.php(175): Illuminate\\Pipeline\\Pipeline->then(Object(Closure))
#59 E:\\SEMESTER 5\\Pemrograman Framework\\BELAJAR\\Inventory_system\\vendor\\laravel\\framework\\src\\Illuminate\\Foundation\\Http\\Kernel.php(144): Illuminate\\Foundation\\Http\\Kernel->sendRequestThroughRouter(Object(Illuminate\\Http\\Request))
#60 E:\\SEMESTER 5\\Pemrograman Framework\\BELAJAR\\Inventory_system\\vendor\\laravel\\framework\\src\\Illuminate\\Foundation\\Application.php(1220): Illuminate\\Foundation\\Http\\Kernel->handle(Object(Illuminate\\Http\\Request))
#61 E:\\SEMESTER 5\\Pemrograman Framework\\BELAJAR\\Inventory_system\\public\\index.php(20): Illuminate\\Foundation\\Application->handleRequest(Object(Illuminate\\Http\\Request))
#62 E:\\SEMESTER 5\\Pemrograman Framework\\BELAJAR\\Inventory_system\\vendor\\laravel\\framework\\src\\Illuminate\\Foundation\\resources\\server.php(23): require_once('E:\\\\SEMESTER 5\\\\P...')
#63 {main}
"} 
[2025-11-25 18:32:07] local.ERROR: Route [barcodes.print_one] not defined. (View: E:\SEMESTER 5\Pemrograman Framework\BELAJAR\Inventory_system\resources\views\products\index.blade.php) {"userId":1,"exception":"[object] (Illuminate\\View\\ViewException(code: 0): Route [barcodes.print_one] not defined. (View: E:\\SEMESTER 5\\Pemrograman Framework\\BELAJAR\\Inventory_system\\resources\\views\\products\\index.blade.php) at E:\\SEMESTER 5\\Pemrograman Framework\\BELAJAR\\Inventory_system\\vendor\\laravel\\framework\\src\\Illuminate\\Routing\\UrlGenerator.php:526)
[stacktrace]
#0 E:\\SEMESTER 5\\Pemrograman Framework\\BELAJAR\\Inventory_system\\vendor\\laravel\\framework\\src\\Illuminate\\View\\Engines\\PhpEngine.php(59): Illuminate\\View\\Engines\\CompilerEngine->handleViewException(Object(Symfony\\Component\\Routing\\Exception\\RouteNotFoundException), 1)
#1 E:\\SEMESTER 5\\Pemrograman Framework\\BELAJAR\\Inventory_system\\vendor\\laravel\\framework\\src\\Illuminate\\View\\Engines\\CompilerEngine.php(76): Illuminate\\View\\Engines\\PhpEngine->evaluatePath('E:\\\\SEMESTER 5\\\\P...', Array)
#2 E:\\SEMESTER 5\\Pemrograman Framework\\BELAJAR\\Inventory_system\\vendor\\laravel\\framework\\src\\Illuminate\\View\\View.php(208): Illuminate\\View\\Engines\\CompilerEngine->get('E:\\\\SEMESTER 5\\\\P...', Array)
#3 E:\\SEMESTER 5\\Pemrograman Framework\\BELAJAR\\Inventory_system\\vendor\\laravel\\framework\\src\\Illuminate\\View\\View.php(191): Illuminate\\View\\View->getContents()
#4 E:\\SEMESTER 5\\Pemrograman Framework\\BELAJAR\\Inventory_system\\vendor\\laravel\\framework\\src\\Illuminate\\View\\View.php(160): Illuminate\\View\\View->renderContents()
#5 E:\\SEMESTER 5\\Pemrograman Framework\\BELAJAR\\Inventory_system\\vendor\\laravel\\framework\\src\\Illuminate\\Http\\Response.php(78): Illuminate\\View\\View->render()
#6 E:\\SEMESTER 5\\Pemrograman Framework\\BELAJAR\\Inventory_system\\vendor\\laravel\\framework\\src\\Illuminate\\Http\\Response.php(34): Illuminate\\Http\\Response->setContent(Object(Illuminate\\View\\View))
#7 E:\\SEMESTER 5\\Pemrograman Framework\\BELAJAR\\Inventory_system\\vendor\\laravel\\framework\\src\\Illuminate\\Routing\\Router.php(939): Illuminate\\Http\\Response->__construct(Object(Illuminate\\View\\View), 200, Array)
#8 E:\\SEMESTER 5\\Pemrograman Framework\\BELAJAR\\Inventory_system\\vendor\\laravel\\framework\\src\\Illuminate\\Routing\\Router.php(906): Illuminate\\Routing\\Router::toResponse(Object(Illuminate\\Http\\Request), Object(Illuminate\\View\\View))
#9 E:\\SEMESTER 5\\Pemrograman Framework\\BELAJAR\\Inventory_system\\vendor\\laravel\\framework\\src\\Illuminate\\Routing\\Router.php(821): Illuminate\\Routing\\Router->prepareResponse(Object(Illuminate\\Http\\Request), Object(Illuminate\\View\\View))
#10 E:\\SEMESTER 5\\Pemrograman Framework\\BELAJAR\\Inventory_system\\vendor\\laravel\\framework\\src\\Illuminate\\Pipeline\\Pipeline.php(180): Illuminate\\Routing\\Router->Illuminate\\Routing\\{closure}(Object(Illuminate\\Http\\Request))
#11 E:\\SEMESTER 5\\Pemrograman Framework\\BELAJAR\\Inventory_system\\app\\Http\\Middleware\\RoleMiddleware.php(24): Illuminate\\Pipeline\\Pipeline->Illuminate\\Pipeline\\{closure}(Object(Illuminate\\Http\\Request))
#12 E:\\SEMESTER 5\\Pemrograman Framework\\BELAJAR\\Inventory_system\\vendor\\laravel\\framework\\src\\Illuminate\\Pipeline\\Pipeline.php(219): App\\Http\\Middleware\\RoleMiddleware->handle(Object(Illuminate\\Http\\Request), Object(Closure), 'admin|gudang')
#13 E:\\SEMESTER 5\\Pemrograman Framework\\BELAJAR\\Inventory_system\\vendor\\laravel\\framework\\src\\Illuminate\\Routing\\Middleware\\SubstituteBindings.php(50): Illuminate\\Pipeline\\Pipeline->Illuminate\\Pipeline\\{closure}(Object(Illuminate\\Http\\Request))
#14 E:\\SEMESTER 5\\Pemrograman Framework\\BELAJAR\\Inventory_system\\vendor\\laravel\\framework\\src\\Illuminate\\Pipeline\\Pipeline.php(219): Illuminate\\Routing\\Middleware\\SubstituteBindings->handle(Object(Illuminate\\Http\\Request), Object(Closure))
#15 E:\\SEMESTER 5\\Pemrograman Framework\\BELAJAR\\Inventory_system\\vendor\\laravel\\framework\\src\\Illuminate\\Auth\\Middleware\\Authenticate.php(63): Illuminate\\Pipeline\\Pipeline->Illuminate\\Pipeline\\{closure}(Object(Illuminate\\Http\\Request))
#16 E:\\SEMESTER 5\\Pemrograman Framework\\BELAJAR\\Inventory_system\\vendor\\laravel\\framework\\src\\Illuminate\\Pipeline\\Pipeline.php(219): Illuminate\\Auth\\Middleware\\Authenticate->handle(Object(Illuminate\\Http\\Request), Object(Closure))
#17 E:\\SEMESTER 5\\Pemrograman Framework\\BELAJAR\\Inventory_system\\vendor\\laravel\\framework\\src\\Illuminate\\Foundation\\Http\\Middleware\\VerifyCsrfToken.php(87): Illuminate\\Pipeline\\Pipeline->Illuminate\\Pipeline\\{closure}(Object(Illuminate\\Http\\Request))
#18 E:\\SEMESTER 5\\Pemrograman Framework\\BELAJAR\\Inventory_system\\vendor\\laravel\\framework\\src\\Illuminate\\Pipeline\\Pipeline.php(219): Illuminate\\Foundation\\Http\\Middleware\\VerifyCsrfToken->handle(Object(Illuminate\\Http\\Request), Object(Closure))
#19 E:\\SEMESTER 5\\Pemrograman Framework\\BELAJAR\\Inventory_system\\vendor\\laravel\\framework\\src\\Illuminate\\View\\Middleware\\ShareErrorsFromSession.php(48): Illuminate\\Pipeline\\Pipeline->Illuminate\\Pipeline\\{closure}(Object(Illuminate\\Http\\Request))
#20 E:\\SEMESTER 5\\Pemrograman Framework\\BELAJAR\\Inventory_system\\vendor\\laravel\\framework\\src\\Illuminate\\Pipeline\\Pipeline.php(219): Illuminate\\View\\Middleware\\ShareErrorsFromSession->handle(Object(Illuminate\\Http\\Request), Object(Closure))
#21 E:\\SEMESTER 5\\Pemrograman Framework\\BELAJAR\\Inventory_system\\vendor\\laravel\\framework\\src\\Illuminate\\Session\\Middleware\\StartSession.php(120): Illuminate\\Pipeline\\Pipeline->Illuminate\\Pipeline\\{closure}(Object(Illuminate\\Http\\Request))
#22 E:\\SEMESTER 5\\Pemrograman Framework\\BELAJAR\\Inventory_system\\vendor\\laravel\\framework\\src\\Illuminate\\Session\\Middleware\\StartSession.php(63): Illuminate\\Session\\Middleware\\StartSession->handleStatefulRequest(Object(Illuminate\\Http\\Request), Object(Illuminate\\Session\\Store), Object(Closure))
#23 E:\\SEMESTER 5\\Pemrograman Framework\\BELAJAR\\Inventory_system\\vendor\\laravel\\framework\\src\\Illuminate\\Pipeline\\Pipeline.php(219): Illuminate\\Session\\Middleware\\StartSession->handle(Object(Illuminate\\Http\\Request), Object(Closure))
#24 E:\\SEMESTER 5\\Pemrograman Framework\\BELAJAR\\Inventory_system\\vendor\\laravel\\framework\\src\\Illuminate\\Cookie\\Middleware\\AddQueuedCookiesToResponse.php(36): Illuminate\\Pipeline\\Pipeline->Illuminate\\Pipeline\\{closure}(Object(Illuminate\\Http\\Request))
#25 E:\\SEMESTER 5\\Pemrograman Framework\\BELAJAR\\Inventory_system\\vendor\\laravel\\framework\\src\\Illuminate\\Pipeline\\Pipeline.php(219): Illuminate\\Cookie\\Middleware\\AddQueuedCookiesToResponse->handle(Object(Illuminate\\Http\\Request), Object(Closure))
#26 E:\\SEMESTER 5\\Pemrograman Framework\\BELAJAR\\Inventory_system\\vendor\\laravel\\framework\\src\\Illuminate\\Cookie\\Middleware\\EncryptCookies.php(74): Illuminate\\Pipeline\\Pipeline->Illuminate\\Pipeline\\{closure}(Object(Illuminate\\Http\\Request))
#27 E:\\SEMESTER 5\\Pemrograman Framework\\BELAJAR\\Inventory_system\\vendor\\laravel\\framework\\src\\Illuminate\\Pipeline\\Pipeline.php(219): Illuminate\\Cookie\\Middleware\\EncryptCookies->handle(Object(Illuminate\\Http\\Request), Object(Closure))
#28 E:\\SEMESTER 5\\Pemrograman Framework\\BELAJAR\\Inventory_system\\vendor\\laravel\\framework\\src\\Illuminate\\Pipeline\\Pipeline.php(137): Illuminate\\Pipeline\\Pipeline->Illuminate\\Pipeline\\{closure}(Object(Illuminate\\Http\\Request))
#29 E:\\SEMESTER 5\\Pemrograman Framework\\BELAJAR\\Inventory_system\\vendor\\laravel\\framework\\src\\Illuminate\\Routing\\Router.php(821): Illuminate\\Pipeline\\Pipeline->then(Object(Closure))
#30 E:\\SEMESTER 5\\Pemrograman Framework\\BELAJAR\\Inventory_system\\vendor\\laravel\\framework\\src\\Illuminate\\Routing\\Router.php(800): Illuminate\\Routing\\Router->runRouteWithinStack(Object(Illuminate\\Routing\\Route), Object(Illuminate\\Http\\Request))
#31 E:\\SEMESTER 5\\Pemrograman Framework\\BELAJAR\\Inventory_system\\vendor\\laravel\\framework\\src\\Illuminate\\Routing\\Router.php(764): Illuminate\\Routing\\Router->runRoute(Object(Illuminate\\Http\\Request), Object(Illuminate\\Routing\\Route))
#32 E:\\SEMESTER 5\\Pemrograman Framework\\BELAJAR\\Inventory_system\\vendor\\laravel\\framework\\src\\Illuminate\\Routing\\Router.php(753): Illuminate\\Routing\\Router->dispatchToRoute(Object(Illuminate\\Http\\Request))
#33 E:\\SEMESTER 5\\Pemrograman Framework\\BELAJAR\\Inventory_system\\vendor\\laravel\\framework\\src\\Illuminate\\Foundation\\Http\\Kernel.php(200): Illuminate\\Routing\\Router->dispatch(Object(Illuminate\\Http\\Request))
#34 E:\\SEMESTER 5\\Pemrograman Framework\\BELAJAR\\Inventory_system\\vendor\\laravel\\framework\\src\\Illuminate\\Pipeline\\Pipeline.php(180): Illuminate\\Foundation\\Http\\Kernel->Illuminate\\Foundation\\Http\\{closure}(Object(Illuminate\\Http\\Request))
#35 E:\\SEMESTER 5\\Pemrograman Framework\\BELAJAR\\Inventory_system\\vendor\\laravel\\framework\\src\\Illuminate\\Foundation\\Http\\Middleware\\TransformsRequest.php(21): Illuminate\\Pipeline\\Pipeline->Illuminate\\Pipeline\\{closure}(Object(Illuminate\\Http\\Request))
#36 E:\\SEMESTER 5\\Pemrograman Framework\\BELAJAR\\Inventory_system\\vendor\\laravel\\framework\\src\\Illuminate\\Foundation\\Http\\Middleware\\ConvertEmptyStringsToNull.php(31): Illuminate\\Foundation\\Http\\Middleware\\TransformsRequest->handle(Object(Illuminate\\Http\\Request), Object(Closure))
#37 E:\\SEMESTER 5\\Pemrograman Framework\\BELAJAR\\Inventory_system\\vendor\\laravel\\framework\\src\\Illuminate\\Pipeline\\Pipeline.php(219): Illuminate\\Foundation\\Http\\Middleware\\ConvertEmptyStringsToNull->handle(Object(Illuminate\\Http\\Request), Object(Closure))
#38 E:\\SEMESTER 5\\Pemrograman Framework\\BELAJAR\\Inventory_system\\vendor\\laravel\\framework\\src\\Illuminate\\Foundation\\Http\\Middleware\\TransformsRequest.php(21): Illuminate\\Pipeline\\Pipeline->Illuminate\\Pipeline\\{closure}(Object(Illuminate\\Http\\Request))
#39 E:\\SEMESTER 5\\Pemrograman Framework\\BELAJAR\\Inventory_system\\vendor\\laravel\\framework\\src\\Illuminate\\Foundation\\Http\\Middleware\\TrimStrings.php(51): Illuminate\\Foundation\\Http\\Middleware\\TransformsRequest->handle(Object(Illuminate\\Http\\Request), Object(Closure))
#40 E:\\SEMESTER 5\\Pemrograman Framework\\BELAJAR\\Inventory_system\\vendor\\laravel\\framework\\src\\Illuminate\\Pipeline\\Pipeline.php(219): Illuminate\\Foundation\\Http\\Middleware\\TrimStrings->handle(Object(Illuminate\\Http\\Request), Object(Closure))
#41 E:\\SEMESTER 5\\Pemrograman Framework\\BELAJAR\\Inventory_system\\vendor\\laravel\\framework\\src\\Illuminate\\Http\\Middleware\\ValidatePostSize.php(27): Illuminate\\Pipeline\\Pipeline->Illuminate\\Pipeline\\{closure}(Object(Illuminate\\Http\\Request))
#42 E:\\SEMESTER 5\\Pemrograman Framework\\BELAJAR\\Inventory_system\\vendor\\laravel\\framework\\src\\Illuminate\\Pipeline\\Pipeline.php(219): Illuminate\\Http\\Middleware\\ValidatePostSize->handle(Object(Illuminate\\Http\\Request), Object(Closure))
#43 E:\\SEMESTER 5\\Pemrograman Framework\\BELAJAR\\Inventory_system\\vendor\\laravel\\framework\\src\\Illuminate\\Foundation\\Http\\Middleware\\PreventRequestsDuringMaintenance.php(109): Illuminate\\Pipeline\\Pipeline->Illuminate\\Pipeline\\{closure}(Object(Illuminate\\Http\\Request))
#44 E:\\SEMESTER 5\\Pemrograman Framework\\BELAJAR\\Inventory_system\\vendor\\laravel\\framework\\src\\Illuminate\\Pipeline\\Pipeline.php(219): Illuminate\\Foundation\\Http\\Middleware\\PreventRequestsDuringMaintenance->handle(Object(Illuminate\\Http\\Request), Object(Closure))
#45 E:\\SEMESTER 5\\Pemrograman Framework\\BELAJAR\\Inventory_system\\vendor\\laravel\\framework\\src\\Illuminate\\Http\\Middleware\\HandleCors.php(48): Illuminate\\Pipeline\\Pipeline->Illuminate\\Pipeline\\{closure}(Object(Illuminate\\Http\\Request))
#46 E:\\SEMESTER 5\\Pemrograman Framework\\BELAJAR\\Inventory_system\\vendor\\laravel\\framework\\src\\Illuminate\\Pipeline\\Pipeline.php(219): Illuminate\\Http\\Middleware\\HandleCors->handle(Object(Illuminate\\Http\\Request), Object(Closure))
#47 E:\\SEMESTER 5\\Pemrograman Framework\\BELAJAR\\Inventory_system\\vendor\\laravel\\framework\\src\\Illuminate\\Http\\Middleware\\TrustProxies.php(58): Illuminate\\Pipeline\\Pipeline->Illuminate\\Pipeline\\{closure}(Object(Illuminate\\Http\\Request))
#48 E:\\SEMESTER 5\\Pemrograman Framework\\BELAJAR\\Inventory_system\\vendor\\laravel\\framework\\src\\Illuminate\\Pipeline\\Pipeline.php(219): Illuminate\\Http\\Middleware\\TrustProxies->handle(Object(Illuminate\\Http\\Request), Object(Closure))
#49 E:\\SEMESTER 5\\Pemrograman Framework\\BELAJAR\\Inventory_system\\vendor\\laravel\\framework\\src\\Illuminate\\Foundation\\Http\\Middleware\\InvokeDeferredCallbacks.php(22): Illuminate\\Pipeline\\Pipeline->Illuminate\\Pipeline\\{closure}(Object(Illuminate\\Http\\Request))
#50 E:\\SEMESTER 5\\Pemrograman Framework\\BELAJAR\\Inventory_system\\vendor\\laravel\\framework\\src\\Illuminate\\Pipeline\\Pipeline.php(219): Illuminate\\Foundation\\Http\\Middleware\\InvokeDeferredCallbacks->handle(Object(Illuminate\\Http\\Request), Object(Closure))
#51 E:\\SEMESTER 5\\Pemrograman Framework\\BELAJAR\\Inventory_system\\vendor\\laravel\\framework\\src\\Illuminate\\Http\\Middleware\\ValidatePathEncoding.php(26): Illuminate\\Pipeline\\Pipeline->Illuminate\\Pipeline\\{closure}(Object(Illuminate\\Http\\Request))
#52 E:\\SEMESTER 5\\Pemrograman Framework\\BELAJAR\\Inventory_system\\vendor\\laravel\\framework\\src\\Illuminate\\Pipeline\\Pipeline.php(219): Illuminate\\Http\\Middleware\\ValidatePathEncoding->handle(Object(Illuminate\\Http\\Request), Object(Closure))
#53 E:\\SEMESTER 5\\Pemrograman Framework\\BELAJAR\\Inventory_system\\vendor\\laravel\\framework\\src\\Illuminate\\Pipeline\\Pipeline.php(137): Illuminate\\Pipeline\\Pipeline->Illuminate\\Pipeline\\{closure}(Object(Illuminate\\Http\\Request))
#54 E:\\SEMESTER 5\\Pemrograman Framework\\BELAJAR\\Inventory_system\\vendor\\laravel\\framework\\src\\Illuminate\\Foundation\\Http\\Kernel.php(175): Illuminate\\Pipeline\\Pipeline->then(Object(Closure))
#55 E:\\SEMESTER 5\\Pemrograman Framework\\BELAJAR\\Inventory_system\\vendor\\laravel\\framework\\src\\Illuminate\\Foundation\\Http\\Kernel.php(144): Illuminate\\Foundation\\Http\\Kernel->sendRequestThroughRouter(Object(Illuminate\\Http\\Request))
#56 E:\\SEMESTER 5\\Pemrograman Framework\\BELAJAR\\Inventory_system\\vendor\\laravel\\framework\\src\\Illuminate\\Foundation\\Application.php(1220): Illuminate\\Foundation\\Http\\Kernel->handle(Object(Illuminate\\Http\\Request))
#57 E:\\SEMESTER 5\\Pemrograman Framework\\BELAJAR\\Inventory_system\\public\\index.php(20): Illuminate\\Foundation\\Application->handleRequest(Object(Illuminate\\Http\\Request))
#58 E:\\SEMESTER 5\\Pemrograman Framework\\BELAJAR\\Inventory_system\\vendor\\laravel\\framework\\src\\Illuminate\\Foundation\\resources\\server.php(23): require_once('E:\\\\SEMESTER 5\\\\P...')
#59 {main}

[previous exception] [object] (Symfony\\Component\\Routing\\Exception\\RouteNotFoundException(code: 0): Route [barcodes.print_one] not defined. at E:\\SEMESTER 5\\Pemrograman Framework\\BELAJAR\\Inventory_system\\vendor\\laravel\\framework\\src\\Illuminate\\Routing\\UrlGenerator.php:526)
[stacktrace]
#0 E:\\SEMESTER 5\\Pemrograman Framework\\BELAJAR\\Inventory_system\\vendor\\laravel\\framework\\src\\Illuminate\\Foundation\\helpers.php(871): Illuminate\\Routing\\UrlGenerator->route('barcodes.print_...', 2, true)
#1 E:\\SEMESTER 5\\Pemrograman Framework\\BELAJAR\\Inventory_system\\storage\\framework\\views\\66528fdca0c9db726d65ff1995961ffd.php(74): route('barcodes.print_...', 2)
#2 E:\\SEMESTER 5\\Pemrograman Framework\\BELAJAR\\Inventory_system\\vendor\\laravel\\framework\\src\\Illuminate\\Filesystem\\Filesystem.php(123): require('E:\\\\SEMESTER 5\\\\P...')
#3 E:\\SEMESTER 5\\Pemrograman Framework\\BELAJAR\\Inventory_system\\vendor\\laravel\\framework\\src\\Illuminate\\Filesystem\\Filesystem.php(124): Illuminate\\Filesystem\\Filesystem::Illuminate\\Filesystem\\{closure}()
#4 E:\\SEMESTER 5\\Pemrograman Framework\\BELAJAR\\Inventory_system\\vendor\\laravel\\framework\\src\\Illuminate\\View\\Engines\\PhpEngine.php(57): Illuminate\\Filesystem\\Filesystem->getRequire('E:\\\\SEMESTER 5\\\\P...', Array)
#5 E:\\SEMESTER 5\\Pemrograman Framework\\BELAJAR\\Inventory_system\\vendor\\laravel\\framework\\src\\Illuminate\\View\\Engines\\CompilerEngine.php(76): Illuminate\\View\\Engines\\PhpEngine->evaluatePath('E:\\\\SEMESTER 5\\\\P...', Array)
#6 E:\\SEMESTER 5\\Pemrograman Framework\\BELAJAR\\Inventory_system\\vendor\\laravel\\framework\\src\\Illuminate\\View\\View.php(208): Illuminate\\View\\Engines\\CompilerEngine->get('E:\\\\SEMESTER 5\\\\P...', Array)
#7 E:\\SEMESTER 5\\Pemrograman Framework\\BELAJAR\\Inventory_system\\vendor\\laravel\\framework\\src\\Illuminate\\View\\View.php(191): Illuminate\\View\\View->getContents()
#8 E:\\SEMESTER 5\\Pemrograman Framework\\BELAJAR\\Inventory_system\\vendor\\laravel\\framework\\src\\Illuminate\\View\\View.php(160): Illuminate\\View\\View->renderContents()
#9 E:\\SEMESTER 5\\Pemrograman Framework\\BELAJAR\\Inventory_system\\vendor\\laravel\\framework\\src\\Illuminate\\Http\\Response.php(78): Illuminate\\View\\View->render()
#10 E:\\SEMESTER 5\\Pemrograman Framework\\BELAJAR\\Inventory_system\\vendor\\laravel\\framework\\src\\Illuminate\\Http\\Response.php(34): Illuminate\\Http\\Response->setContent(Object(Illuminate\\View\\View))
#11 E:\\SEMESTER 5\\Pemrograman Framework\\BELAJAR\\Inventory_system\\vendor\\laravel\\framework\\src\\Illuminate\\Routing\\Router.php(939): Illuminate\\Http\\Response->__construct(Object(Illuminate\\View\\View), 200, Array)
#12 E:\\SEMESTER 5\\Pemrograman Framework\\BELAJAR\\Inventory_system\\vendor\\laravel\\framework\\src\\Illuminate\\Routing\\Router.php(906): Illuminate\\Routing\\Router::toResponse(Object(Illuminate\\Http\\Request), Object(Illuminate\\View\\View))
#13 E:\\SEMESTER 5\\Pemrograman Framework\\BELAJAR\\Inventory_system\\vendor\\laravel\\framework\\src\\Illuminate\\Routing\\Router.php(821): Illuminate\\Routing\\Router->prepareResponse(Object(Illuminate\\Http\\Request), Object(Illuminate\\View\\View))
#14 E:\\SEMESTER 5\\Pemrograman Framework\\BELAJAR\\Inventory_system\\vendor\\laravel\\framework\\src\\Illuminate\\Pipeline\\Pipeline.php(180): Illuminate\\Routing\\Router->Illuminate\\Routing\\{closure}(Object(Illuminate\\Http\\Request))
#15 E:\\SEMESTER 5\\Pemrograman Framework\\BELAJAR\\Inventory_system\\app\\Http\\Middleware\\RoleMiddleware.php(24): Illuminate\\Pipeline\\Pipeline->Illuminate\\Pipeline\\{closure}(Object(Illuminate\\Http\\Request))
#16 E:\\SEMESTER 5\\Pemrograman Framework\\BELAJAR\\Inventory_system\\vendor\\laravel\\framework\\src\\Illuminate\\Pipeline\\Pipeline.php(219): App\\Http\\Middleware\\RoleMiddleware->handle(Object(Illuminate\\Http\\Request), Object(Closure), 'admin|gudang')
#17 E:\\SEMESTER 5\\Pemrograman Framework\\BELAJAR\\Inventory_system\\vendor\\laravel\\framework\\src\\Illuminate\\Routing\\Middleware\\SubstituteBindings.php(50): Illuminate\\Pipeline\\Pipeline->Illuminate\\Pipeline\\{closure}(Object(Illuminate\\Http\\Request))
#18 E:\\SEMESTER 5\\Pemrograman Framework\\BELAJAR\\Inventory_system\\vendor\\laravel\\framework\\src\\Illuminate\\Pipeline\\Pipeline.php(219): Illuminate\\Routing\\Middleware\\SubstituteBindings->handle(Object(Illuminate\\Http\\Request), Object(Closure))
#19 E:\\SEMESTER 5\\Pemrograman Framework\\BELAJAR\\Inventory_system\\vendor\\laravel\\framework\\src\\Illuminate\\Auth\\Middleware\\Authenticate.php(63): Illuminate\\Pipeline\\Pipeline->Illuminate\\Pipeline\\{closure}(Object(Illuminate\\Http\\Request))
#20 E:\\SEMESTER 5\\Pemrograman Framework\\BELAJAR\\Inventory_system\\vendor\\laravel\\framework\\src\\Illuminate\\Pipeline\\Pipeline.php(219): Illuminate\\Auth\\Middleware\\Authenticate->handle(Object(Illuminate\\Http\\Request), Object(Closure))
#21 E:\\SEMESTER 5\\Pemrograman Framework\\BELAJAR\\Inventory_system\\vendor\\laravel\\framework\\src\\Illuminate\\Foundation\\Http\\Middleware\\VerifyCsrfToken.php(87): Illuminate\\Pipeline\\Pipeline->Illuminate\\Pipeline\\{closure}(Object(Illuminate\\Http\\Request))
#22 E:\\SEMESTER 5\\Pemrograman Framework\\BELAJAR\\Inventory_system\\vendor\\laravel\\framework\\src\\Illuminate\\Pipeline\\Pipeline.php(219): Illuminate\\Foundation\\Http\\Middleware\\VerifyCsrfToken->handle(Object(Illuminate\\Http\\Request), Object(Closure))
#23 E:\\SEMESTER 5\\Pemrograman Framework\\BELAJAR\\Inventory_system\\vendor\\laravel\\framework\\src\\Illuminate\\View\\Middleware\\ShareErrorsFromSession.php(48): Illuminate\\Pipeline\\Pipeline->Illuminate\\Pipeline\\{closure}(Object(Illuminate\\Http\\Request))
#24 E:\\SEMESTER 5\\Pemrograman Framework\\BELAJAR\\Inventory_system\\vendor\\laravel\\framework\\src\\Illuminate\\Pipeline\\Pipeline.php(219): Illuminate\\View\\Middleware\\ShareErrorsFromSession->handle(Object(Illuminate\\Http\\Request), Object(Closure))
#25 E:\\SEMESTER 5\\Pemrograman Framework\\BELAJAR\\Inventory_system\\vendor\\laravel\\framework\\src\\Illuminate\\Session\\Middleware\\StartSession.php(120): Illuminate\\Pipeline\\Pipeline->Illuminate\\Pipeline\\{closure}(Object(Illuminate\\Http\\Request))
#26 E:\\SEMESTER 5\\Pemrograman Framework\\BELAJAR\\Inventory_system\\vendor\\laravel\\framework\\src\\Illuminate\\Session\\Middleware\\StartSession.php(63): Illuminate\\Session\\Middleware\\StartSession->handleStatefulRequest(Object(Illuminate\\Http\\Request), Object(Illuminate\\Session\\Store), Object(Closure))
#27 E:\\SEMESTER 5\\Pemrograman Framework\\BELAJAR\\Inventory_system\\vendor\\laravel\\framework\\src\\Illuminate\\Pipeline\\Pipeline.php(219): Illuminate\\Session\\Middleware\\StartSession->handle(Object(Illuminate\\Http\\Request), Object(Closure))
#28 E:\\SEMESTER 5\\Pemrograman Framework\\BELAJAR\\Inventory_system\\vendor\\laravel\\framework\\src\\Illuminate\\Cookie\\Middleware\\AddQueuedCookiesToResponse.php(36): Illuminate\\Pipeline\\Pipeline->Illuminate\\Pipeline\\{closure}(Object(Illuminate\\Http\\Request))
#29 E:\\SEMESTER 5\\Pemrograman Framework\\BELAJAR\\Inventory_system\\vendor\\laravel\\framework\\src\\Illuminate\\Pipeline\\Pipeline.php(219): Illuminate\\Cookie\\Middleware\\AddQueuedCookiesToResponse->handle(Object(Illuminate\\Http\\Request), Object(Closure))
#30 E:\\SEMESTER 5\\Pemrograman Framework\\BELAJAR\\Inventory_system\\vendor\\laravel\\framework\\src\\Illuminate\\Cookie\\Middleware\\EncryptCookies.php(74): Illuminate\\Pipeline\\Pipeline->Illuminate\\Pipeline\\{closure}(Object(Illuminate\\Http\\Request))
#31 E:\\SEMESTER 5\\Pemrograman Framework\\BELAJAR\\Inventory_system\\vendor\\laravel\\framework\\src\\Illuminate\\Pipeline\\Pipeline.php(219): Illuminate\\Cookie\\Middleware\\EncryptCookies->handle(Object(Illuminate\\Http\\Request), Object(Closure))
#32 E:\\SEMESTER 5\\Pemrograman Framework\\BELAJAR\\Inventory_system\\vendor\\laravel\\framework\\src\\Illuminate\\Pipeline\\Pipeline.php(137): Illuminate\\Pipeline\\Pipeline->Illuminate\\Pipeline\\{closure}(Object(Illuminate\\Http\\Request))
#33 E:\\SEMESTER 5\\Pemrograman Framework\\BELAJAR\\Inventory_system\\vendor\\laravel\\framework\\src\\Illuminate\\Routing\\Router.php(821): Illuminate\\Pipeline\\Pipeline->then(Object(Closure))
#34 E:\\SEMESTER 5\\Pemrograman Framework\\BELAJAR\\Inventory_system\\vendor\\laravel\\framework\\src\\Illuminate\\Routing\\Router.php(800): Illuminate\\Routing\\Router->runRouteWithinStack(Object(Illuminate\\Routing\\Route), Object(Illuminate\\Http\\Request))
#35 E:\\SEMESTER 5\\Pemrograman Framework\\BELAJAR\\Inventory_system\\vendor\\laravel\\framework\\src\\Illuminate\\Routing\\Router.php(764): Illuminate\\Routing\\Router->runRoute(Object(Illuminate\\Http\\Request), Object(Illuminate\\Routing\\Route))
#36 E:\\SEMESTER 5\\Pemrograman Framework\\BELAJAR\\Inventory_system\\vendor\\laravel\\framework\\src\\Illuminate\\Routing\\Router.php(753): Illuminate\\Routing\\Router->dispatchToRoute(Object(Illuminate\\Http\\Request))
#37 E:\\SEMESTER 5\\Pemrograman Framework\\BELAJAR\\Inventory_system\\vendor\\laravel\\framework\\src\\Illuminate\\Foundation\\Http\\Kernel.php(200): Illuminate\\Routing\\Router->dispatch(Object(Illuminate\\Http\\Request))
#38 E:\\SEMESTER 5\\Pemrograman Framework\\BELAJAR\\Inventory_system\\vendor\\laravel\\framework\\src\\Illuminate\\Pipeline\\Pipeline.php(180): Illuminate\\Foundation\\Http\\Kernel->Illuminate\\Foundation\\Http\\{closure}(Object(Illuminate\\Http\\Request))
#39 E:\\SEMESTER 5\\Pemrograman Framework\\BELAJAR\\Inventory_system\\vendor\\laravel\\framework\\src\\Illuminate\\Foundation\\Http\\Middleware\\TransformsRequest.php(21): Illuminate\\Pipeline\\Pipeline->Illuminate\\Pipeline\\{closure}(Object(Illuminate\\Http\\Request))
#40 E:\\SEMESTER 5\\Pemrograman Framework\\BELAJAR\\Inventory_system\\vendor\\laravel\\framework\\src\\Illuminate\\Foundation\\Http\\Middleware\\ConvertEmptyStringsToNull.php(31): Illuminate\\Foundation\\Http\\Middleware\\TransformsRequest->handle(Object(Illuminate\\Http\\Request), Object(Closure))
#41 E:\\SEMESTER 5\\Pemrograman Framework\\BELAJAR\\Inventory_system\\vendor\\laravel\\framework\\src\\Illuminate\\Pipeline\\Pipeline.php(219): Illuminate\\Foundation\\Http\\Middleware\\ConvertEmptyStringsToNull->handle(Object(Illuminate\\Http\\Request), Object(Closure))
#42 E:\\SEMESTER 5\\Pemrograman Framework\\BELAJAR\\Inventory_system\\vendor\\laravel\\framework\\src\\Illuminate\\Foundation\\Http\\Middleware\\TransformsRequest.php(21): Illuminate\\Pipeline\\Pipeline->Illuminate\\Pipeline\\{closure}(Object(Illuminate\\Http\\Request))
#43 E:\\SEMESTER 5\\Pemrograman Framework\\BELAJAR\\Inventory_system\\vendor\\laravel\\framework\\src\\Illuminate\\Foundation\\Http\\Middleware\\TrimStrings.php(51): Illuminate\\Foundation\\Http\\Middleware\\TransformsRequest->handle(Object(Illuminate\\Http\\Request), Object(Closure))
#44 E:\\SEMESTER 5\\Pemrograman Framework\\BELAJAR\\Inventory_system\\vendor\\laravel\\framework\\src\\Illuminate\\Pipeline\\Pipeline.php(219): Illuminate\\Foundation\\Http\\Middleware\\TrimStrings->handle(Object(Illuminate\\Http\\Request), Object(Closure))
#45 E:\\SEMESTER 5\\Pemrograman Framework\\BELAJAR\\Inventory_system\\vendor\\laravel\\framework\\src\\Illuminate\\Http\\Middleware\\ValidatePostSize.php(27): Illuminate\\Pipeline\\Pipeline->Illuminate\\Pipeline\\{closure}(Object(Illuminate\\Http\\Request))
#46 E:\\SEMESTER 5\\Pemrograman Framework\\BELAJAR\\Inventory_system\\vendor\\laravel\\framework\\src\\Illuminate\\Pipeline\\Pipeline.php(219): Illuminate\\Http\\Middleware\\ValidatePostSize->handle(Object(Illuminate\\Http\\Request), Object(Closure))
#47 E:\\SEMESTER 5\\Pemrograman Framework\\BELAJAR\\Inventory_system\\vendor\\laravel\\framework\\src\\Illuminate\\Foundation\\Http\\Middleware\\PreventRequestsDuringMaintenance.php(109): Illuminate\\Pipeline\\Pipeline->Illuminate\\Pipeline\\{closure}(Object(Illuminate\\Http\\Request))
#48 E:\\SEMESTER 5\\Pemrograman Framework\\BELAJAR\\Inventory_system\\vendor\\laravel\\framework\\src\\Illuminate\\Pipeline\\Pipeline.php(219): Illuminate\\Foundation\\Http\\Middleware\\PreventRequestsDuringMaintenance->handle(Object(Illuminate\\Http\\Request), Object(Closure))
#49 E:\\SEMESTER 5\\Pemrograman Framework\\BELAJAR\\Inventory_system\\vendor\\laravel\\framework\\src\\Illuminate\\Http\\Middleware\\HandleCors.php(48): Illuminate\\Pipeline\\Pipeline->Illuminate\\Pipeline\\{closure}(Object(Illuminate\\Http\\Request))
#50 E:\\SEMESTER 5\\Pemrograman Framework\\BELAJAR\\Inventory_system\\vendor\\laravel\\framework\\src\\Illuminate\\Pipeline\\Pipeline.php(219): Illuminate\\Http\\Middleware\\HandleCors->handle(Object(Illuminate\\Http\\Request), Object(Closure))
#51 E:\\SEMESTER 5\\Pemrograman Framework\\BELAJAR\\Inventory_system\\vendor\\laravel\\framework\\src\\Illuminate\\Http\\Middleware\\TrustProxies.php(58): Illuminate\\Pipeline\\Pipeline->Illuminate\\Pipeline\\{closure}(Object(Illuminate\\Http\\Request))
#52 E:\\SEMESTER 5\\Pemrograman Framework\\BELAJAR\\Inventory_system\\vendor\\laravel\\framework\\src\\Illuminate\\Pipeline\\Pipeline.php(219): Illuminate\\Http\\Middleware\\TrustProxies->handle(Object(Illuminate\\Http\\Request), Object(Closure))
#53 E:\\SEMESTER 5\\Pemrograman Framework\\BELAJAR\\Inventory_system\\vendor\\laravel\\framework\\src\\Illuminate\\Foundation\\Http\\Middleware\\InvokeDeferredCallbacks.php(22): Illuminate\\Pipeline\\Pipeline->Illuminate\\Pipeline\\{closure}(Object(Illuminate\\Http\\Request))
#54 E:\\SEMESTER 5\\Pemrograman Framework\\BELAJAR\\Inventory_system\\vendor\\laravel\\framework\\src\\Illuminate\\Pipeline\\Pipeline.php(219): Illuminate\\Foundation\\Http\\Middleware\\InvokeDeferredCallbacks->handle(Object(Illuminate\\Http\\Request), Object(Closure))
#55 E:\\SEMESTER 5\\Pemrograman Framework\\BELAJAR\\Inventory_system\\vendor\\laravel\\framework\\src\\Illuminate\\Http\\Middleware\\ValidatePathEncoding.php(26): Illuminate\\Pipeline\\Pipeline->Illuminate\\Pipeline\\{closure}(Object(Illuminate\\Http\\Request))
#56 E:\\SEMESTER 5\\Pemrograman Framework\\BELAJAR\\Inventory_system\\vendor\\laravel\\framework\\src\\Illuminate\\Pipeline\\Pipeline.php(219): Illuminate\\Http\\Middleware\\ValidatePathEncoding->handle(Object(Illuminate\\Http\\Request), Object(Closure))
#57 E:\\SEMESTER 5\\Pemrograman Framework\\BELAJAR\\Inventory_system\\vendor\\laravel\\framework\\src\\Illuminate\\Pipeline\\Pipeline.php(137): Illuminate\\Pipeline\\Pipeline->Illuminate\\Pipeline\\{closure}(Object(Illuminate\\Http\\Request))
#58 E:\\SEMESTER 5\\Pemrograman Framework\\BELAJAR\\Inventory_system\\vendor\\laravel\\framework\\src\\Illuminate\\Foundation\\Http\\Kernel.php(175): Illuminate\\Pipeline\\Pipeline->then(Object(Closure))
#59 E:\\SEMESTER 5\\Pemrograman Framework\\BELAJAR\\Inventory_system\\vendor\\laravel\\framework\\src\\Illuminate\\Foundation\\Http\\Kernel.php(144): Illuminate\\Foundation\\Http\\Kernel->sendRequestThroughRouter(Object(Illuminate\\Http\\Request))
#60 E:\\SEMESTER 5\\Pemrograman Framework\\BELAJAR\\Inventory_system\\vendor\\laravel\\framework\\src\\Illuminate\\Foundation\\Application.php(1220): Illuminate\\Foundation\\Http\\Kernel->handle(Object(Illuminate\\Http\\Request))
#61 E:\\SEMESTER 5\\Pemrograman Framework\\BELAJAR\\Inventory_system\\public\\index.php(20): Illuminate\\Foundation\\Application->handleRequest(Object(Illuminate\\Http\\Request))
#62 E:\\SEMESTER 5\\Pemrograman Framework\\BELAJAR\\Inventory_system\\vendor\\laravel\\framework\\src\\Illuminate\\Foundation\\resources\\server.php(23): require_once('E:\\\\SEMESTER 5\\\\P...')
#63 {main}
"} 
[2025-11-25 18:32:14] local.ERROR: Neither gd-lib or imagick are installed! (View: E:\SEMESTER 5\Pemrograman Framework\BELAJAR\Inventory_system\resources\views\barcodes\print.blade.php) {"userId":1,"exception":"[object] (Illuminate\\View\\ViewException(code: 0): Neither gd-lib or imagick are installed! (View: E:\\SEMESTER 5\\Pemrograman Framework\\BELAJAR\\Inventory_system\\resources\\views\\barcodes\\print.blade.php) at E:\\SEMESTER 5\\Pemrograman Framework\\BELAJAR\\Inventory_system\\vendor\\picqer\\php-barcode-generator\\src\\Renderers\\PngRenderer.php:30)
[stacktrace]
#0 E:\\SEMESTER 5\\Pemrograman Framework\\BELAJAR\\Inventory_system\\vendor\\laravel\\framework\\src\\Illuminate\\View\\Engines\\PhpEngine.php(59): Illuminate\\View\\Engines\\CompilerEngine->handleViewException(Object(Picqer\\Barcode\\Exceptions\\BarcodeException), 1)
#1 E:\\SEMESTER 5\\Pemrograman Framework\\BELAJAR\\Inventory_system\\vendor\\laravel\\framework\\src\\Illuminate\\View\\Engines\\CompilerEngine.php(76): Illuminate\\View\\Engines\\PhpEngine->evaluatePath('E:\\\\SEMESTER 5\\\\P...', Array)
#2 E:\\SEMESTER 5\\Pemrograman Framework\\BELAJAR\\Inventory_system\\vendor\\laravel\\framework\\src\\Illuminate\\View\\View.php(208): Illuminate\\View\\Engines\\CompilerEngine->get('E:\\\\SEMESTER 5\\\\P...', Array)
#3 E:\\SEMESTER 5\\Pemrograman Framework\\BELAJAR\\Inventory_system\\vendor\\laravel\\framework\\src\\Illuminate\\View\\View.php(191): Illuminate\\View\\View->getContents()
#4 E:\\SEMESTER 5\\Pemrograman Framework\\BELAJAR\\Inventory_system\\vendor\\laravel\\framework\\src\\Illuminate\\View\\View.php(160): Illuminate\\View\\View->renderContents()
#5 E:\\SEMESTER 5\\Pemrograman Framework\\BELAJAR\\Inventory_system\\vendor\\laravel\\framework\\src\\Illuminate\\Http\\Response.php(78): Illuminate\\View\\View->render()
#6 E:\\SEMESTER 5\\Pemrograman Framework\\BELAJAR\\Inventory_system\\vendor\\laravel\\framework\\src\\Illuminate\\Http\\Response.php(34): Illuminate\\Http\\Response->setContent(Object(Illuminate\\View\\View))
#7 E:\\SEMESTER 5\\Pemrograman Framework\\BELAJAR\\Inventory_system\\vendor\\laravel\\framework\\src\\Illuminate\\Routing\\Router.php(939): Illuminate\\Http\\Response->__construct(Object(Illuminate\\View\\View), 200, Array)
#8 E:\\SEMESTER 5\\Pemrograman Framework\\BELAJAR\\Inventory_system\\vendor\\laravel\\framework\\src\\Illuminate\\Routing\\Router.php(906): Illuminate\\Routing\\Router::toResponse(Object(Illuminate\\Http\\Request), Object(Illuminate\\View\\View))
#9 E:\\SEMESTER 5\\Pemrograman Framework\\BELAJAR\\Inventory_system\\vendor\\laravel\\framework\\src\\Illuminate\\Routing\\Router.php(821): Illuminate\\Routing\\Router->prepareResponse(Object(Illuminate\\Http\\Request), Object(Illuminate\\View\\View))
#10 E:\\SEMESTER 5\\Pemrograman Framework\\BELAJAR\\Inventory_system\\vendor\\laravel\\framework\\src\\Illuminate\\Pipeline\\Pipeline.php(180): Illuminate\\Routing\\Router->Illuminate\\Routing\\{closure}(Object(Illuminate\\Http\\Request))
#11 E:\\SEMESTER 5\\Pemrograman Framework\\BELAJAR\\Inventory_system\\app\\Http\\Middleware\\RoleMiddleware.php(24): Illuminate\\Pipeline\\Pipeline->Illuminate\\Pipeline\\{closure}(Object(Illuminate\\Http\\Request))
#12 E:\\SEMESTER 5\\Pemrograman Framework\\BELAJAR\\Inventory_system\\vendor\\laravel\\framework\\src\\Illuminate\\Pipeline\\Pipeline.php(219): App\\Http\\Middleware\\RoleMiddleware->handle(Object(Illuminate\\Http\\Request), Object(Closure), 'admin|gudang')
#13 E:\\SEMESTER 5\\Pemrograman Framework\\BELAJAR\\Inventory_system\\vendor\\laravel\\framework\\src\\Illuminate\\Routing\\Middleware\\SubstituteBindings.php(50): Illuminate\\Pipeline\\Pipeline->Illuminate\\Pipeline\\{closure}(Object(Illuminate\\Http\\Request))
#14 E:\\SEMESTER 5\\Pemrograman Framework\\BELAJAR\\Inventory_system\\vendor\\laravel\\framework\\src\\Illuminate\\Pipeline\\Pipeline.php(219): Illuminate\\Routing\\Middleware\\SubstituteBindings->handle(Object(Illuminate\\Http\\Request), Object(Closure))
#15 E:\\SEMESTER 5\\Pemrograman Framework\\BELAJAR\\Inventory_system\\vendor\\laravel\\framework\\src\\Illuminate\\Auth\\Middleware\\Authenticate.php(63): Illuminate\\Pipeline\\Pipeline->Illuminate\\Pipeline\\{closure}(Object(Illuminate\\Http\\Request))
#16 E:\\SEMESTER 5\\Pemrograman Framework\\BELAJAR\\Inventory_system\\vendor\\laravel\\framework\\src\\Illuminate\\Pipeline\\Pipeline.php(219): Illuminate\\Auth\\Middleware\\Authenticate->handle(Object(Illuminate\\Http\\Request), Object(Closure))
#17 E:\\SEMESTER 5\\Pemrograman Framework\\BELAJAR\\Inventory_system\\vendor\\laravel\\framework\\src\\Illuminate\\Foundation\\Http\\Middleware\\VerifyCsrfToken.php(87): Illuminate\\Pipeline\\Pipeline->Illuminate\\Pipeline\\{closure}(Object(Illuminate\\Http\\Request))
#18 E:\\SEMESTER 5\\Pemrograman Framework\\BELAJAR\\Inventory_system\\vendor\\laravel\\framework\\src\\Illuminate\\Pipeline\\Pipeline.php(219): Illuminate\\Foundation\\Http\\Middleware\\VerifyCsrfToken->handle(Object(Illuminate\\Http\\Request), Object(Closure))
#19 E:\\SEMESTER 5\\Pemrograman Framework\\BELAJAR\\Inventory_system\\vendor\\laravel\\framework\\src\\Illuminate\\View\\Middleware\\ShareErrorsFromSession.php(48): Illuminate\\Pipeline\\Pipeline->Illuminate\\Pipeline\\{closure}(Object(Illuminate\\Http\\Request))
#20 E:\\SEMESTER 5\\Pemrograman Framework\\BELAJAR\\Inventory_system\\vendor\\laravel\\framework\\src\\Illuminate\\Pipeline\\Pipeline.php(219): Illuminate\\View\\Middleware\\ShareErrorsFromSession->handle(Object(Illuminate\\Http\\Request), Object(Closure))
#21 E:\\SEMESTER 5\\Pemrograman Framework\\BELAJAR\\Inventory_system\\vendor\\laravel\\framework\\src\\Illuminate\\Session\\Middleware\\StartSession.php(120): Illuminate\\Pipeline\\Pipeline->Illuminate\\Pipeline\\{closure}(Object(Illuminate\\Http\\Request))
#22 E:\\SEMESTER 5\\Pemrograman Framework\\BELAJAR\\Inventory_system\\vendor\\laravel\\framework\\src\\Illuminate\\Session\\Middleware\\StartSession.php(63): Illuminate\\Session\\Middleware\\StartSession->handleStatefulRequest(Object(Illuminate\\Http\\Request), Object(Illuminate\\Session\\Store), Object(Closure))
#23 E:\\SEMESTER 5\\Pemrograman Framework\\BELAJAR\\Inventory_system\\vendor\\laravel\\framework\\src\\Illuminate\\Pipeline\\Pipeline.php(219): Illuminate\\Session\\Middleware\\StartSession->handle(Object(Illuminate\\Http\\Request), Object(Closure))
#24 E:\\SEMESTER 5\\Pemrograman Framework\\BELAJAR\\Inventory_system\\vendor\\laravel\\framework\\src\\Illuminate\\Cookie\\Middleware\\AddQueuedCookiesToResponse.php(36): Illuminate\\Pipeline\\Pipeline->Illuminate\\Pipeline\\{closure}(Object(Illuminate\\Http\\Request))
#25 E:\\SEMESTER 5\\Pemrograman Framework\\BELAJAR\\Inventory_system\\vendor\\laravel\\framework\\src\\Illuminate\\Pipeline\\Pipeline.php(219): Illuminate\\Cookie\\Middleware\\AddQueuedCookiesToResponse->handle(Object(Illuminate\\Http\\Request), Object(Closure))
#26 E:\\SEMESTER 5\\Pemrograman Framework\\BELAJAR\\Inventory_system\\vendor\\laravel\\framework\\src\\Illuminate\\Cookie\\Middleware\\EncryptCookies.php(74): Illuminate\\Pipeline\\Pipeline->Illuminate\\Pipeline\\{closure}(Object(Illuminate\\Http\\Request))
#27 E:\\SEMESTER 5\\Pemrograman Framework\\BELAJAR\\Inventory_system\\vendor\\laravel\\framework\\src\\Illuminate\\Pipeline\\Pipeline.php(219): Illuminate\\Cookie\\Middleware\\EncryptCookies->handle(Object(Illuminate\\Http\\Request), Object(Closure))
#28 E:\\SEMESTER 5\\Pemrograman Framework\\BELAJAR\\Inventory_system\\vendor\\laravel\\framework\\src\\Illuminate\\Pipeline\\Pipeline.php(137): Illuminate\\Pipeline\\Pipeline->Illuminate\\Pipeline\\{closure}(Object(Illuminate\\Http\\Request))
#29 E:\\SEMESTER 5\\Pemrograman Framework\\BELAJAR\\Inventory_system\\vendor\\laravel\\framework\\src\\Illuminate\\Routing\\Router.php(821): Illuminate\\Pipeline\\Pipeline->then(Object(Closure))
#30 E:\\SEMESTER 5\\Pemrograman Framework\\BELAJAR\\Inventory_system\\vendor\\laravel\\framework\\src\\Illuminate\\Routing\\Router.php(800): Illuminate\\Routing\\Router->runRouteWithinStack(Object(Illuminate\\Routing\\Route), Object(Illuminate\\Http\\Request))
#31 E:\\SEMESTER 5\\Pemrograman Framework\\BELAJAR\\Inventory_system\\vendor\\laravel\\framework\\src\\Illuminate\\Routing\\Router.php(764): Illuminate\\Routing\\Router->runRoute(Object(Illuminate\\Http\\Request), Object(Illuminate\\Routing\\Route))
#32 E:\\SEMESTER 5\\Pemrograman Framework\\BELAJAR\\Inventory_system\\vendor\\laravel\\framework\\src\\Illuminate\\Routing\\Router.php(753): Illuminate\\Routing\\Router->dispatchToRoute(Object(Illuminate\\Http\\Request))
#33 E:\\SEMESTER 5\\Pemrograman Framework\\BELAJAR\\Inventory_system\\vendor\\laravel\\framework\\src\\Illuminate\\Foundation\\Http\\Kernel.php(200): Illuminate\\Routing\\Router->dispatch(Object(Illuminate\\Http\\Request))
#34 E:\\SEMESTER 5\\Pemrograman Framework\\BELAJAR\\Inventory_system\\vendor\\laravel\\framework\\src\\Illuminate\\Pipeline\\Pipeline.php(180): Illuminate\\Foundation\\Http\\Kernel->Illuminate\\Foundation\\Http\\{closure}(Object(Illuminate\\Http\\Request))
#35 E:\\SEMESTER 5\\Pemrograman Framework\\BELAJAR\\Inventory_system\\vendor\\laravel\\framework\\src\\Illuminate\\Foundation\\Http\\Middleware\\TransformsRequest.php(21): Illuminate\\Pipeline\\Pipeline->Illuminate\\Pipeline\\{closure}(Object(Illuminate\\Http\\Request))
#36 E:\\SEMESTER 5\\Pemrograman Framework\\BELAJAR\\Inventory_system\\vendor\\laravel\\framework\\src\\Illuminate\\Foundation\\Http\\Middleware\\ConvertEmptyStringsToNull.php(31): Illuminate\\Foundation\\Http\\Middleware\\TransformsRequest->handle(Object(Illuminate\\Http\\Request), Object(Closure))
#37 E:\\SEMESTER 5\\Pemrograman Framework\\BELAJAR\\Inventory_system\\vendor\\laravel\\framework\\src\\Illuminate\\Pipeline\\Pipeline.php(219): Illuminate\\Foundation\\Http\\Middleware\\ConvertEmptyStringsToNull->handle(Object(Illuminate\\Http\\Request), Object(Closure))
#38 E:\\SEMESTER 5\\Pemrograman Framework\\BELAJAR\\Inventory_system\\vendor\\laravel\\framework\\src\\Illuminate\\Foundation\\Http\\Middleware\\TransformsRequest.php(21): Illuminate\\Pipeline\\Pipeline->Illuminate\\Pipeline\\{closure}(Object(Illuminate\\Http\\Request))
#39 E:\\SEMESTER 5\\Pemrograman Framework\\BELAJAR\\Inventory_system\\vendor\\laravel\\framework\\src\\Illuminate\\Foundation\\Http\\Middleware\\TrimStrings.php(51): Illuminate\\Foundation\\Http\\Middleware\\TransformsRequest->handle(Object(Illuminate\\Http\\Request), Object(Closure))
#40 E:\\SEMESTER 5\\Pemrograman Framework\\BELAJAR\\Inventory_system\\vendor\\laravel\\framework\\src\\Illuminate\\Pipeline\\Pipeline.php(219): Illuminate\\Foundation\\Http\\Middleware\\TrimStrings->handle(Object(Illuminate\\Http\\Request), Object(Closure))
#41 E:\\SEMESTER 5\\Pemrograman Framework\\BELAJAR\\Inventory_system\\vendor\\laravel\\framework\\src\\Illuminate\\Http\\Middleware\\ValidatePostSize.php(27): Illuminate\\Pipeline\\Pipeline->Illuminate\\Pipeline\\{closure}(Object(Illuminate\\Http\\Request))
#42 E:\\SEMESTER 5\\Pemrograman Framework\\BELAJAR\\Inventory_system\\vendor\\laravel\\framework\\src\\Illuminate\\Pipeline\\Pipeline.php(219): Illuminate\\Http\\Middleware\\ValidatePostSize->handle(Object(Illuminate\\Http\\Request), Object(Closure))
#43 E:\\SEMESTER 5\\Pemrograman Framework\\BELAJAR\\Inventory_system\\vendor\\laravel\\framework\\src\\Illuminate\\Foundation\\Http\\Middleware\\PreventRequestsDuringMaintenance.php(109): Illuminate\\Pipeline\\Pipeline->Illuminate\\Pipeline\\{closure}(Object(Illuminate\\Http\\Request))
#44 E:\\SEMESTER 5\\Pemrograman Framework\\BELAJAR\\Inventory_system\\vendor\\laravel\\framework\\src\\Illuminate\\Pipeline\\Pipeline.php(219): Illuminate\\Foundation\\Http\\Middleware\\PreventRequestsDuringMaintenance->handle(Object(Illuminate\\Http\\Request), Object(Closure))
#45 E:\\SEMESTER 5\\Pemrograman Framework\\BELAJAR\\Inventory_system\\vendor\\laravel\\framework\\src\\Illuminate\\Http\\Middleware\\HandleCors.php(48): Illuminate\\Pipeline\\Pipeline->Illuminate\\Pipeline\\{closure}(Object(Illuminate\\Http\\Request))
#46 E:\\SEMESTER 5\\Pemrograman Framework\\BELAJAR\\Inventory_system\\vendor\\laravel\\framework\\src\\Illuminate\\Pipeline\\Pipeline.php(219): Illuminate\\Http\\Middleware\\HandleCors->handle(Object(Illuminate\\Http\\Request), Object(Closure))
#47 E:\\SEMESTER 5\\Pemrograman Framework\\BELAJAR\\Inventory_system\\vendor\\laravel\\framework\\src\\Illuminate\\Http\\Middleware\\TrustProxies.php(58): Illuminate\\Pipeline\\Pipeline->Illuminate\\Pipeline\\{closure}(Object(Illuminate\\Http\\Request))
#48 E:\\SEMESTER 5\\Pemrograman Framework\\BELAJAR\\Inventory_system\\vendor\\laravel\\framework\\src\\Illuminate\\Pipeline\\Pipeline.php(219): Illuminate\\Http\\Middleware\\TrustProxies->handle(Object(Illuminate\\Http\\Request), Object(Closure))
#49 E:\\SEMESTER 5\\Pemrograman Framework\\BELAJAR\\Inventory_system\\vendor\\laravel\\framework\\src\\Illuminate\\Foundation\\Http\\Middleware\\InvokeDeferredCallbacks.php(22): Illuminate\\Pipeline\\Pipeline->Illuminate\\Pipeline\\{closure}(Object(Illuminate\\Http\\Request))
#50 E:\\SEMESTER 5\\Pemrograman Framework\\BELAJAR\\Inventory_system\\vendor\\laravel\\framework\\src\\Illuminate\\Pipeline\\Pipeline.php(219): Illuminate\\Foundation\\Http\\Middleware\\InvokeDeferredCallbacks->handle(Object(Illuminate\\Http\\Request), Object(Closure))
#51 E:\\SEMESTER 5\\Pemrograman Framework\\BELAJAR\\Inventory_system\\vendor\\laravel\\framework\\src\\Illuminate\\Http\\Middleware\\ValidatePathEncoding.php(26): Illuminate\\Pipeline\\Pipeline->Illuminate\\Pipeline\\{closure}(Object(Illuminate\\Http\\Request))
#52 E:\\SEMESTER 5\\Pemrograman Framework\\BELAJAR\\Inventory_system\\vendor\\laravel\\framework\\src\\Illuminate\\Pipeline\\Pipeline.php(219): Illuminate\\Http\\Middleware\\ValidatePathEncoding->handle(Object(Illuminate\\Http\\Request), Object(Closure))
#53 E:\\SEMESTER 5\\Pemrograman Framework\\BELAJAR\\Inventory_system\\vendor\\laravel\\framework\\src\\Illuminate\\Pipeline\\Pipeline.php(137): Illuminate\\Pipeline\\Pipeline->Illuminate\\Pipeline\\{closure}(Object(Illuminate\\Http\\Request))
#54 E:\\SEMESTER 5\\Pemrograman Framework\\BELAJAR\\Inventory_system\\vendor\\laravel\\framework\\src\\Illuminate\\Foundation\\Http\\Kernel.php(175): Illuminate\\Pipeline\\Pipeline->then(Object(Closure))
#55 E:\\SEMESTER 5\\Pemrograman Framework\\BELAJAR\\Inventory_system\\vendor\\laravel\\framework\\src\\Illuminate\\Foundation\\Http\\Kernel.php(144): Illuminate\\Foundation\\Http\\Kernel->sendRequestThroughRouter(Object(Illuminate\\Http\\Request))
#56 E:\\SEMESTER 5\\Pemrograman Framework\\BELAJAR\\Inventory_system\\vendor\\laravel\\framework\\src\\Illuminate\\Foundation\\Application.php(1220): Illuminate\\Foundation\\Http\\Kernel->handle(Object(Illuminate\\Http\\Request))
#57 E:\\SEMESTER 5\\Pemrograman Framework\\BELAJAR\\Inventory_system\\public\\index.php(20): Illuminate\\Foundation\\Application->handleRequest(Object(Illuminate\\Http\\Request))
#58 E:\\SEMESTER 5\\Pemrograman Framework\\BELAJAR\\Inventory_system\\vendor\\laravel\\framework\\src\\Illuminate\\Foundation\\resources\\server.php(23): require_once('E:\\\\SEMESTER 5\\\\P...')
#59 {main}

[previous exception] [object] (Picqer\\Barcode\\Exceptions\\BarcodeException(code: 0): Neither gd-lib or imagick are installed! at E:\\SEMESTER 5\\Pemrograman Framework\\BELAJAR\\Inventory_system\\vendor\\picqer\\php-barcode-generator\\src\\Renderers\\PngRenderer.php:30)
[stacktrace]
#0 E:\\SEMESTER 5\\Pemrograman Framework\\BELAJAR\\Inventory_system\\vendor\\picqer\\php-barcode-generator\\src\\BarcodeGeneratorPNG.php(26): Picqer\\Barcode\\Renderers\\PngRenderer->__construct()
#1 E:\\SEMESTER 5\\Pemrograman Framework\\BELAJAR\\Inventory_system\\storage\\framework\\views\\6b6408d7b5501920fd9480cdc421cd41.php(77): Picqer\\Barcode\\BarcodeGeneratorPNG->getBarcode('34', 'C128')
#2 E:\\SEMESTER 5\\Pemrograman Framework\\BELAJAR\\Inventory_system\\vendor\\laravel\\framework\\src\\Illuminate\\Filesystem\\Filesystem.php(123): require('E:\\\\SEMESTER 5\\\\P...')
#3 E:\\SEMESTER 5\\Pemrograman Framework\\BELAJAR\\Inventory_system\\vendor\\laravel\\framework\\src\\Illuminate\\Filesystem\\Filesystem.php(124): Illuminate\\Filesystem\\Filesystem::Illuminate\\Filesystem\\{closure}()
#4 E:\\SEMESTER 5\\Pemrograman Framework\\BELAJAR\\Inventory_system\\vendor\\laravel\\framework\\src\\Illuminate\\View\\Engines\\PhpEngine.php(57): Illuminate\\Filesystem\\Filesystem->getRequire('E:\\\\SEMESTER 5\\\\P...', Array)
#5 E:\\SEMESTER 5\\Pemrograman Framework\\BELAJAR\\Inventory_system\\vendor\\laravel\\framework\\src\\Illuminate\\View\\Engines\\CompilerEngine.php(76): Illuminate\\View\\Engines\\PhpEngine->evaluatePath('E:\\\\SEMESTER 5\\\\P...', Array)
#6 E:\\SEMESTER 5\\Pemrograman Framework\\BELAJAR\\Inventory_system\\vendor\\laravel\\framework\\src\\Illuminate\\View\\View.php(208): Illuminate\\View\\Engines\\CompilerEngine->get('E:\\\\SEMESTER 5\\\\P...', Array)
#7 E:\\SEMESTER 5\\Pemrograman Framework\\BELAJAR\\Inventory_system\\vendor\\laravel\\framework\\src\\Illuminate\\View\\View.php(191): Illuminate\\View\\View->getContents()
#8 E:\\SEMESTER 5\\Pemrograman Framework\\BELAJAR\\Inventory_system\\vendor\\laravel\\framework\\src\\Illuminate\\View\\View.php(160): Illuminate\\View\\View->renderContents()
#9 E:\\SEMESTER 5\\Pemrograman Framework\\BELAJAR\\Inventory_system\\vendor\\laravel\\framework\\src\\Illuminate\\Http\\Response.php(78): Illuminate\\View\\View->render()
#10 E:\\SEMESTER 5\\Pemrograman Framework\\BELAJAR\\Inventory_system\\vendor\\laravel\\framework\\src\\Illuminate\\Http\\Response.php(34): Illuminate\\Http\\Response->setContent(Object(Illuminate\\View\\View))
#11 E:\\SEMESTER 5\\Pemrograman Framework\\BELAJAR\\Inventory_system\\vendor\\laravel\\framework\\src\\Illuminate\\Routing\\Router.php(939): Illuminate\\Http\\Response->__construct(Object(Illuminate\\View\\View), 200, Array)
#12 E:\\SEMESTER 5\\Pemrograman Framework\\BELAJAR\\Inventory_system\\vendor\\laravel\\framework\\src\\Illuminate\\Routing\\Router.php(906): Illuminate\\Routing\\Router::toResponse(Object(Illuminate\\Http\\Request), Object(Illuminate\\View\\View))
#13 E:\\SEMESTER 5\\Pemrograman Framework\\BELAJAR\\Inventory_system\\vendor\\laravel\\framework\\src\\Illuminate\\Routing\\Router.php(821): Illuminate\\Routing\\Router->prepareResponse(Object(Illuminate\\Http\\Request), Object(Illuminate\\View\\View))
#14 E:\\SEMESTER 5\\Pemrograman Framework\\BELAJAR\\Inventory_system\\vendor\\laravel\\framework\\src\\Illuminate\\Pipeline\\Pipeline.php(180): Illuminate\\Routing\\Router->Illuminate\\Routing\\{closure}(Object(Illuminate\\Http\\Request))
#15 E:\\SEMESTER 5\\Pemrograman Framework\\BELAJAR\\Inventory_system\\app\\Http\\Middleware\\RoleMiddleware.php(24): Illuminate\\Pipeline\\Pipeline->Illuminate\\Pipeline\\{closure}(Object(Illuminate\\Http\\Request))
#16 E:\\SEMESTER 5\\Pemrograman Framework\\BELAJAR\\Inventory_system\\vendor\\laravel\\framework\\src\\Illuminate\\Pipeline\\Pipeline.php(219): App\\Http\\Middleware\\RoleMiddleware->handle(Object(Illuminate\\Http\\Request), Object(Closure), 'admin|gudang')
#17 E:\\SEMESTER 5\\Pemrograman Framework\\BELAJAR\\Inventory_system\\vendor\\laravel\\framework\\src\\Illuminate\\Routing\\Middleware\\SubstituteBindings.php(50): Illuminate\\Pipeline\\Pipeline->Illuminate\\Pipeline\\{closure}(Object(Illuminate\\Http\\Request))
#18 E:\\SEMESTER 5\\Pemrograman Framework\\BELAJAR\\Inventory_system\\vendor\\laravel\\framework\\src\\Illuminate\\Pipeline\\Pipeline.php(219): Illuminate\\Routing\\Middleware\\SubstituteBindings->handle(Object(Illuminate\\Http\\Request), Object(Closure))
#19 E:\\SEMESTER 5\\Pemrograman Framework\\BELAJAR\\Inventory_system\\vendor\\laravel\\framework\\src\\Illuminate\\Auth\\Middleware\\Authenticate.php(63): Illuminate\\Pipeline\\Pipeline->Illuminate\\Pipeline\\{closure}(Object(Illuminate\\Http\\Request))
#20 E:\\SEMESTER 5\\Pemrograman Framework\\BELAJAR\\Inventory_system\\vendor\\laravel\\framework\\src\\Illuminate\\Pipeline\\Pipeline.php(219): Illuminate\\Auth\\Middleware\\Authenticate->handle(Object(Illuminate\\Http\\Request), Object(Closure))
#21 E:\\SEMESTER 5\\Pemrograman Framework\\BELAJAR\\Inventory_system\\vendor\\laravel\\framework\\src\\Illuminate\\Foundation\\Http\\Middleware\\VerifyCsrfToken.php(87): Illuminate\\Pipeline\\Pipeline->Illuminate\\Pipeline\\{closure}(Object(Illuminate\\Http\\Request))
#22 E:\\SEMESTER 5\\Pemrograman Framework\\BELAJAR\\Inventory_system\\vendor\\laravel\\framework\\src\\Illuminate\\Pipeline\\Pipeline.php(219): Illuminate\\Foundation\\Http\\Middleware\\VerifyCsrfToken->handle(Object(Illuminate\\Http\\Request), Object(Closure))
#23 E:\\SEMESTER 5\\Pemrograman Framework\\BELAJAR\\Inventory_system\\vendor\\laravel\\framework\\src\\Illuminate\\View\\Middleware\\ShareErrorsFromSession.php(48): Illuminate\\Pipeline\\Pipeline->Illuminate\\Pipeline\\{closure}(Object(Illuminate\\Http\\Request))
#24 E:\\SEMESTER 5\\Pemrograman Framework\\BELAJAR\\Inventory_system\\vendor\\laravel\\framework\\src\\Illuminate\\Pipeline\\Pipeline.php(219): Illuminate\\View\\Middleware\\ShareErrorsFromSession->handle(Object(Illuminate\\Http\\Request), Object(Closure))
#25 E:\\SEMESTER 5\\Pemrograman Framework\\BELAJAR\\Inventory_system\\vendor\\laravel\\framework\\src\\Illuminate\\Session\\Middleware\\StartSession.php(120): Illuminate\\Pipeline\\Pipeline->Illuminate\\Pipeline\\{closure}(Object(Illuminate\\Http\\Request))
#26 E:\\SEMESTER 5\\Pemrograman Framework\\BELAJAR\\Inventory_system\\vendor\\laravel\\framework\\src\\Illuminate\\Session\\Middleware\\StartSession.php(63): Illuminate\\Session\\Middleware\\StartSession->handleStatefulRequest(Object(Illuminate\\Http\\Request), Object(Illuminate\\Session\\Store), Object(Closure))
#27 E:\\SEMESTER 5\\Pemrograman Framework\\BELAJAR\\Inventory_system\\vendor\\laravel\\framework\\src\\Illuminate\\Pipeline\\Pipeline.php(219): Illuminate\\Session\\Middleware\\StartSession->handle(Object(Illuminate\\Http\\Request), Object(Closure))
#28 E:\\SEMESTER 5\\Pemrograman Framework\\BELAJAR\\Inventory_system\\vendor\\laravel\\framework\\src\\Illuminate\\Cookie\\Middleware\\AddQueuedCookiesToResponse.php(36): Illuminate\\Pipeline\\Pipeline->Illuminate\\Pipeline\\{closure}(Object(Illuminate\\Http\\Request))
#29 E:\\SEMESTER 5\\Pemrograman Framework\\BELAJAR\\Inventory_system\\vendor\\laravel\\framework\\src\\Illuminate\\Pipeline\\Pipeline.php(219): Illuminate\\Cookie\\Middleware\\AddQueuedCookiesToResponse->handle(Object(Illuminate\\Http\\Request), Object(Closure))
#30 E:\\SEMESTER 5\\Pemrograman Framework\\BELAJAR\\Inventory_system\\vendor\\laravel\\framework\\src\\Illuminate\\Cookie\\Middleware\\EncryptCookies.php(74): Illuminate\\Pipeline\\Pipeline->Illuminate\\Pipeline\\{closure}(Object(Illuminate\\Http\\Request))
#31 E:\\SEMESTER 5\\Pemrograman Framework\\BELAJAR\\Inventory_system\\vendor\\laravel\\framework\\src\\Illuminate\\Pipeline\\Pipeline.php(219): Illuminate\\Cookie\\Middleware\\EncryptCookies->handle(Object(Illuminate\\Http\\Request), Object(Closure))
#32 E:\\SEMESTER 5\\Pemrograman Framework\\BELAJAR\\Inventory_system\\vendor\\laravel\\framework\\src\\Illuminate\\Pipeline\\Pipeline.php(137): Illuminate\\Pipeline\\Pipeline->Illuminate\\Pipeline\\{closure}(Object(Illuminate\\Http\\Request))
#33 E:\\SEMESTER 5\\Pemrograman Framework\\BELAJAR\\Inventory_system\\vendor\\laravel\\framework\\src\\Illuminate\\Routing\\Router.php(821): Illuminate\\Pipeline\\Pipeline->then(Object(Closure))
#34 E:\\SEMESTER 5\\Pemrograman Framework\\BELAJAR\\Inventory_system\\vendor\\laravel\\framework\\src\\Illuminate\\Routing\\Router.php(800): Illuminate\\Routing\\Router->runRouteWithinStack(Object(Illuminate\\Routing\\Route), Object(Illuminate\\Http\\Request))
#35 E:\\SEMESTER 5\\Pemrograman Framework\\BELAJAR\\Inventory_system\\vendor\\laravel\\framework\\src\\Illuminate\\Routing\\Router.php(764): Illuminate\\Routing\\Router->runRoute(Object(Illuminate\\Http\\Request), Object(Illuminate\\Routing\\Route))
#36 E:\\SEMESTER 5\\Pemrograman Framework\\BELAJAR\\Inventory_system\\vendor\\laravel\\framework\\src\\Illuminate\\Routing\\Router.php(753): Illuminate\\Routing\\Router->dispatchToRoute(Object(Illuminate\\Http\\Request))
#37 E:\\SEMESTER 5\\Pemrograman Framework\\BELAJAR\\Inventory_system\\vendor\\laravel\\framework\\src\\Illuminate\\Foundation\\Http\\Kernel.php(200): Illuminate\\Routing\\Router->dispatch(Object(Illuminate\\Http\\Request))
#38 E:\\SEMESTER 5\\Pemrograman Framework\\BELAJAR\\Inventory_system\\vendor\\laravel\\framework\\src\\Illuminate\\Pipeline\\Pipeline.php(180): Illuminate\\Foundation\\Http\\Kernel->Illuminate\\Foundation\\Http\\{closure}(Object(Illuminate\\Http\\Request))
#39 E:\\SEMESTER 5\\Pemrograman Framework\\BELAJAR\\Inventory_system\\vendor\\laravel\\framework\\src\\Illuminate\\Foundation\\Http\\Middleware\\TransformsRequest.php(21): Illuminate\\Pipeline\\Pipeline->Illuminate\\Pipeline\\{closure}(Object(Illuminate\\Http\\Request))
#40 E:\\SEMESTER 5\\Pemrograman Framework\\BELAJAR\\Inventory_system\\vendor\\laravel\\framework\\src\\Illuminate\\Foundation\\Http\\Middleware\\ConvertEmptyStringsToNull.php(31): Illuminate\\Foundation\\Http\\Middleware\\TransformsRequest->handle(Object(Illuminate\\Http\\Request), Object(Closure))
#41 E:\\SEMESTER 5\\Pemrograman Framework\\BELAJAR\\Inventory_system\\vendor\\laravel\\framework\\src\\Illuminate\\Pipeline\\Pipeline.php(219): Illuminate\\Foundation\\Http\\Middleware\\ConvertEmptyStringsToNull->handle(Object(Illuminate\\Http\\Request), Object(Closure))
#42 E:\\SEMESTER 5\\Pemrograman Framework\\BELAJAR\\Inventory_system\\vendor\\laravel\\framework\\src\\Illuminate\\Foundation\\Http\\Middleware\\TransformsRequest.php(21): Illuminate\\Pipeline\\Pipeline->Illuminate\\Pipeline\\{closure}(Object(Illuminate\\Http\\Request))
#43 E:\\SEMESTER 5\\Pemrograman Framework\\BELAJAR\\Inventory_system\\vendor\\laravel\\framework\\src\\Illuminate\\Foundation\\Http\\Middleware\\TrimStrings.php(51): Illuminate\\Foundation\\Http\\Middleware\\TransformsRequest->handle(Object(Illuminate\\Http\\Request), Object(Closure))
#44 E:\\SEMESTER 5\\Pemrograman Framework\\BELAJAR\\Inventory_system\\vendor\\laravel\\framework\\src\\Illuminate\\Pipeline\\Pipeline.php(219): Illuminate\\Foundation\\Http\\Middleware\\TrimStrings->handle(Object(Illuminate\\Http\\Request), Object(Closure))
#45 E:\\SEMESTER 5\\Pemrograman Framework\\BELAJAR\\Inventory_system\\vendor\\laravel\\framework\\src\\Illuminate\\Http\\Middleware\\ValidatePostSize.php(27): Illuminate\\Pipeline\\Pipeline->Illuminate\\Pipeline\\{closure}(Object(Illuminate\\Http\\Request))
#46 E:\\SEMESTER 5\\Pemrograman Framework\\BELAJAR\\Inventory_system\\vendor\\laravel\\framework\\src\\Illuminate\\Pipeline\\Pipeline.php(219): Illuminate\\Http\\Middleware\\ValidatePostSize->handle(Object(Illuminate\\Http\\Request), Object(Closure))
#47 E:\\SEMESTER 5\\Pemrograman Framework\\BELAJAR\\Inventory_system\\vendor\\laravel\\framework\\src\\Illuminate\\Foundation\\Http\\Middleware\\PreventRequestsDuringMaintenance.php(109): Illuminate\\Pipeline\\Pipeline->Illuminate\\Pipeline\\{closure}(Object(Illuminate\\Http\\Request))
#48 E:\\SEMESTER 5\\Pemrograman Framework\\BELAJAR\\Inventory_system\\vendor\\laravel\\framework\\src\\Illuminate\\Pipeline\\Pipeline.php(219): Illuminate\\Foundation\\Http\\Middleware\\PreventRequestsDuringMaintenance->handle(Object(Illuminate\\Http\\Request), Object(Closure))
#49 E:\\SEMESTER 5\\Pemrograman Framework\\BELAJAR\\Inventory_system\\vendor\\laravel\\framework\\src\\Illuminate\\Http\\Middleware\\HandleCors.php(48): Illuminate\\Pipeline\\Pipeline->Illuminate\\Pipeline\\{closure}(Object(Illuminate\\Http\\Request))
#50 E:\\SEMESTER 5\\Pemrograman Framework\\BELAJAR\\Inventory_system\\vendor\\laravel\\framework\\src\\Illuminate\\Pipeline\\Pipeline.php(219): Illuminate\\Http\\Middleware\\HandleCors->handle(Object(Illuminate\\Http\\Request), Object(Closure))
#51 E:\\SEMESTER 5\\Pemrograman Framework\\BELAJAR\\Inventory_system\\vendor\\laravel\\framework\\src\\Illuminate\\Http\\Middleware\\TrustProxies.php(58): Illuminate\\Pipeline\\Pipeline->Illuminate\\Pipeline\\{closure}(Object(Illuminate\\Http\\Request))
#52 E:\\SEMESTER 5\\Pemrograman Framework\\BELAJAR\\Inventory_system\\vendor\\laravel\\framework\\src\\Illuminate\\Pipeline\\Pipeline.php(219): Illuminate\\Http\\Middleware\\TrustProxies->handle(Object(Illuminate\\Http\\Request), Object(Closure))
#53 E:\\SEMESTER 5\\Pemrograman Framework\\BELAJAR\\Inventory_system\\vendor\\laravel\\framework\\src\\Illuminate\\Foundation\\Http\\Middleware\\InvokeDeferredCallbacks.php(22): Illuminate\\Pipeline\\Pipeline->Illuminate\\Pipeline\\{closure}(Object(Illuminate\\Http\\Request))
#54 E:\\SEMESTER 5\\Pemrograman Framework\\BELAJAR\\Inventory_system\\vendor\\laravel\\framework\\src\\Illuminate\\Pipeline\\Pipeline.php(219): Illuminate\\Foundation\\Http\\Middleware\\InvokeDeferredCallbacks->handle(Object(Illuminate\\Http\\Request), Object(Closure))
#55 E:\\SEMESTER 5\\Pemrograman Framework\\BELAJAR\\Inventory_system\\vendor\\laravel\\framework\\src\\Illuminate\\Http\\Middleware\\ValidatePathEncoding.php(26): Illuminate\\Pipeline\\Pipeline->Illuminate\\Pipeline\\{closure}(Object(Illuminate\\Http\\Request))
#56 E:\\SEMESTER 5\\Pemrograman Framework\\BELAJAR\\Inventory_system\\vendor\\laravel\\framework\\src\\Illuminate\\Pipeline\\Pipeline.php(219): Illuminate\\Http\\Middleware\\ValidatePathEncoding->handle(Object(Illuminate\\Http\\Request), Object(Closure))
#57 E:\\SEMESTER 5\\Pemrograman Framework\\BELAJAR\\Inventory_system\\vendor\\laravel\\framework\\src\\Illuminate\\Pipeline\\Pipeline.php(137): Illuminate\\Pipeline\\Pipeline->Illuminate\\Pipeline\\{closure}(Object(Illuminate\\Http\\Request))
#58 E:\\SEMESTER 5\\Pemrograman Framework\\BELAJAR\\Inventory_system\\vendor\\laravel\\framework\\src\\Illuminate\\Foundation\\Http\\Kernel.php(175): Illuminate\\Pipeline\\Pipeline->then(Object(Closure))
#59 E:\\SEMESTER 5\\Pemrograman Framework\\BELAJAR\\Inventory_system\\vendor\\laravel\\framework\\src\\Illuminate\\Foundation\\Http\\Kernel.php(144): Illuminate\\Foundation\\Http\\Kernel->sendRequestThroughRouter(Object(Illuminate\\Http\\Request))
#60 E:\\SEMESTER 5\\Pemrograman Framework\\BELAJAR\\Inventory_system\\vendor\\laravel\\framework\\src\\Illuminate\\Foundation\\Application.php(1220): Illuminate\\Foundation\\Http\\Kernel->handle(Object(Illuminate\\Http\\Request))
#61 E:\\SEMESTER 5\\Pemrograman Framework\\BELAJAR\\Inventory_system\\public\\index.php(20): Illuminate\\Foundation\\Application->handleRequest(Object(Illuminate\\Http\\Request))
#62 E:\\SEMESTER 5\\Pemrograman Framework\\BELAJAR\\Inventory_system\\vendor\\laravel\\framework\\src\\Illuminate\\Foundation\\resources\\server.php(23): require_once('E:\\\\SEMESTER 5\\\\P...')
#63 {main}
"} 
[2025-11-25 18:32:58] local.ERROR: Neither gd-lib or imagick are installed! (View: E:\SEMESTER 5\Pemrograman Framework\BELAJAR\Inventory_system\resources\views\barcodes\print.blade.php) {"userId":1,"exception":"[object] (Illuminate\\View\\ViewException(code: 0): Neither gd-lib or imagick are installed! (View: E:\\SEMESTER 5\\Pemrograman Framework\\BELAJAR\\Inventory_system\\resources\\views\\barcodes\\print.blade.php) at E:\\SEMESTER 5\\Pemrograman Framework\\BELAJAR\\Inventory_system\\vendor\\picqer\\php-barcode-generator\\src\\Renderers\\PngRenderer.php:30)
[stacktrace]
#0 E:\\SEMESTER 5\\Pemrograman Framework\\BELAJAR\\Inventory_system\\vendor\\laravel\\framework\\src\\Illuminate\\View\\Engines\\PhpEngine.php(59): Illuminate\\View\\Engines\\CompilerEngine->handleViewException(Object(Picqer\\Barcode\\Exceptions\\BarcodeException), 1)
#1 E:\\SEMESTER 5\\Pemrograman Framework\\BELAJAR\\Inventory_system\\vendor\\laravel\\framework\\src\\Illuminate\\View\\Engines\\CompilerEngine.php(76): Illuminate\\View\\Engines\\PhpEngine->evaluatePath('E:\\\\SEMESTER 5\\\\P...', Array)
#2 E:\\SEMESTER 5\\Pemrograman Framework\\BELAJAR\\Inventory_system\\vendor\\laravel\\framework\\src\\Illuminate\\View\\View.php(208): Illuminate\\View\\Engines\\CompilerEngine->get('E:\\\\SEMESTER 5\\\\P...', Array)
#3 E:\\SEMESTER 5\\Pemrograman Framework\\BELAJAR\\Inventory_system\\vendor\\laravel\\framework\\src\\Illuminate\\View\\View.php(191): Illuminate\\View\\View->getContents()
#4 E:\\SEMESTER 5\\Pemrograman Framework\\BELAJAR\\Inventory_system\\vendor\\laravel\\framework\\src\\Illuminate\\View\\View.php(160): Illuminate\\View\\View->renderContents()
#5 E:\\SEMESTER 5\\Pemrograman Framework\\BELAJAR\\Inventory_system\\vendor\\laravel\\framework\\src\\Illuminate\\Http\\Response.php(78): Illuminate\\View\\View->render()
#6 E:\\SEMESTER 5\\Pemrograman Framework\\BELAJAR\\Inventory_system\\vendor\\laravel\\framework\\src\\Illuminate\\Http\\Response.php(34): Illuminate\\Http\\Response->setContent(Object(Illuminate\\View\\View))
#7 E:\\SEMESTER 5\\Pemrograman Framework\\BELAJAR\\Inventory_system\\vendor\\laravel\\framework\\src\\Illuminate\\Routing\\Router.php(939): Illuminate\\Http\\Response->__construct(Object(Illuminate\\View\\View), 200, Array)
#8 E:\\SEMESTER 5\\Pemrograman Framework\\BELAJAR\\Inventory_system\\vendor\\laravel\\framework\\src\\Illuminate\\Routing\\Router.php(906): Illuminate\\Routing\\Router::toResponse(Object(Illuminate\\Http\\Request), Object(Illuminate\\View\\View))
#9 E:\\SEMESTER 5\\Pemrograman Framework\\BELAJAR\\Inventory_system\\vendor\\laravel\\framework\\src\\Illuminate\\Routing\\Router.php(821): Illuminate\\Routing\\Router->prepareResponse(Object(Illuminate\\Http\\Request), Object(Illuminate\\View\\View))
#10 E:\\SEMESTER 5\\Pemrograman Framework\\BELAJAR\\Inventory_system\\vendor\\laravel\\framework\\src\\Illuminate\\Pipeline\\Pipeline.php(180): Illuminate\\Routing\\Router->Illuminate\\Routing\\{closure}(Object(Illuminate\\Http\\Request))
#11 E:\\SEMESTER 5\\Pemrograman Framework\\BELAJAR\\Inventory_system\\app\\Http\\Middleware\\RoleMiddleware.php(24): Illuminate\\Pipeline\\Pipeline->Illuminate\\Pipeline\\{closure}(Object(Illuminate\\Http\\Request))
#12 E:\\SEMESTER 5\\Pemrograman Framework\\BELAJAR\\Inventory_system\\vendor\\laravel\\framework\\src\\Illuminate\\Pipeline\\Pipeline.php(219): App\\Http\\Middleware\\RoleMiddleware->handle(Object(Illuminate\\Http\\Request), Object(Closure), 'admin|gudang')
#13 E:\\SEMESTER 5\\Pemrograman Framework\\BELAJAR\\Inventory_system\\vendor\\laravel\\framework\\src\\Illuminate\\Routing\\Middleware\\SubstituteBindings.php(50): Illuminate\\Pipeline\\Pipeline->Illuminate\\Pipeline\\{closure}(Object(Illuminate\\Http\\Request))
#14 E:\\SEMESTER 5\\Pemrograman Framework\\BELAJAR\\Inventory_system\\vendor\\laravel\\framework\\src\\Illuminate\\Pipeline\\Pipeline.php(219): Illuminate\\Routing\\Middleware\\SubstituteBindings->handle(Object(Illuminate\\Http\\Request), Object(Closure))
#15 E:\\SEMESTER 5\\Pemrograman Framework\\BELAJAR\\Inventory_system\\vendor\\laravel\\framework\\src\\Illuminate\\Auth\\Middleware\\Authenticate.php(63): Illuminate\\Pipeline\\Pipeline->Illuminate\\Pipeline\\{closure}(Object(Illuminate\\Http\\Request))
#16 E:\\SEMESTER 5\\Pemrograman Framework\\BELAJAR\\Inventory_system\\vendor\\laravel\\framework\\src\\Illuminate\\Pipeline\\Pipeline.php(219): Illuminate\\Auth\\Middleware\\Authenticate->handle(Object(Illuminate\\Http\\Request), Object(Closure))
#17 E:\\SEMESTER 5\\Pemrograman Framework\\BELAJAR\\Inventory_system\\vendor\\laravel\\framework\\src\\Illuminate\\Foundation\\Http\\Middleware\\VerifyCsrfToken.php(87): Illuminate\\Pipeline\\Pipeline->Illuminate\\Pipeline\\{closure}(Object(Illuminate\\Http\\Request))
#18 E:\\SEMESTER 5\\Pemrograman Framework\\BELAJAR\\Inventory_system\\vendor\\laravel\\framework\\src\\Illuminate\\Pipeline\\Pipeline.php(219): Illuminate\\Foundation\\Http\\Middleware\\VerifyCsrfToken->handle(Object(Illuminate\\Http\\Request), Object(Closure))
#19 E:\\SEMESTER 5\\Pemrograman Framework\\BELAJAR\\Inventory_system\\vendor\\laravel\\framework\\src\\Illuminate\\View\\Middleware\\ShareErrorsFromSession.php(48): Illuminate\\Pipeline\\Pipeline->Illuminate\\Pipeline\\{closure}(Object(Illuminate\\Http\\Request))
#20 E:\\SEMESTER 5\\Pemrograman Framework\\BELAJAR\\Inventory_system\\vendor\\laravel\\framework\\src\\Illuminate\\Pipeline\\Pipeline.php(219): Illuminate\\View\\Middleware\\ShareErrorsFromSession->handle(Object(Illuminate\\Http\\Request), Object(Closure))
#21 E:\\SEMESTER 5\\Pemrograman Framework\\BELAJAR\\Inventory_system\\vendor\\laravel\\framework\\src\\Illuminate\\Session\\Middleware\\StartSession.php(120): Illuminate\\Pipeline\\Pipeline->Illuminate\\Pipeline\\{closure}(Object(Illuminate\\Http\\Request))
#22 E:\\SEMESTER 5\\Pemrograman Framework\\BELAJAR\\Inventory_system\\vendor\\laravel\\framework\\src\\Illuminate\\Session\\Middleware\\StartSession.php(63): Illuminate\\Session\\Middleware\\StartSession->handleStatefulRequest(Object(Illuminate\\Http\\Request), Object(Illuminate\\Session\\Store), Object(Closure))
#23 E:\\SEMESTER 5\\Pemrograman Framework\\BELAJAR\\Inventory_system\\vendor\\laravel\\framework\\src\\Illuminate\\Pipeline\\Pipeline.php(219): Illuminate\\Session\\Middleware\\StartSession->handle(Object(Illuminate\\Http\\Request), Object(Closure))
#24 E:\\SEMESTER 5\\Pemrograman Framework\\BELAJAR\\Inventory_system\\vendor\\laravel\\framework\\src\\Illuminate\\Cookie\\Middleware\\AddQueuedCookiesToResponse.php(36): Illuminate\\Pipeline\\Pipeline->Illuminate\\Pipeline\\{closure}(Object(Illuminate\\Http\\Request))
#25 E:\\SEMESTER 5\\Pemrograman Framework\\BELAJAR\\Inventory_system\\vendor\\laravel\\framework\\src\\Illuminate\\Pipeline\\Pipeline.php(219): Illuminate\\Cookie\\Middleware\\AddQueuedCookiesToResponse->handle(Object(Illuminate\\Http\\Request), Object(Closure))
#26 E:\\SEMESTER 5\\Pemrograman Framework\\BELAJAR\\Inventory_system\\vendor\\laravel\\framework\\src\\Illuminate\\Cookie\\Middleware\\EncryptCookies.php(74): Illuminate\\Pipeline\\Pipeline->Illuminate\\Pipeline\\{closure}(Object(Illuminate\\Http\\Request))
#27 E:\\SEMESTER 5\\Pemrograman Framework\\BELAJAR\\Inventory_system\\vendor\\laravel\\framework\\src\\Illuminate\\Pipeline\\Pipeline.php(219): Illuminate\\Cookie\\Middleware\\EncryptCookies->handle(Object(Illuminate\\Http\\Request), Object(Closure))
#28 E:\\SEMESTER 5\\Pemrograman Framework\\BELAJAR\\Inventory_system\\vendor\\laravel\\framework\\src\\Illuminate\\Pipeline\\Pipeline.php(137): Illuminate\\Pipeline\\Pipeline->Illuminate\\Pipeline\\{closure}(Object(Illuminate\\Http\\Request))
#29 E:\\SEMESTER 5\\Pemrograman Framework\\BELAJAR\\Inventory_system\\vendor\\laravel\\framework\\src\\Illuminate\\Routing\\Router.php(821): Illuminate\\Pipeline\\Pipeline->then(Object(Closure))
#30 E:\\SEMESTER 5\\Pemrograman Framework\\BELAJAR\\Inventory_system\\vendor\\laravel\\framework\\src\\Illuminate\\Routing\\Router.php(800): Illuminate\\Routing\\Router->runRouteWithinStack(Object(Illuminate\\Routing\\Route), Object(Illuminate\\Http\\Request))
#31 E:\\SEMESTER 5\\Pemrograman Framework\\BELAJAR\\Inventory_system\\vendor\\laravel\\framework\\src\\Illuminate\\Routing\\Router.php(764): Illuminate\\Routing\\Router->runRoute(Object(Illuminate\\Http\\Request), Object(Illuminate\\Routing\\Route))
#32 E:\\SEMESTER 5\\Pemrograman Framework\\BELAJAR\\Inventory_system\\vendor\\laravel\\framework\\src\\Illuminate\\Routing\\Router.php(753): Illuminate\\Routing\\Router->dispatchToRoute(Object(Illuminate\\Http\\Request))
#33 E:\\SEMESTER 5\\Pemrograman Framework\\BELAJAR\\Inventory_system\\vendor\\laravel\\framework\\src\\Illuminate\\Foundation\\Http\\Kernel.php(200): Illuminate\\Routing\\Router->dispatch(Object(Illuminate\\Http\\Request))
#34 E:\\SEMESTER 5\\Pemrograman Framework\\BELAJAR\\Inventory_system\\vendor\\laravel\\framework\\src\\Illuminate\\Pipeline\\Pipeline.php(180): Illuminate\\Foundation\\Http\\Kernel->Illuminate\\Foundation\\Http\\{closure}(Object(Illuminate\\Http\\Request))
#35 E:\\SEMESTER 5\\Pemrograman Framework\\BELAJAR\\Inventory_system\\vendor\\laravel\\framework\\src\\Illuminate\\Foundation\\Http\\Middleware\\TransformsRequest.php(21): Illuminate\\Pipeline\\Pipeline->Illuminate\\Pipeline\\{closure}(Object(Illuminate\\Http\\Request))
#36 E:\\SEMESTER 5\\Pemrograman Framework\\BELAJAR\\Inventory_system\\vendor\\laravel\\framework\\src\\Illuminate\\Foundation\\Http\\Middleware\\ConvertEmptyStringsToNull.php(31): Illuminate\\Foundation\\Http\\Middleware\\TransformsRequest->handle(Object(Illuminate\\Http\\Request), Object(Closure))
#37 E:\\SEMESTER 5\\Pemrograman Framework\\BELAJAR\\Inventory_system\\vendor\\laravel\\framework\\src\\Illuminate\\Pipeline\\Pipeline.php(219): Illuminate\\Foundation\\Http\\Middleware\\ConvertEmptyStringsToNull->handle(Object(Illuminate\\Http\\Request), Object(Closure))
#38 E:\\SEMESTER 5\\Pemrograman Framework\\BELAJAR\\Inventory_system\\vendor\\laravel\\framework\\src\\Illuminate\\Foundation\\Http\\Middleware\\TransformsRequest.php(21): Illuminate\\Pipeline\\Pipeline->Illuminate\\Pipeline\\{closure}(Object(Illuminate\\Http\\Request))
#39 E:\\SEMESTER 5\\Pemrograman Framework\\BELAJAR\\Inventory_system\\vendor\\laravel\\framework\\src\\Illuminate\\Foundation\\Http\\Middleware\\TrimStrings.php(51): Illuminate\\Foundation\\Http\\Middleware\\TransformsRequest->handle(Object(Illuminate\\Http\\Request), Object(Closure))
#40 E:\\SEMESTER 5\\Pemrograman Framework\\BELAJAR\\Inventory_system\\vendor\\laravel\\framework\\src\\Illuminate\\Pipeline\\Pipeline.php(219): Illuminate\\Foundation\\Http\\Middleware\\TrimStrings->handle(Object(Illuminate\\Http\\Request), Object(Closure))
#41 E:\\SEMESTER 5\\Pemrograman Framework\\BELAJAR\\Inventory_system\\vendor\\laravel\\framework\\src\\Illuminate\\Http\\Middleware\\ValidatePostSize.php(27): Illuminate\\Pipeline\\Pipeline->Illuminate\\Pipeline\\{closure}(Object(Illuminate\\Http\\Request))
#42 E:\\SEMESTER 5\\Pemrograman Framework\\BELAJAR\\Inventory_system\\vendor\\laravel\\framework\\src\\Illuminate\\Pipeline\\Pipeline.php(219): Illuminate\\Http\\Middleware\\ValidatePostSize->handle(Object(Illuminate\\Http\\Request), Object(Closure))
#43 E:\\SEMESTER 5\\Pemrograman Framework\\BELAJAR\\Inventory_system\\vendor\\laravel\\framework\\src\\Illuminate\\Foundation\\Http\\Middleware\\PreventRequestsDuringMaintenance.php(109): Illuminate\\Pipeline\\Pipeline->Illuminate\\Pipeline\\{closure}(Object(Illuminate\\Http\\Request))
#44 E:\\SEMESTER 5\\Pemrograman Framework\\BELAJAR\\Inventory_system\\vendor\\laravel\\framework\\src\\Illuminate\\Pipeline\\Pipeline.php(219): Illuminate\\Foundation\\Http\\Middleware\\PreventRequestsDuringMaintenance->handle(Object(Illuminate\\Http\\Request), Object(Closure))
#45 E:\\SEMESTER 5\\Pemrograman Framework\\BELAJAR\\Inventory_system\\vendor\\laravel\\framework\\src\\Illuminate\\Http\\Middleware\\HandleCors.php(48): Illuminate\\Pipeline\\Pipeline->Illuminate\\Pipeline\\{closure}(Object(Illuminate\\Http\\Request))
#46 E:\\SEMESTER 5\\Pemrograman Framework\\BELAJAR\\Inventory_system\\vendor\\laravel\\framework\\src\\Illuminate\\Pipeline\\Pipeline.php(219): Illuminate\\Http\\Middleware\\HandleCors->handle(Object(Illuminate\\Http\\Request), Object(Closure))
#47 E:\\SEMESTER 5\\Pemrograman Framework\\BELAJAR\\Inventory_system\\vendor\\laravel\\framework\\src\\Illuminate\\Http\\Middleware\\TrustProxies.php(58): Illuminate\\Pipeline\\Pipeline->Illuminate\\Pipeline\\{closure}(Object(Illuminate\\Http\\Request))
#48 E:\\SEMESTER 5\\Pemrograman Framework\\BELAJAR\\Inventory_system\\vendor\\laravel\\framework\\src\\Illuminate\\Pipeline\\Pipeline.php(219): Illuminate\\Http\\Middleware\\TrustProxies->handle(Object(Illuminate\\Http\\Request), Object(Closure))
#49 E:\\SEMESTER 5\\Pemrograman Framework\\BELAJAR\\Inventory_system\\vendor\\laravel\\framework\\src\\Illuminate\\Foundation\\Http\\Middleware\\InvokeDeferredCallbacks.php(22): Illuminate\\Pipeline\\Pipeline->Illuminate\\Pipeline\\{closure}(Object(Illuminate\\Http\\Request))
#50 E:\\SEMESTER 5\\Pemrograman Framework\\BELAJAR\\Inventory_system\\vendor\\laravel\\framework\\src\\Illuminate\\Pipeline\\Pipeline.php(219): Illuminate\\Foundation\\Http\\Middleware\\InvokeDeferredCallbacks->handle(Object(Illuminate\\Http\\Request), Object(Closure))
#51 E:\\SEMESTER 5\\Pemrograman Framework\\BELAJAR\\Inventory_system\\vendor\\laravel\\framework\\src\\Illuminate\\Http\\Middleware\\ValidatePathEncoding.php(26): Illuminate\\Pipeline\\Pipeline->Illuminate\\Pipeline\\{closure}(Object(Illuminate\\Http\\Request))
#52 E:\\SEMESTER 5\\Pemrograman Framework\\BELAJAR\\Inventory_system\\vendor\\laravel\\framework\\src\\Illuminate\\Pipeline\\Pipeline.php(219): Illuminate\\Http\\Middleware\\ValidatePathEncoding->handle(Object(Illuminate\\Http\\Request), Object(Closure))
#53 E:\\SEMESTER 5\\Pemrograman Framework\\BELAJAR\\Inventory_system\\vendor\\laravel\\framework\\src\\Illuminate\\Pipeline\\Pipeline.php(137): Illuminate\\Pipeline\\Pipeline->Illuminate\\Pipeline\\{closure}(Object(Illuminate\\Http\\Request))
#54 E:\\SEMESTER 5\\Pemrograman Framework\\BELAJAR\\Inventory_system\\vendor\\laravel\\framework\\src\\Illuminate\\Foundation\\Http\\Kernel.php(175): Illuminate\\Pipeline\\Pipeline->then(Object(Closure))
#55 E:\\SEMESTER 5\\Pemrograman Framework\\BELAJAR\\Inventory_system\\vendor\\laravel\\framework\\src\\Illuminate\\Foundation\\Http\\Kernel.php(144): Illuminate\\Foundation\\Http\\Kernel->sendRequestThroughRouter(Object(Illuminate\\Http\\Request))
#56 E:\\SEMESTER 5\\Pemrograman Framework\\BELAJAR\\Inventory_system\\vendor\\laravel\\framework\\src\\Illuminate\\Foundation\\Application.php(1220): Illuminate\\Foundation\\Http\\Kernel->handle(Object(Illuminate\\Http\\Request))
#57 E:\\SEMESTER 5\\Pemrograman Framework\\BELAJAR\\Inventory_system\\public\\index.php(20): Illuminate\\Foundation\\Application->handleRequest(Object(Illuminate\\Http\\Request))
#58 E:\\SEMESTER 5\\Pemrograman Framework\\BELAJAR\\Inventory_system\\vendor\\laravel\\framework\\src\\Illuminate\\Foundation\\resources\\server.php(23): require_once('E:\\\\SEMESTER 5\\\\P...')
#59 {main}

[previous exception] [object] (Picqer\\Barcode\\Exceptions\\BarcodeException(code: 0): Neither gd-lib or imagick are installed! at E:\\SEMESTER 5\\Pemrograman Framework\\BELAJAR\\Inventory_system\\vendor\\picqer\\php-barcode-generator\\src\\Renderers\\PngRenderer.php:30)
[stacktrace]
#0 E:\\SEMESTER 5\\Pemrograman Framework\\BELAJAR\\Inventory_system\\vendor\\picqer\\php-barcode-generator\\src\\BarcodeGeneratorPNG.php(26): Picqer\\Barcode\\Renderers\\PngRenderer->__construct()
#1 E:\\SEMESTER 5\\Pemrograman Framework\\BELAJAR\\Inventory_system\\storage\\framework\\views\\6b6408d7b5501920fd9480cdc421cd41.php(77): Picqer\\Barcode\\BarcodeGeneratorPNG->getBarcode('34', 'C128')
#2 E:\\SEMESTER 5\\Pemrograman Framework\\BELAJAR\\Inventory_system\\vendor\\laravel\\framework\\src\\Illuminate\\Filesystem\\Filesystem.php(123): require('E:\\\\SEMESTER 5\\\\P...')
#3 E:\\SEMESTER 5\\Pemrograman Framework\\BELAJAR\\Inventory_system\\vendor\\laravel\\framework\\src\\Illuminate\\Filesystem\\Filesystem.php(124): Illuminate\\Filesystem\\Filesystem::Illuminate\\Filesystem\\{closure}()
#4 E:\\SEMESTER 5\\Pemrograman Framework\\BELAJAR\\Inventory_system\\vendor\\laravel\\framework\\src\\Illuminate\\View\\Engines\\PhpEngine.php(57): Illuminate\\Filesystem\\Filesystem->getRequire('E:\\\\SEMESTER 5\\\\P...', Array)
#5 E:\\SEMESTER 5\\Pemrograman Framework\\BELAJAR\\Inventory_system\\vendor\\laravel\\framework\\src\\Illuminate\\View\\Engines\\CompilerEngine.php(76): Illuminate\\View\\Engines\\PhpEngine->evaluatePath('E:\\\\SEMESTER 5\\\\P...', Array)
#6 E:\\SEMESTER 5\\Pemrograman Framework\\BELAJAR\\Inventory_system\\vendor\\laravel\\framework\\src\\Illuminate\\View\\View.php(208): Illuminate\\View\\Engines\\CompilerEngine->get('E:\\\\SEMESTER 5\\\\P...', Array)
#7 E:\\SEMESTER 5\\Pemrograman Framework\\BELAJAR\\Inventory_system\\vendor\\laravel\\framework\\src\\Illuminate\\View\\View.php(191): Illuminate\\View\\View->getContents()
#8 E:\\SEMESTER 5\\Pemrograman Framework\\BELAJAR\\Inventory_system\\vendor\\laravel\\framework\\src\\Illuminate\\View\\View.php(160): Illuminate\\View\\View->renderContents()
#9 E:\\SEMESTER 5\\Pemrograman Framework\\BELAJAR\\Inventory_system\\vendor\\laravel\\framework\\src\\Illuminate\\Http\\Response.php(78): Illuminate\\View\\View->render()
#10 E:\\SEMESTER 5\\Pemrograman Framework\\BELAJAR\\Inventory_system\\vendor\\laravel\\framework\\src\\Illuminate\\Http\\Response.php(34): Illuminate\\Http\\Response->setContent(Object(Illuminate\\View\\View))
#11 E:\\SEMESTER 5\\Pemrograman Framework\\BELAJAR\\Inventory_system\\vendor\\laravel\\framework\\src\\Illuminate\\Routing\\Router.php(939): Illuminate\\Http\\Response->__construct(Object(Illuminate\\View\\View), 200, Array)
#12 E:\\SEMESTER 5\\Pemrograman Framework\\BELAJAR\\Inventory_system\\vendor\\laravel\\framework\\src\\Illuminate\\Routing\\Router.php(906): Illuminate\\Routing\\Router::toResponse(Object(Illuminate\\Http\\Request), Object(Illuminate\\View\\View))
#13 E:\\SEMESTER 5\\Pemrograman Framework\\BELAJAR\\Inventory_system\\vendor\\laravel\\framework\\src\\Illuminate\\Routing\\Router.php(821): Illuminate\\Routing\\Router->prepareResponse(Object(Illuminate\\Http\\Request), Object(Illuminate\\View\\View))
#14 E:\\SEMESTER 5\\Pemrograman Framework\\BELAJAR\\Inventory_system\\vendor\\laravel\\framework\\src\\Illuminate\\Pipeline\\Pipeline.php(180): Illuminate\\Routing\\Router->Illuminate\\Routing\\{closure}(Object(Illuminate\\Http\\Request))
#15 E:\\SEMESTER 5\\Pemrograman Framework\\BELAJAR\\Inventory_system\\app\\Http\\Middleware\\RoleMiddleware.php(24): Illuminate\\Pipeline\\Pipeline->Illuminate\\Pipeline\\{closure}(Object(Illuminate\\Http\\Request))
#16 E:\\SEMESTER 5\\Pemrograman Framework\\BELAJAR\\Inventory_system\\vendor\\laravel\\framework\\src\\Illuminate\\Pipeline\\Pipeline.php(219): App\\Http\\Middleware\\RoleMiddleware->handle(Object(Illuminate\\Http\\Request), Object(Closure), 'admin|gudang')
#17 E:\\SEMESTER 5\\Pemrograman Framework\\BELAJAR\\Inventory_system\\vendor\\laravel\\framework\\src\\Illuminate\\Routing\\Middleware\\SubstituteBindings.php(50): Illuminate\\Pipeline\\Pipeline->Illuminate\\Pipeline\\{closure}(Object(Illuminate\\Http\\Request))
#18 E:\\SEMESTER 5\\Pemrograman Framework\\BELAJAR\\Inventory_system\\vendor\\laravel\\framework\\src\\Illuminate\\Pipeline\\Pipeline.php(219): Illuminate\\Routing\\Middleware\\SubstituteBindings->handle(Object(Illuminate\\Http\\Request), Object(Closure))
#19 E:\\SEMESTER 5\\Pemrograman Framework\\BELAJAR\\Inventory_system\\vendor\\laravel\\framework\\src\\Illuminate\\Auth\\Middleware\\Authenticate.php(63): Illuminate\\Pipeline\\Pipeline->Illuminate\\Pipeline\\{closure}(Object(Illuminate\\Http\\Request))
#20 E:\\SEMESTER 5\\Pemrograman Framework\\BELAJAR\\Inventory_system\\vendor\\laravel\\framework\\src\\Illuminate\\Pipeline\\Pipeline.php(219): Illuminate\\Auth\\Middleware\\Authenticate->handle(Object(Illuminate\\Http\\Request), Object(Closure))
#21 E:\\SEMESTER 5\\Pemrograman Framework\\BELAJAR\\Inventory_system\\vendor\\laravel\\framework\\src\\Illuminate\\Foundation\\Http\\Middleware\\VerifyCsrfToken.php(87): Illuminate\\Pipeline\\Pipeline->Illuminate\\Pipeline\\{closure}(Object(Illuminate\\Http\\Request))
#22 E:\\SEMESTER 5\\Pemrograman Framework\\BELAJAR\\Inventory_system\\vendor\\laravel\\framework\\src\\Illuminate\\Pipeline\\Pipeline.php(219): Illuminate\\Foundation\\Http\\Middleware\\VerifyCsrfToken->handle(Object(Illuminate\\Http\\Request), Object(Closure))
#23 E:\\SEMESTER 5\\Pemrograman Framework\\BELAJAR\\Inventory_system\\vendor\\laravel\\framework\\src\\Illuminate\\View\\Middleware\\ShareErrorsFromSession.php(48): Illuminate\\Pipeline\\Pipeline->Illuminate\\Pipeline\\{closure}(Object(Illuminate\\Http\\Request))
#24 E:\\SEMESTER 5\\Pemrograman Framework\\BELAJAR\\Inventory_system\\vendor\\laravel\\framework\\src\\Illuminate\\Pipeline\\Pipeline.php(219): Illuminate\\View\\Middleware\\ShareErrorsFromSession->handle(Object(Illuminate\\Http\\Request), Object(Closure))
#25 E:\\SEMESTER 5\\Pemrograman Framework\\BELAJAR\\Inventory_system\\vendor\\laravel\\framework\\src\\Illuminate\\Session\\Middleware\\StartSession.php(120): Illuminate\\Pipeline\\Pipeline->Illuminate\\Pipeline\\{closure}(Object(Illuminate\\Http\\Request))
#26 E:\\SEMESTER 5\\Pemrograman Framework\\BELAJAR\\Inventory_system\\vendor\\laravel\\framework\\src\\Illuminate\\Session\\Middleware\\StartSession.php(63): Illuminate\\Session\\Middleware\\StartSession->handleStatefulRequest(Object(Illuminate\\Http\\Request), Object(Illuminate\\Session\\Store), Object(Closure))
#27 E:\\SEMESTER 5\\Pemrograman Framework\\BELAJAR\\Inventory_system\\vendor\\laravel\\framework\\src\\Illuminate\\Pipeline\\Pipeline.php(219): Illuminate\\Session\\Middleware\\StartSession->handle(Object(Illuminate\\Http\\Request), Object(Closure))
#28 E:\\SEMESTER 5\\Pemrograman Framework\\BELAJAR\\Inventory_system\\vendor\\laravel\\framework\\src\\Illuminate\\Cookie\\Middleware\\AddQueuedCookiesToResponse.php(36): Illuminate\\Pipeline\\Pipeline->Illuminate\\Pipeline\\{closure}(Object(Illuminate\\Http\\Request))
#29 E:\\SEMESTER 5\\Pemrograman Framework\\BELAJAR\\Inventory_system\\vendor\\laravel\\framework\\src\\Illuminate\\Pipeline\\Pipeline.php(219): Illuminate\\Cookie\\Middleware\\AddQueuedCookiesToResponse->handle(Object(Illuminate\\Http\\Request), Object(Closure))
#30 E:\\SEMESTER 5\\Pemrograman Framework\\BELAJAR\\Inventory_system\\vendor\\laravel\\framework\\src\\Illuminate\\Cookie\\Middleware\\EncryptCookies.php(74): Illuminate\\Pipeline\\Pipeline->Illuminate\\Pipeline\\{closure}(Object(Illuminate\\Http\\Request))
#31 E:\\SEMESTER 5\\Pemrograman Framework\\BELAJAR\\Inventory_system\\vendor\\laravel\\framework\\src\\Illuminate\\Pipeline\\Pipeline.php(219): Illuminate\\Cookie\\Middleware\\EncryptCookies->handle(Object(Illuminate\\Http\\Request), Object(Closure))
#32 E:\\SEMESTER 5\\Pemrograman Framework\\BELAJAR\\Inventory_system\\vendor\\laravel\\framework\\src\\Illuminate\\Pipeline\\Pipeline.php(137): Illuminate\\Pipeline\\Pipeline->Illuminate\\Pipeline\\{closure}(Object(Illuminate\\Http\\Request))
#33 E:\\SEMESTER 5\\Pemrograman Framework\\BELAJAR\\Inventory_system\\vendor\\laravel\\framework\\src\\Illuminate\\Routing\\Router.php(821): Illuminate\\Pipeline\\Pipeline->then(Object(Closure))
#34 E:\\SEMESTER 5\\Pemrograman Framework\\BELAJAR\\Inventory_system\\vendor\\laravel\\framework\\src\\Illuminate\\Routing\\Router.php(800): Illuminate\\Routing\\Router->runRouteWithinStack(Object(Illuminate\\Routing\\Route), Object(Illuminate\\Http\\Request))
#35 E:\\SEMESTER 5\\Pemrograman Framework\\BELAJAR\\Inventory_system\\vendor\\laravel\\framework\\src\\Illuminate\\Routing\\Router.php(764): Illuminate\\Routing\\Router->runRoute(Object(Illuminate\\Http\\Request), Object(Illuminate\\Routing\\Route))
#36 E:\\SEMESTER 5\\Pemrograman Framework\\BELAJAR\\Inventory_system\\vendor\\laravel\\framework\\src\\Illuminate\\Routing\\Router.php(753): Illuminate\\Routing\\Router->dispatchToRoute(Object(Illuminate\\Http\\Request))
#37 E:\\SEMESTER 5\\Pemrograman Framework\\BELAJAR\\Inventory_system\\vendor\\laravel\\framework\\src\\Illuminate\\Foundation\\Http\\Kernel.php(200): Illuminate\\Routing\\Router->dispatch(Object(Illuminate\\Http\\Request))
#38 E:\\SEMESTER 5\\Pemrograman Framework\\BELAJAR\\Inventory_system\\vendor\\laravel\\framework\\src\\Illuminate\\Pipeline\\Pipeline.php(180): Illuminate\\Foundation\\Http\\Kernel->Illuminate\\Foundation\\Http\\{closure}(Object(Illuminate\\Http\\Request))
#39 E:\\SEMESTER 5\\Pemrograman Framework\\BELAJAR\\Inventory_system\\vendor\\laravel\\framework\\src\\Illuminate\\Foundation\\Http\\Middleware\\TransformsRequest.php(21): Illuminate\\Pipeline\\Pipeline->Illuminate\\Pipeline\\{closure}(Object(Illuminate\\Http\\Request))
#40 E:\\SEMESTER 5\\Pemrograman Framework\\BELAJAR\\Inventory_system\\vendor\\laravel\\framework\\src\\Illuminate\\Foundation\\Http\\Middleware\\ConvertEmptyStringsToNull.php(31): Illuminate\\Foundation\\Http\\Middleware\\TransformsRequest->handle(Object(Illuminate\\Http\\Request), Object(Closure))
#41 E:\\SEMESTER 5\\Pemrograman Framework\\BELAJAR\\Inventory_system\\vendor\\laravel\\framework\\src\\Illuminate\\Pipeline\\Pipeline.php(219): Illuminate\\Foundation\\Http\\Middleware\\ConvertEmptyStringsToNull->handle(Object(Illuminate\\Http\\Request), Object(Closure))
#42 E:\\SEMESTER 5\\Pemrograman Framework\\BELAJAR\\Inventory_system\\vendor\\laravel\\framework\\src\\Illuminate\\Foundation\\Http\\Middleware\\TransformsRequest.php(21): Illuminate\\Pipeline\\Pipeline->Illuminate\\Pipeline\\{closure}(Object(Illuminate\\Http\\Request))
#43 E:\\SEMESTER 5\\Pemrograman Framework\\BELAJAR\\Inventory_system\\vendor\\laravel\\framework\\src\\Illuminate\\Foundation\\Http\\Middleware\\TrimStrings.php(51): Illuminate\\Foundation\\Http\\Middleware\\TransformsRequest->handle(Object(Illuminate\\Http\\Request), Object(Closure))
#44 E:\\SEMESTER 5\\Pemrograman Framework\\BELAJAR\\Inventory_system\\vendor\\laravel\\framework\\src\\Illuminate\\Pipeline\\Pipeline.php(219): Illuminate\\Foundation\\Http\\Middleware\\TrimStrings->handle(Object(Illuminate\\Http\\Request), Object(Closure))
#45 E:\\SEMESTER 5\\Pemrograman Framework\\BELAJAR\\Inventory_system\\vendor\\laravel\\framework\\src\\Illuminate\\Http\\Middleware\\ValidatePostSize.php(27): Illuminate\\Pipeline\\Pipeline->Illuminate\\Pipeline\\{closure}(Object(Illuminate\\Http\\Request))
#46 E:\\SEMESTER 5\\Pemrograman Framework\\BELAJAR\\Inventory_system\\vendor\\laravel\\framework\\src\\Illuminate\\Pipeline\\Pipeline.php(219): Illuminate\\Http\\Middleware\\ValidatePostSize->handle(Object(Illuminate\\Http\\Request), Object(Closure))
#47 E:\\SEMESTER 5\\Pemrograman Framework\\BELAJAR\\Inventory_system\\vendor\\laravel\\framework\\src\\Illuminate\\Foundation\\Http\\Middleware\\PreventRequestsDuringMaintenance.php(109): Illuminate\\Pipeline\\Pipeline->Illuminate\\Pipeline\\{closure}(Object(Illuminate\\Http\\Request))
#48 E:\\SEMESTER 5\\Pemrograman Framework\\BELAJAR\\Inventory_system\\vendor\\laravel\\framework\\src\\Illuminate\\Pipeline\\Pipeline.php(219): Illuminate\\Foundation\\Http\\Middleware\\PreventRequestsDuringMaintenance->handle(Object(Illuminate\\Http\\Request), Object(Closure))
#49 E:\\SEMESTER 5\\Pemrograman Framework\\BELAJAR\\Inventory_system\\vendor\\laravel\\framework\\src\\Illuminate\\Http\\Middleware\\HandleCors.php(48): Illuminate\\Pipeline\\Pipeline->Illuminate\\Pipeline\\{closure}(Object(Illuminate\\Http\\Request))
#50 E:\\SEMESTER 5\\Pemrograman Framework\\BELAJAR\\Inventory_system\\vendor\\laravel\\framework\\src\\Illuminate\\Pipeline\\Pipeline.php(219): Illuminate\\Http\\Middleware\\HandleCors->handle(Object(Illuminate\\Http\\Request), Object(Closure))
#51 E:\\SEMESTER 5\\Pemrograman Framework\\BELAJAR\\Inventory_system\\vendor\\laravel\\framework\\src\\Illuminate\\Http\\Middleware\\TrustProxies.php(58): Illuminate\\Pipeline\\Pipeline->Illuminate\\Pipeline\\{closure}(Object(Illuminate\\Http\\Request))
#52 E:\\SEMESTER 5\\Pemrograman Framework\\BELAJAR\\Inventory_system\\vendor\\laravel\\framework\\src\\Illuminate\\Pipeline\\Pipeline.php(219): Illuminate\\Http\\Middleware\\TrustProxies->handle(Object(Illuminate\\Http\\Request), Object(Closure))
#53 E:\\SEMESTER 5\\Pemrograman Framework\\BELAJAR\\Inventory_system\\vendor\\laravel\\framework\\src\\Illuminate\\Foundation\\Http\\Middleware\\InvokeDeferredCallbacks.php(22): Illuminate\\Pipeline\\Pipeline->Illuminate\\Pipeline\\{closure}(Object(Illuminate\\Http\\Request))
#54 E:\\SEMESTER 5\\Pemrograman Framework\\BELAJAR\\Inventory_system\\vendor\\laravel\\framework\\src\\Illuminate\\Pipeline\\Pipeline.php(219): Illuminate\\Foundation\\Http\\Middleware\\InvokeDeferredCallbacks->handle(Object(Illuminate\\Http\\Request), Object(Closure))
#55 E:\\SEMESTER 5\\Pemrograman Framework\\BELAJAR\\Inventory_system\\vendor\\laravel\\framework\\src\\Illuminate\\Http\\Middleware\\ValidatePathEncoding.php(26): Illuminate\\Pipeline\\Pipeline->Illuminate\\Pipeline\\{closure}(Object(Illuminate\\Http\\Request))
#56 E:\\SEMESTER 5\\Pemrograman Framework\\BELAJAR\\Inventory_system\\vendor\\laravel\\framework\\src\\Illuminate\\Pipeline\\Pipeline.php(219): Illuminate\\Http\\Middleware\\ValidatePathEncoding->handle(Object(Illuminate\\Http\\Request), Object(Closure))
#57 E:\\SEMESTER 5\\Pemrograman Framework\\BELAJAR\\Inventory_system\\vendor\\laravel\\framework\\src\\Illuminate\\Pipeline\\Pipeline.php(137): Illuminate\\Pipeline\\Pipeline->Illuminate\\Pipeline\\{closure}(Object(Illuminate\\Http\\Request))
#58 E:\\SEMESTER 5\\Pemrograman Framework\\BELAJAR\\Inventory_system\\vendor\\laravel\\framework\\src\\Illuminate\\Foundation\\Http\\Kernel.php(175): Illuminate\\Pipeline\\Pipeline->then(Object(Closure))
#59 E:\\SEMESTER 5\\Pemrograman Framework\\BELAJAR\\Inventory_system\\vendor\\laravel\\framework\\src\\Illuminate\\Foundation\\Http\\Kernel.php(144): Illuminate\\Foundation\\Http\\Kernel->sendRequestThroughRouter(Object(Illuminate\\Http\\Request))
#60 E:\\SEMESTER 5\\Pemrograman Framework\\BELAJAR\\Inventory_system\\vendor\\laravel\\framework\\src\\Illuminate\\Foundation\\Application.php(1220): Illuminate\\Foundation\\Http\\Kernel->handle(Object(Illuminate\\Http\\Request))
#61 E:\\SEMESTER 5\\Pemrograman Framework\\BELAJAR\\Inventory_system\\public\\index.php(20): Illuminate\\Foundation\\Application->handleRequest(Object(Illuminate\\Http\\Request))
#62 E:\\SEMESTER 5\\Pemrograman Framework\\BELAJAR\\Inventory_system\\vendor\\laravel\\framework\\src\\Illuminate\\Foundation\\resources\\server.php(23): require_once('E:\\\\SEMESTER 5\\\\P...')
#63 {main}
"} 
[2025-11-25 18:34:50] local.ERROR: Neither gd-lib or imagick are installed! (View: E:\SEMESTER 5\Pemrograman Framework\BELAJAR\Inventory_system\resources\views\barcodes\print.blade.php) {"userId":1,"exception":"[object] (Illuminate\\View\\ViewException(code: 0): Neither gd-lib or imagick are installed! (View: E:\\SEMESTER 5\\Pemrograman Framework\\BELAJAR\\Inventory_system\\resources\\views\\barcodes\\print.blade.php) at E:\\SEMESTER 5\\Pemrograman Framework\\BELAJAR\\Inventory_system\\vendor\\picqer\\php-barcode-generator\\src\\Renderers\\PngRenderer.php:30)
[stacktrace]
#0 E:\\SEMESTER 5\\Pemrograman Framework\\BELAJAR\\Inventory_system\\vendor\\laravel\\framework\\src\\Illuminate\\View\\Engines\\PhpEngine.php(59): Illuminate\\View\\Engines\\CompilerEngine->handleViewException(Object(Picqer\\Barcode\\Exceptions\\BarcodeException), 1)
#1 E:\\SEMESTER 5\\Pemrograman Framework\\BELAJAR\\Inventory_system\\vendor\\laravel\\framework\\src\\Illuminate\\View\\Engines\\CompilerEngine.php(76): Illuminate\\View\\Engines\\PhpEngine->evaluatePath('E:\\\\SEMESTER 5\\\\P...', Array)
#2 E:\\SEMESTER 5\\Pemrograman Framework\\BELAJAR\\Inventory_system\\vendor\\laravel\\framework\\src\\Illuminate\\View\\View.php(208): Illuminate\\View\\Engines\\CompilerEngine->get('E:\\\\SEMESTER 5\\\\P...', Array)
#3 E:\\SEMESTER 5\\Pemrograman Framework\\BELAJAR\\Inventory_system\\vendor\\laravel\\framework\\src\\Illuminate\\View\\View.php(191): Illuminate\\View\\View->getContents()
#4 E:\\SEMESTER 5\\Pemrograman Framework\\BELAJAR\\Inventory_system\\vendor\\laravel\\framework\\src\\Illuminate\\View\\View.php(160): Illuminate\\View\\View->renderContents()
#5 E:\\SEMESTER 5\\Pemrograman Framework\\BELAJAR\\Inventory_system\\vendor\\laravel\\framework\\src\\Illuminate\\Http\\Response.php(78): Illuminate\\View\\View->render()
#6 E:\\SEMESTER 5\\Pemrograman Framework\\BELAJAR\\Inventory_system\\vendor\\laravel\\framework\\src\\Illuminate\\Http\\Response.php(34): Illuminate\\Http\\Response->setContent(Object(Illuminate\\View\\View))
#7 E:\\SEMESTER 5\\Pemrograman Framework\\BELAJAR\\Inventory_system\\vendor\\laravel\\framework\\src\\Illuminate\\Routing\\Router.php(939): Illuminate\\Http\\Response->__construct(Object(Illuminate\\View\\View), 200, Array)
#8 E:\\SEMESTER 5\\Pemrograman Framework\\BELAJAR\\Inventory_system\\vendor\\laravel\\framework\\src\\Illuminate\\Routing\\Router.php(906): Illuminate\\Routing\\Router::toResponse(Object(Illuminate\\Http\\Request), Object(Illuminate\\View\\View))
#9 E:\\SEMESTER 5\\Pemrograman Framework\\BELAJAR\\Inventory_system\\vendor\\laravel\\framework\\src\\Illuminate\\Routing\\Router.php(821): Illuminate\\Routing\\Router->prepareResponse(Object(Illuminate\\Http\\Request), Object(Illuminate\\View\\View))
#10 E:\\SEMESTER 5\\Pemrograman Framework\\BELAJAR\\Inventory_system\\vendor\\laravel\\framework\\src\\Illuminate\\Pipeline\\Pipeline.php(180): Illuminate\\Routing\\Router->Illuminate\\Routing\\{closure}(Object(Illuminate\\Http\\Request))
#11 E:\\SEMESTER 5\\Pemrograman Framework\\BELAJAR\\Inventory_system\\app\\Http\\Middleware\\RoleMiddleware.php(24): Illuminate\\Pipeline\\Pipeline->Illuminate\\Pipeline\\{closure}(Object(Illuminate\\Http\\Request))
#12 E:\\SEMESTER 5\\Pemrograman Framework\\BELAJAR\\Inventory_system\\vendor\\laravel\\framework\\src\\Illuminate\\Pipeline\\Pipeline.php(219): App\\Http\\Middleware\\RoleMiddleware->handle(Object(Illuminate\\Http\\Request), Object(Closure), 'admin|gudang')
#13 E:\\SEMESTER 5\\Pemrograman Framework\\BELAJAR\\Inventory_system\\vendor\\laravel\\framework\\src\\Illuminate\\Routing\\Middleware\\SubstituteBindings.php(50): Illuminate\\Pipeline\\Pipeline->Illuminate\\Pipeline\\{closure}(Object(Illuminate\\Http\\Request))
#14 E:\\SEMESTER 5\\Pemrograman Framework\\BELAJAR\\Inventory_system\\vendor\\laravel\\framework\\src\\Illuminate\\Pipeline\\Pipeline.php(219): Illuminate\\Routing\\Middleware\\SubstituteBindings->handle(Object(Illuminate\\Http\\Request), Object(Closure))
#15 E:\\SEMESTER 5\\Pemrograman Framework\\BELAJAR\\Inventory_system\\vendor\\laravel\\framework\\src\\Illuminate\\Auth\\Middleware\\Authenticate.php(63): Illuminate\\Pipeline\\Pipeline->Illuminate\\Pipeline\\{closure}(Object(Illuminate\\Http\\Request))
#16 E:\\SEMESTER 5\\Pemrograman Framework\\BELAJAR\\Inventory_system\\vendor\\laravel\\framework\\src\\Illuminate\\Pipeline\\Pipeline.php(219): Illuminate\\Auth\\Middleware\\Authenticate->handle(Object(Illuminate\\Http\\Request), Object(Closure))
#17 E:\\SEMESTER 5\\Pemrograman Framework\\BELAJAR\\Inventory_system\\vendor\\laravel\\framework\\src\\Illuminate\\Foundation\\Http\\Middleware\\VerifyCsrfToken.php(87): Illuminate\\Pipeline\\Pipeline->Illuminate\\Pipeline\\{closure}(Object(Illuminate\\Http\\Request))
#18 E:\\SEMESTER 5\\Pemrograman Framework\\BELAJAR\\Inventory_system\\vendor\\laravel\\framework\\src\\Illuminate\\Pipeline\\Pipeline.php(219): Illuminate\\Foundation\\Http\\Middleware\\VerifyCsrfToken->handle(Object(Illuminate\\Http\\Request), Object(Closure))
#19 E:\\SEMESTER 5\\Pemrograman Framework\\BELAJAR\\Inventory_system\\vendor\\laravel\\framework\\src\\Illuminate\\View\\Middleware\\ShareErrorsFromSession.php(48): Illuminate\\Pipeline\\Pipeline->Illuminate\\Pipeline\\{closure}(Object(Illuminate\\Http\\Request))
#20 E:\\SEMESTER 5\\Pemrograman Framework\\BELAJAR\\Inventory_system\\vendor\\laravel\\framework\\src\\Illuminate\\Pipeline\\Pipeline.php(219): Illuminate\\View\\Middleware\\ShareErrorsFromSession->handle(Object(Illuminate\\Http\\Request), Object(Closure))
#21 E:\\SEMESTER 5\\Pemrograman Framework\\BELAJAR\\Inventory_system\\vendor\\laravel\\framework\\src\\Illuminate\\Session\\Middleware\\StartSession.php(120): Illuminate\\Pipeline\\Pipeline->Illuminate\\Pipeline\\{closure}(Object(Illuminate\\Http\\Request))
#22 E:\\SEMESTER 5\\Pemrograman Framework\\BELAJAR\\Inventory_system\\vendor\\laravel\\framework\\src\\Illuminate\\Session\\Middleware\\StartSession.php(63): Illuminate\\Session\\Middleware\\StartSession->handleStatefulRequest(Object(Illuminate\\Http\\Request), Object(Illuminate\\Session\\Store), Object(Closure))
#23 E:\\SEMESTER 5\\Pemrograman Framework\\BELAJAR\\Inventory_system\\vendor\\laravel\\framework\\src\\Illuminate\\Pipeline\\Pipeline.php(219): Illuminate\\Session\\Middleware\\StartSession->handle(Object(Illuminate\\Http\\Request), Object(Closure))
#24 E:\\SEMESTER 5\\Pemrograman Framework\\BELAJAR\\Inventory_system\\vendor\\laravel\\framework\\src\\Illuminate\\Cookie\\Middleware\\AddQueuedCookiesToResponse.php(36): Illuminate\\Pipeline\\Pipeline->Illuminate\\Pipeline\\{closure}(Object(Illuminate\\Http\\Request))
#25 E:\\SEMESTER 5\\Pemrograman Framework\\BELAJAR\\Inventory_system\\vendor\\laravel\\framework\\src\\Illuminate\\Pipeline\\Pipeline.php(219): Illuminate\\Cookie\\Middleware\\AddQueuedCookiesToResponse->handle(Object(Illuminate\\Http\\Request), Object(Closure))
#26 E:\\SEMESTER 5\\Pemrograman Framework\\BELAJAR\\Inventory_system\\vendor\\laravel\\framework\\src\\Illuminate\\Cookie\\Middleware\\EncryptCookies.php(74): Illuminate\\Pipeline\\Pipeline->Illuminate\\Pipeline\\{closure}(Object(Illuminate\\Http\\Request))
#27 E:\\SEMESTER 5\\Pemrograman Framework\\BELAJAR\\Inventory_system\\vendor\\laravel\\framework\\src\\Illuminate\\Pipeline\\Pipeline.php(219): Illuminate\\Cookie\\Middleware\\EncryptCookies->handle(Object(Illuminate\\Http\\Request), Object(Closure))
#28 E:\\SEMESTER 5\\Pemrograman Framework\\BELAJAR\\Inventory_system\\vendor\\laravel\\framework\\src\\Illuminate\\Pipeline\\Pipeline.php(137): Illuminate\\Pipeline\\Pipeline->Illuminate\\Pipeline\\{closure}(Object(Illuminate\\Http\\Request))
#29 E:\\SEMESTER 5\\Pemrograman Framework\\BELAJAR\\Inventory_system\\vendor\\laravel\\framework\\src\\Illuminate\\Routing\\Router.php(821): Illuminate\\Pipeline\\Pipeline->then(Object(Closure))
#30 E:\\SEMESTER 5\\Pemrograman Framework\\BELAJAR\\Inventory_system\\vendor\\laravel\\framework\\src\\Illuminate\\Routing\\Router.php(800): Illuminate\\Routing\\Router->runRouteWithinStack(Object(Illuminate\\Routing\\Route), Object(Illuminate\\Http\\Request))
#31 E:\\SEMESTER 5\\Pemrograman Framework\\BELAJAR\\Inventory_system\\vendor\\laravel\\framework\\src\\Illuminate\\Routing\\Router.php(764): Illuminate\\Routing\\Router->runRoute(Object(Illuminate\\Http\\Request), Object(Illuminate\\Routing\\Route))
#32 E:\\SEMESTER 5\\Pemrograman Framework\\BELAJAR\\Inventory_system\\vendor\\laravel\\framework\\src\\Illuminate\\Routing\\Router.php(753): Illuminate\\Routing\\Router->dispatchToRoute(Object(Illuminate\\Http\\Request))
#33 E:\\SEMESTER 5\\Pemrograman Framework\\BELAJAR\\Inventory_system\\vendor\\laravel\\framework\\src\\Illuminate\\Foundation\\Http\\Kernel.php(200): Illuminate\\Routing\\Router->dispatch(Object(Illuminate\\Http\\Request))
#34 E:\\SEMESTER 5\\Pemrograman Framework\\BELAJAR\\Inventory_system\\vendor\\laravel\\framework\\src\\Illuminate\\Pipeline\\Pipeline.php(180): Illuminate\\Foundation\\Http\\Kernel->Illuminate\\Foundation\\Http\\{closure}(Object(Illuminate\\Http\\Request))
#35 E:\\SEMESTER 5\\Pemrograman Framework\\BELAJAR\\Inventory_system\\vendor\\laravel\\framework\\src\\Illuminate\\Foundation\\Http\\Middleware\\TransformsRequest.php(21): Illuminate\\Pipeline\\Pipeline->Illuminate\\Pipeline\\{closure}(Object(Illuminate\\Http\\Request))
#36 E:\\SEMESTER 5\\Pemrograman Framework\\BELAJAR\\Inventory_system\\vendor\\laravel\\framework\\src\\Illuminate\\Foundation\\Http\\Middleware\\ConvertEmptyStringsToNull.php(31): Illuminate\\Foundation\\Http\\Middleware\\TransformsRequest->handle(Object(Illuminate\\Http\\Request), Object(Closure))
#37 E:\\SEMESTER 5\\Pemrograman Framework\\BELAJAR\\Inventory_system\\vendor\\laravel\\framework\\src\\Illuminate\\Pipeline\\Pipeline.php(219): Illuminate\\Foundation\\Http\\Middleware\\ConvertEmptyStringsToNull->handle(Object(Illuminate\\Http\\Request), Object(Closure))
#38 E:\\SEMESTER 5\\Pemrograman Framework\\BELAJAR\\Inventory_system\\vendor\\laravel\\framework\\src\\Illuminate\\Foundation\\Http\\Middleware\\TransformsRequest.php(21): Illuminate\\Pipeline\\Pipeline->Illuminate\\Pipeline\\{closure}(Object(Illuminate\\Http\\Request))
#39 E:\\SEMESTER 5\\Pemrograman Framework\\BELAJAR\\Inventory_system\\vendor\\laravel\\framework\\src\\Illuminate\\Foundation\\Http\\Middleware\\TrimStrings.php(51): Illuminate\\Foundation\\Http\\Middleware\\TransformsRequest->handle(Object(Illuminate\\Http\\Request), Object(Closure))
#40 E:\\SEMESTER 5\\Pemrograman Framework\\BELAJAR\\Inventory_system\\vendor\\laravel\\framework\\src\\Illuminate\\Pipeline\\Pipeline.php(219): Illuminate\\Foundation\\Http\\Middleware\\TrimStrings->handle(Object(Illuminate\\Http\\Request), Object(Closure))
#41 E:\\SEMESTER 5\\Pemrograman Framework\\BELAJAR\\Inventory_system\\vendor\\laravel\\framework\\src\\Illuminate\\Http\\Middleware\\ValidatePostSize.php(27): Illuminate\\Pipeline\\Pipeline->Illuminate\\Pipeline\\{closure}(Object(Illuminate\\Http\\Request))
#42 E:\\SEMESTER 5\\Pemrograman Framework\\BELAJAR\\Inventory_system\\vendor\\laravel\\framework\\src\\Illuminate\\Pipeline\\Pipeline.php(219): Illuminate\\Http\\Middleware\\ValidatePostSize->handle(Object(Illuminate\\Http\\Request), Object(Closure))
#43 E:\\SEMESTER 5\\Pemrograman Framework\\BELAJAR\\Inventory_system\\vendor\\laravel\\framework\\src\\Illuminate\\Foundation\\Http\\Middleware\\PreventRequestsDuringMaintenance.php(109): Illuminate\\Pipeline\\Pipeline->Illuminate\\Pipeline\\{closure}(Object(Illuminate\\Http\\Request))
#44 E:\\SEMESTER 5\\Pemrograman Framework\\BELAJAR\\Inventory_system\\vendor\\laravel\\framework\\src\\Illuminate\\Pipeline\\Pipeline.php(219): Illuminate\\Foundation\\Http\\Middleware\\PreventRequestsDuringMaintenance->handle(Object(Illuminate\\Http\\Request), Object(Closure))
#45 E:\\SEMESTER 5\\Pemrograman Framework\\BELAJAR\\Inventory_system\\vendor\\laravel\\framework\\src\\Illuminate\\Http\\Middleware\\HandleCors.php(48): Illuminate\\Pipeline\\Pipeline->Illuminate\\Pipeline\\{closure}(Object(Illuminate\\Http\\Request))
#46 E:\\SEMESTER 5\\Pemrograman Framework\\BELAJAR\\Inventory_system\\vendor\\laravel\\framework\\src\\Illuminate\\Pipeline\\Pipeline.php(219): Illuminate\\Http\\Middleware\\HandleCors->handle(Object(Illuminate\\Http\\Request), Object(Closure))
#47 E:\\SEMESTER 5\\Pemrograman Framework\\BELAJAR\\Inventory_system\\vendor\\laravel\\framework\\src\\Illuminate\\Http\\Middleware\\TrustProxies.php(58): Illuminate\\Pipeline\\Pipeline->Illuminate\\Pipeline\\{closure}(Object(Illuminate\\Http\\Request))
#48 E:\\SEMESTER 5\\Pemrograman Framework\\BELAJAR\\Inventory_system\\vendor\\laravel\\framework\\src\\Illuminate\\Pipeline\\Pipeline.php(219): Illuminate\\Http\\Middleware\\TrustProxies->handle(Object(Illuminate\\Http\\Request), Object(Closure))
#49 E:\\SEMESTER 5\\Pemrograman Framework\\BELAJAR\\Inventory_system\\vendor\\laravel\\framework\\src\\Illuminate\\Foundation\\Http\\Middleware\\InvokeDeferredCallbacks.php(22): Illuminate\\Pipeline\\Pipeline->Illuminate\\Pipeline\\{closure}(Object(Illuminate\\Http\\Request))
#50 E:\\SEMESTER 5\\Pemrograman Framework\\BELAJAR\\Inventory_system\\vendor\\laravel\\framework\\src\\Illuminate\\Pipeline\\Pipeline.php(219): Illuminate\\Foundation\\Http\\Middleware\\InvokeDeferredCallbacks->handle(Object(Illuminate\\Http\\Request), Object(Closure))
#51 E:\\SEMESTER 5\\Pemrograman Framework\\BELAJAR\\Inventory_system\\vendor\\laravel\\framework\\src\\Illuminate\\Http\\Middleware\\ValidatePathEncoding.php(26): Illuminate\\Pipeline\\Pipeline->Illuminate\\Pipeline\\{closure}(Object(Illuminate\\Http\\Request))
#52 E:\\SEMESTER 5\\Pemrograman Framework\\BELAJAR\\Inventory_system\\vendor\\laravel\\framework\\src\\Illuminate\\Pipeline\\Pipeline.php(219): Illuminate\\Http\\Middleware\\ValidatePathEncoding->handle(Object(Illuminate\\Http\\Request), Object(Closure))
#53 E:\\SEMESTER 5\\Pemrograman Framework\\BELAJAR\\Inventory_system\\vendor\\laravel\\framework\\src\\Illuminate\\Pipeline\\Pipeline.php(137): Illuminate\\Pipeline\\Pipeline->Illuminate\\Pipeline\\{closure}(Object(Illuminate\\Http\\Request))
#54 E:\\SEMESTER 5\\Pemrograman Framework\\BELAJAR\\Inventory_system\\vendor\\laravel\\framework\\src\\Illuminate\\Foundation\\Http\\Kernel.php(175): Illuminate\\Pipeline\\Pipeline->then(Object(Closure))
#55 E:\\SEMESTER 5\\Pemrograman Framework\\BELAJAR\\Inventory_system\\vendor\\laravel\\framework\\src\\Illuminate\\Foundation\\Http\\Kernel.php(144): Illuminate\\Foundation\\Http\\Kernel->sendRequestThroughRouter(Object(Illuminate\\Http\\Request))
#56 E:\\SEMESTER 5\\Pemrograman Framework\\BELAJAR\\Inventory_system\\vendor\\laravel\\framework\\src\\Illuminate\\Foundation\\Application.php(1220): Illuminate\\Foundation\\Http\\Kernel->handle(Object(Illuminate\\Http\\Request))
#57 E:\\SEMESTER 5\\Pemrograman Framework\\BELAJAR\\Inventory_system\\public\\index.php(20): Illuminate\\Foundation\\Application->handleRequest(Object(Illuminate\\Http\\Request))
#58 E:\\SEMESTER 5\\Pemrograman Framework\\BELAJAR\\Inventory_system\\vendor\\laravel\\framework\\src\\Illuminate\\Foundation\\resources\\server.php(23): require_once('E:\\\\SEMESTER 5\\\\P...')
#59 {main}

[previous exception] [object] (Picqer\\Barcode\\Exceptions\\BarcodeException(code: 0): Neither gd-lib or imagick are installed! at E:\\SEMESTER 5\\Pemrograman Framework\\BELAJAR\\Inventory_system\\vendor\\picqer\\php-barcode-generator\\src\\Renderers\\PngRenderer.php:30)
[stacktrace]
#0 E:\\SEMESTER 5\\Pemrograman Framework\\BELAJAR\\Inventory_system\\vendor\\picqer\\php-barcode-generator\\src\\BarcodeGeneratorPNG.php(26): Picqer\\Barcode\\Renderers\\PngRenderer->__construct()
#1 E:\\SEMESTER 5\\Pemrograman Framework\\BELAJAR\\Inventory_system\\storage\\framework\\views\\6b6408d7b5501920fd9480cdc421cd41.php(77): Picqer\\Barcode\\BarcodeGeneratorPNG->getBarcode('34', 'C128')
#2 E:\\SEMESTER 5\\Pemrograman Framework\\BELAJAR\\Inventory_system\\vendor\\laravel\\framework\\src\\Illuminate\\Filesystem\\Filesystem.php(123): require('E:\\\\SEMESTER 5\\\\P...')
#3 E:\\SEMESTER 5\\Pemrograman Framework\\BELAJAR\\Inventory_system\\vendor\\laravel\\framework\\src\\Illuminate\\Filesystem\\Filesystem.php(124): Illuminate\\Filesystem\\Filesystem::Illuminate\\Filesystem\\{closure}()
#4 E:\\SEMESTER 5\\Pemrograman Framework\\BELAJAR\\Inventory_system\\vendor\\laravel\\framework\\src\\Illuminate\\View\\Engines\\PhpEngine.php(57): Illuminate\\Filesystem\\Filesystem->getRequire('E:\\\\SEMESTER 5\\\\P...', Array)
#5 E:\\SEMESTER 5\\Pemrograman Framework\\BELAJAR\\Inventory_system\\vendor\\laravel\\framework\\src\\Illuminate\\View\\Engines\\CompilerEngine.php(76): Illuminate\\View\\Engines\\PhpEngine->evaluatePath('E:\\\\SEMESTER 5\\\\P...', Array)
#6 E:\\SEMESTER 5\\Pemrograman Framework\\BELAJAR\\Inventory_system\\vendor\\laravel\\framework\\src\\Illuminate\\View\\View.php(208): Illuminate\\View\\Engines\\CompilerEngine->get('E:\\\\SEMESTER 5\\\\P...', Array)
#7 E:\\SEMESTER 5\\Pemrograman Framework\\BELAJAR\\Inventory_system\\vendor\\laravel\\framework\\src\\Illuminate\\View\\View.php(191): Illuminate\\View\\View->getContents()
#8 E:\\SEMESTER 5\\Pemrograman Framework\\BELAJAR\\Inventory_system\\vendor\\laravel\\framework\\src\\Illuminate\\View\\View.php(160): Illuminate\\View\\View->renderContents()
#9 E:\\SEMESTER 5\\Pemrograman Framework\\BELAJAR\\Inventory_system\\vendor\\laravel\\framework\\src\\Illuminate\\Http\\Response.php(78): Illuminate\\View\\View->render()
#10 E:\\SEMESTER 5\\Pemrograman Framework\\BELAJAR\\Inventory_system\\vendor\\laravel\\framework\\src\\Illuminate\\Http\\Response.php(34): Illuminate\\Http\\Response->setContent(Object(Illuminate\\View\\View))
#11 E:\\SEMESTER 5\\Pemrograman Framework\\BELAJAR\\Inventory_system\\vendor\\laravel\\framework\\src\\Illuminate\\Routing\\Router.php(939): Illuminate\\Http\\Response->__construct(Object(Illuminate\\View\\View), 200, Array)
#12 E:\\SEMESTER 5\\Pemrograman Framework\\BELAJAR\\Inventory_system\\vendor\\laravel\\framework\\src\\Illuminate\\Routing\\Router.php(906): Illuminate\\Routing\\Router::toResponse(Object(Illuminate\\Http\\Request), Object(Illuminate\\View\\View))
#13 E:\\SEMESTER 5\\Pemrograman Framework\\BELAJAR\\Inventory_system\\vendor\\laravel\\framework\\src\\Illuminate\\Routing\\Router.php(821): Illuminate\\Routing\\Router->prepareResponse(Object(Illuminate\\Http\\Request), Object(Illuminate\\View\\View))
#14 E:\\SEMESTER 5\\Pemrograman Framework\\BELAJAR\\Inventory_system\\vendor\\laravel\\framework\\src\\Illuminate\\Pipeline\\Pipeline.php(180): Illuminate\\Routing\\Router->Illuminate\\Routing\\{closure}(Object(Illuminate\\Http\\Request))
#15 E:\\SEMESTER 5\\Pemrograman Framework\\BELAJAR\\Inventory_system\\app\\Http\\Middleware\\RoleMiddleware.php(24): Illuminate\\Pipeline\\Pipeline->Illuminate\\Pipeline\\{closure}(Object(Illuminate\\Http\\Request))
#16 E:\\SEMESTER 5\\Pemrograman Framework\\BELAJAR\\Inventory_system\\vendor\\laravel\\framework\\src\\Illuminate\\Pipeline\\Pipeline.php(219): App\\Http\\Middleware\\RoleMiddleware->handle(Object(Illuminate\\Http\\Request), Object(Closure), 'admin|gudang')
#17 E:\\SEMESTER 5\\Pemrograman Framework\\BELAJAR\\Inventory_system\\vendor\\laravel\\framework\\src\\Illuminate\\Routing\\Middleware\\SubstituteBindings.php(50): Illuminate\\Pipeline\\Pipeline->Illuminate\\Pipeline\\{closure}(Object(Illuminate\\Http\\Request))
#18 E:\\SEMESTER 5\\Pemrograman Framework\\BELAJAR\\Inventory_system\\vendor\\laravel\\framework\\src\\Illuminate\\Pipeline\\Pipeline.php(219): Illuminate\\Routing\\Middleware\\SubstituteBindings->handle(Object(Illuminate\\Http\\Request), Object(Closure))
#19 E:\\SEMESTER 5\\Pemrograman Framework\\BELAJAR\\Inventory_system\\vendor\\laravel\\framework\\src\\Illuminate\\Auth\\Middleware\\Authenticate.php(63): Illuminate\\Pipeline\\Pipeline->Illuminate\\Pipeline\\{closure}(Object(Illuminate\\Http\\Request))
#20 E:\\SEMESTER 5\\Pemrograman Framework\\BELAJAR\\Inventory_system\\vendor\\laravel\\framework\\src\\Illuminate\\Pipeline\\Pipeline.php(219): Illuminate\\Auth\\Middleware\\Authenticate->handle(Object(Illuminate\\Http\\Request), Object(Closure))
#21 E:\\SEMESTER 5\\Pemrograman Framework\\BELAJAR\\Inventory_system\\vendor\\laravel\\framework\\src\\Illuminate\\Foundation\\Http\\Middleware\\VerifyCsrfToken.php(87): Illuminate\\Pipeline\\Pipeline->Illuminate\\Pipeline\\{closure}(Object(Illuminate\\Http\\Request))
#22 E:\\SEMESTER 5\\Pemrograman Framework\\BELAJAR\\Inventory_system\\vendor\\laravel\\framework\\src\\Illuminate\\Pipeline\\Pipeline.php(219): Illuminate\\Foundation\\Http\\Middleware\\VerifyCsrfToken->handle(Object(Illuminate\\Http\\Request), Object(Closure))
#23 E:\\SEMESTER 5\\Pemrograman Framework\\BELAJAR\\Inventory_system\\vendor\\laravel\\framework\\src\\Illuminate\\View\\Middleware\\ShareErrorsFromSession.php(48): Illuminate\\Pipeline\\Pipeline->Illuminate\\Pipeline\\{closure}(Object(Illuminate\\Http\\Request))
#24 E:\\SEMESTER 5\\Pemrograman Framework\\BELAJAR\\Inventory_system\\vendor\\laravel\\framework\\src\\Illuminate\\Pipeline\\Pipeline.php(219): Illuminate\\View\\Middleware\\ShareErrorsFromSession->handle(Object(Illuminate\\Http\\Request), Object(Closure))
#25 E:\\SEMESTER 5\\Pemrograman Framework\\BELAJAR\\Inventory_system\\vendor\\laravel\\framework\\src\\Illuminate\\Session\\Middleware\\StartSession.php(120): Illuminate\\Pipeline\\Pipeline->Illuminate\\Pipeline\\{closure}(Object(Illuminate\\Http\\Request))
#26 E:\\SEMESTER 5\\Pemrograman Framework\\BELAJAR\\Inventory_system\\vendor\\laravel\\framework\\src\\Illuminate\\Session\\Middleware\\StartSession.php(63): Illuminate\\Session\\Middleware\\StartSession->handleStatefulRequest(Object(Illuminate\\Http\\Request), Object(Illuminate\\Session\\Store), Object(Closure))
#27 E:\\SEMESTER 5\\Pemrograman Framework\\BELAJAR\\Inventory_system\\vendor\\laravel\\framework\\src\\Illuminate\\Pipeline\\Pipeline.php(219): Illuminate\\Session\\Middleware\\StartSession->handle(Object(Illuminate\\Http\\Request), Object(Closure))
#28 E:\\SEMESTER 5\\Pemrograman Framework\\BELAJAR\\Inventory_system\\vendor\\laravel\\framework\\src\\Illuminate\\Cookie\\Middleware\\AddQueuedCookiesToResponse.php(36): Illuminate\\Pipeline\\Pipeline->Illuminate\\Pipeline\\{closure}(Object(Illuminate\\Http\\Request))
#29 E:\\SEMESTER 5\\Pemrograman Framework\\BELAJAR\\Inventory_system\\vendor\\laravel\\framework\\src\\Illuminate\\Pipeline\\Pipeline.php(219): Illuminate\\Cookie\\Middleware\\AddQueuedCookiesToResponse->handle(Object(Illuminate\\Http\\Request), Object(Closure))
#30 E:\\SEMESTER 5\\Pemrograman Framework\\BELAJAR\\Inventory_system\\vendor\\laravel\\framework\\src\\Illuminate\\Cookie\\Middleware\\EncryptCookies.php(74): Illuminate\\Pipeline\\Pipeline->Illuminate\\Pipeline\\{closure}(Object(Illuminate\\Http\\Request))
#31 E:\\SEMESTER 5\\Pemrograman Framework\\BELAJAR\\Inventory_system\\vendor\\laravel\\framework\\src\\Illuminate\\Pipeline\\Pipeline.php(219): Illuminate\\Cookie\\Middleware\\EncryptCookies->handle(Object(Illuminate\\Http\\Request), Object(Closure))
#32 E:\\SEMESTER 5\\Pemrograman Framework\\BELAJAR\\Inventory_system\\vendor\\laravel\\framework\\src\\Illuminate\\Pipeline\\Pipeline.php(137): Illuminate\\Pipeline\\Pipeline->Illuminate\\Pipeline\\{closure}(Object(Illuminate\\Http\\Request))
#33 E:\\SEMESTER 5\\Pemrograman Framework\\BELAJAR\\Inventory_system\\vendor\\laravel\\framework\\src\\Illuminate\\Routing\\Router.php(821): Illuminate\\Pipeline\\Pipeline->then(Object(Closure))
#34 E:\\SEMESTER 5\\Pemrograman Framework\\BELAJAR\\Inventory_system\\vendor\\laravel\\framework\\src\\Illuminate\\Routing\\Router.php(800): Illuminate\\Routing\\Router->runRouteWithinStack(Object(Illuminate\\Routing\\Route), Object(Illuminate\\Http\\Request))
#35 E:\\SEMESTER 5\\Pemrograman Framework\\BELAJAR\\Inventory_system\\vendor\\laravel\\framework\\src\\Illuminate\\Routing\\Router.php(764): Illuminate\\Routing\\Router->runRoute(Object(Illuminate\\Http\\Request), Object(Illuminate\\Routing\\Route))
#36 E:\\SEMESTER 5\\Pemrograman Framework\\BELAJAR\\Inventory_system\\vendor\\laravel\\framework\\src\\Illuminate\\Routing\\Router.php(753): Illuminate\\Routing\\Router->dispatchToRoute(Object(Illuminate\\Http\\Request))
#37 E:\\SEMESTER 5\\Pemrograman Framework\\BELAJAR\\Inventory_system\\vendor\\laravel\\framework\\src\\Illuminate\\Foundation\\Http\\Kernel.php(200): Illuminate\\Routing\\Router->dispatch(Object(Illuminate\\Http\\Request))
#38 E:\\SEMESTER 5\\Pemrograman Framework\\BELAJAR\\Inventory_system\\vendor\\laravel\\framework\\src\\Illuminate\\Pipeline\\Pipeline.php(180): Illuminate\\Foundation\\Http\\Kernel->Illuminate\\Foundation\\Http\\{closure}(Object(Illuminate\\Http\\Request))
#39 E:\\SEMESTER 5\\Pemrograman Framework\\BELAJAR\\Inventory_system\\vendor\\laravel\\framework\\src\\Illuminate\\Foundation\\Http\\Middleware\\TransformsRequest.php(21): Illuminate\\Pipeline\\Pipeline->Illuminate\\Pipeline\\{closure}(Object(Illuminate\\Http\\Request))
#40 E:\\SEMESTER 5\\Pemrograman Framework\\BELAJAR\\Inventory_system\\vendor\\laravel\\framework\\src\\Illuminate\\Foundation\\Http\\Middleware\\ConvertEmptyStringsToNull.php(31): Illuminate\\Foundation\\Http\\Middleware\\TransformsRequest->handle(Object(Illuminate\\Http\\Request), Object(Closure))
#41 E:\\SEMESTER 5\\Pemrograman Framework\\BELAJAR\\Inventory_system\\vendor\\laravel\\framework\\src\\Illuminate\\Pipeline\\Pipeline.php(219): Illuminate\\Foundation\\Http\\Middleware\\ConvertEmptyStringsToNull->handle(Object(Illuminate\\Http\\Request), Object(Closure))
#42 E:\\SEMESTER 5\\Pemrograman Framework\\BELAJAR\\Inventory_system\\vendor\\laravel\\framework\\src\\Illuminate\\Foundation\\Http\\Middleware\\TransformsRequest.php(21): Illuminate\\Pipeline\\Pipeline->Illuminate\\Pipeline\\{closure}(Object(Illuminate\\Http\\Request))
#43 E:\\SEMESTER 5\\Pemrograman Framework\\BELAJAR\\Inventory_system\\vendor\\laravel\\framework\\src\\Illuminate\\Foundation\\Http\\Middleware\\TrimStrings.php(51): Illuminate\\Foundation\\Http\\Middleware\\TransformsRequest->handle(Object(Illuminate\\Http\\Request), Object(Closure))
#44 E:\\SEMESTER 5\\Pemrograman Framework\\BELAJAR\\Inventory_system\\vendor\\laravel\\framework\\src\\Illuminate\\Pipeline\\Pipeline.php(219): Illuminate\\Foundation\\Http\\Middleware\\TrimStrings->handle(Object(Illuminate\\Http\\Request), Object(Closure))
#45 E:\\SEMESTER 5\\Pemrograman Framework\\BELAJAR\\Inventory_system\\vendor\\laravel\\framework\\src\\Illuminate\\Http\\Middleware\\ValidatePostSize.php(27): Illuminate\\Pipeline\\Pipeline->Illuminate\\Pipeline\\{closure}(Object(Illuminate\\Http\\Request))
#46 E:\\SEMESTER 5\\Pemrograman Framework\\BELAJAR\\Inventory_system\\vendor\\laravel\\framework\\src\\Illuminate\\Pipeline\\Pipeline.php(219): Illuminate\\Http\\Middleware\\ValidatePostSize->handle(Object(Illuminate\\Http\\Request), Object(Closure))
#47 E:\\SEMESTER 5\\Pemrograman Framework\\BELAJAR\\Inventory_system\\vendor\\laravel\\framework\\src\\Illuminate\\Foundation\\Http\\Middleware\\PreventRequestsDuringMaintenance.php(109): Illuminate\\Pipeline\\Pipeline->Illuminate\\Pipeline\\{closure}(Object(Illuminate\\Http\\Request))
#48 E:\\SEMESTER 5\\Pemrograman Framework\\BELAJAR\\Inventory_system\\vendor\\laravel\\framework\\src\\Illuminate\\Pipeline\\Pipeline.php(219): Illuminate\\Foundation\\Http\\Middleware\\PreventRequestsDuringMaintenance->handle(Object(Illuminate\\Http\\Request), Object(Closure))
#49 E:\\SEMESTER 5\\Pemrograman Framework\\BELAJAR\\Inventory_system\\vendor\\laravel\\framework\\src\\Illuminate\\Http\\Middleware\\HandleCors.php(48): Illuminate\\Pipeline\\Pipeline->Illuminate\\Pipeline\\{closure}(Object(Illuminate\\Http\\Request))
#50 E:\\SEMESTER 5\\Pemrograman Framework\\BELAJAR\\Inventory_system\\vendor\\laravel\\framework\\src\\Illuminate\\Pipeline\\Pipeline.php(219): Illuminate\\Http\\Middleware\\HandleCors->handle(Object(Illuminate\\Http\\Request), Object(Closure))
#51 E:\\SEMESTER 5\\Pemrograman Framework\\BELAJAR\\Inventory_system\\vendor\\laravel\\framework\\src\\Illuminate\\Http\\Middleware\\TrustProxies.php(58): Illuminate\\Pipeline\\Pipeline->Illuminate\\Pipeline\\{closure}(Object(Illuminate\\Http\\Request))
#52 E:\\SEMESTER 5\\Pemrograman Framework\\BELAJAR\\Inventory_system\\vendor\\laravel\\framework\\src\\Illuminate\\Pipeline\\Pipeline.php(219): Illuminate\\Http\\Middleware\\TrustProxies->handle(Object(Illuminate\\Http\\Request), Object(Closure))
#53 E:\\SEMESTER 5\\Pemrograman Framework\\BELAJAR\\Inventory_system\\vendor\\laravel\\framework\\src\\Illuminate\\Foundation\\Http\\Middleware\\InvokeDeferredCallbacks.php(22): Illuminate\\Pipeline\\Pipeline->Illuminate\\Pipeline\\{closure}(Object(Illuminate\\Http\\Request))
#54 E:\\SEMESTER 5\\Pemrograman Framework\\BELAJAR\\Inventory_system\\vendor\\laravel\\framework\\src\\Illuminate\\Pipeline\\Pipeline.php(219): Illuminate\\Foundation\\Http\\Middleware\\InvokeDeferredCallbacks->handle(Object(Illuminate\\Http\\Request), Object(Closure))
#55 E:\\SEMESTER 5\\Pemrograman Framework\\BELAJAR\\Inventory_system\\vendor\\laravel\\framework\\src\\Illuminate\\Http\\Middleware\\ValidatePathEncoding.php(26): Illuminate\\Pipeline\\Pipeline->Illuminate\\Pipeline\\{closure}(Object(Illuminate\\Http\\Request))
#56 E:\\SEMESTER 5\\Pemrograman Framework\\BELAJAR\\Inventory_system\\vendor\\laravel\\framework\\src\\Illuminate\\Pipeline\\Pipeline.php(219): Illuminate\\Http\\Middleware\\ValidatePathEncoding->handle(Object(Illuminate\\Http\\Request), Object(Closure))
#57 E:\\SEMESTER 5\\Pemrograman Framework\\BELAJAR\\Inventory_system\\vendor\\laravel\\framework\\src\\Illuminate\\Pipeline\\Pipeline.php(137): Illuminate\\Pipeline\\Pipeline->Illuminate\\Pipeline\\{closure}(Object(Illuminate\\Http\\Request))
#58 E:\\SEMESTER 5\\Pemrograman Framework\\BELAJAR\\Inventory_system\\vendor\\laravel\\framework\\src\\Illuminate\\Foundation\\Http\\Kernel.php(175): Illuminate\\Pipeline\\Pipeline->then(Object(Closure))
#59 E:\\SEMESTER 5\\Pemrograman Framework\\BELAJAR\\Inventory_system\\vendor\\laravel\\framework\\src\\Illuminate\\Foundation\\Http\\Kernel.php(144): Illuminate\\Foundation\\Http\\Kernel->sendRequestThroughRouter(Object(Illuminate\\Http\\Request))
#60 E:\\SEMESTER 5\\Pemrograman Framework\\BELAJAR\\Inventory_system\\vendor\\laravel\\framework\\src\\Illuminate\\Foundation\\Application.php(1220): Illuminate\\Foundation\\Http\\Kernel->handle(Object(Illuminate\\Http\\Request))
#61 E:\\SEMESTER 5\\Pemrograman Framework\\BELAJAR\\Inventory_system\\public\\index.php(20): Illuminate\\Foundation\\Application->handleRequest(Object(Illuminate\\Http\\Request))
#62 E:\\SEMESTER 5\\Pemrograman Framework\\BELAJAR\\Inventory_system\\vendor\\laravel\\framework\\src\\Illuminate\\Foundation\\resources\\server.php(23): require_once('E:\\\\SEMESTER 5\\\\P...')
#63 {main}
"} 
